system,model,question_id,question,question_type,difficulty,expected_answer,gold_documents,gold_chunk_ids,answer,evidence_chunk_ids,evidence_texts,n_evidence,answer_words,has_citations,looks_like_refusal,latency_seconds,error
S0_llm_only,nvidia/nvidia-nemotron-nano-9b-v2,V2Q001,"A Student Route visa holder spends an intercalated year at another UK university. What evidence must they give Liverpool, and by when?",paraphrased,medium,They must provide evidence that they have registered at the other UK higher education institution within 10 working days of completing that registration. Failure to provide it can lead to Liverpool withdrawing sponsorship.,Policy on UKVI Compliance — Student Route,UOL_UKVI_complience.pdf_p11_c2,"

A Student Route visa holder moving to another UK university for an intercalated year would typically need to provide **evidence of a confirmed offer or acceptance from the new university** (e.g., an offer letter or confirmation of enrollment). They may also need to demonstrate continued compliance with their Student Route visa conditions, such as proof of sufficient funds or valid visa status. 

The **deadline** for submitting this evidence to the University of Liverpool would likely be **before the start of the new academic term** at the new institution. However, the exact date and specific requirements (e.g., additional documents) should be confirmed directly with the **University of Liverpool’s International Office** or Student Visa Support team, as policies can vary. 

If you are unsure, it is critical to seek clarification from the university to avoid any risk to your visa status.
",,,0,139,False,False,16.820662899990566,
S0_llm_only,nvidia/nvidia-nemotron-nano-9b-v2,V2Q002,"How should students or staff raise concerns about harassment, bullying, discrimination or victimisation?",paraphrased,medium,"They should bring the incident to an appropriate person such as their line manager, Head of Department, HR Business Partner or programme leader. They can also use the University's Report and Support service, either named or anonymously, for reporting and guidance.","University of Liverpool Diversity, Equality and Opportunity Policy",UOL_diversity-equality-opportunity-policy.pdf_p5_c3,"

Students or staff should contact the **Student Support and Wellbeing team** or the **Equality and Diversity office** at the University of Liverpool to raise concerns about harassment, bullying, discrimination, or victimisation. They can also approach a trusted staff member, union representative, or use the university’s online reporting system (if available). If unsure, they may seek guidance from a designated staff member. Always ensure the process aligns with the university’s official policies, which can be found on their website.
",,,0,78,False,False,9.055911600007676,
S0_llm_only,nvidia/nvidia-nemotron-nano-9b-v2,V2Q003,What should a student do before submitting a claim if personal circumstances may be affecting their academic work?,procedural,medium,"They should seek advice from an Academic Adviser or an appropriate support service, such as Wellbeing Advice and Guidance, Disability Advice and Guidance, or a Student Support Team, so they can discuss the circumstances and obtain guidance before submitting the claim.",University of Liverpool Undergraduate Handbook,UOL_undergraduate_handbook.pdf_p35_c3,"

The student should contact their school or department and discuss their situation with an academic advisor or support staff before submitting a claim. This allows them to receive appropriate guidance and support tailored to their specific circumstances. 

If you are unsure about the exact process at the University of Liverpool, I recommend reaching out to the university's student support services for precise instructions.
",,,0,63,False,False,12.324188999948092,
S0_llm_only,nvidia/nvidia-nemotron-nano-9b-v2,V2Q004,What changed in the 2025–26 academic-integrity categories and treatment of self-plagiarism and personal extenuating circumstances?,paraphrased,medium,"The categories were reduced from five to four and relabelled Category 1 to Category 4, with the former minor-error category removed. Self-plagiarism/re-use of work was added as an offence. Personal Extenuating Circumstances do not excuse academic misconduct, although accepted circumstances may mitigate penalties for Category 2–4 offences.",University of Liverpool Code of Practice on Assessment and Appendices 2025-26 — Summary of Changes,"UOL_Code,of,Practice,on,Assessment,and,Appendices,2025-26,Summary,of,Changes.pdf_p3_c4","

I don’t have specific information about changes to the 2025–26 academic integrity categories, self-plagiarism policies, or treatment of personal extenuating circumstances at the University of Liverpool. Policies can evolve, but any updates would typically be communicated through official university channels (e.g., the Student Union, academic integrity guidelines, or direct student communications). 

For the most accurate and up-to-date details, I recommend checking the university’s official website or contacting the Student Support team directly.
",,,0,72,False,True,8.073416600003839,
S0_llm_only,nvidia/nvidia-nemotron-nano-9b-v2,V2Q005,"If jury service would seriously disrupt a student's studies, the University offers no help with the court summons. Is that correct?",adversarial_false_premise,hard,"No. The handbook indicates that Student Life/the Director of Student Life may write to HM Courts Service, enclosing the summons and explaining the detrimental disruption jury service could cause to the student's studies.",University of Liverpool Undergraduate Handbook,UOL_undergraduate_handbook.pdf_p38_c3,"

I'm not certain about the specific policy of the University of Liverpool regarding jury service disruptions. Policies can vary, and it's possible the university may offer some form of support or guidance in such cases. I recommend contacting the university's student support services directly for accurate and up-to-date information.
",,,0,49,False,False,5.116874600062147,
S0_llm_only,nvidia/nvidia-nemotron-nano-9b-v2,V2Q006,What participation is expected from students involved in a student-conduct investigation?,factual,easy,"Students are expected to engage fully, including attending investigation meetings, agreeing meeting notes or statements, and attending University Disciplinary Panels when required. Reasonable adjustments will be considered where needed.",Student Conduct Procedures — Appendix A,UOL_student_conduct1.pdf_p12_c3,"

I'm not certain about the specific expectations for student participation in a student-conduct investigation at the University of Liverpool, as this would depend on the university's official policies and procedures. For accurate and detailed information, I recommend consulting the university's student conduct guidelines or contacting their student support services directly.
",,,0,50,False,False,8.140809100004844,
S0_llm_only,nvidia/nvidia-nemotron-nano-9b-v2,V2Q007,When can a student be escalated to Stage Two under the Attendance Policy?,factual,easy,A student is escalated to Stage Two when their absence reaches eight consecutive unauthorised missed contact points.,"Student Attendance Policy — Revised July 2025, Version 1.3","UOL_StudentAttendancePolicy-REVISEDJUL2025,v1.3.pdf_p7_c1","

I’m not certain about the specific criteria for escalation to Stage Two under the University of Liverpool’s Attendance Policy. Policies can vary, and I don’t have access to the exact details of this policy. I recommend checking the official Attendance Policy document or contacting the Student Support Services team for precise information.
",,,0,52,False,True,6.701598100014962,
S0_llm_only,nvidia/nvidia-nemotron-nano-9b-v2,V2Q008,What happens after a student is notified that programme-fee payments remain outstanding under the 2026–27 Payment Policy?,procedural,medium,"The University gives the student five working days' written notice to settle the outstanding balance. If it is not paid within that period, the University may apply the academic sanctions described in the policy. Students on sanctions are encouraged to contact Student Fees and Funding promptly.",University of Liverpool Payment Policy 2026-27,"UOL_payment_policy_2026,2027.pdf_p7_c3","

After a student is notified that programme-fee payments remain outstanding under the 2026–27 Payment Policy, the university typically expects the student to settle the outstanding amount as soon as possible. If the payment is not made by the specified deadline, the university may take further actions, such as suspending the student’s enrollment, applying additional administrative fees, or escalating the matter to a collections process. However, the exact consequences depend on the specific terms outlined in the 2026–27 Payment Policy. For precise details, the student should contact the University of Liverpool’s Student Finance or relevant administrative office directly.
",,,0,97,False,False,8.584903300041333,
S0_llm_only,nvidia/nvidia-nemotron-nano-9b-v2,V2Q009,How long does a responding student normally have to reply after receiving the investigation report and allegations before Chair's Action?,paraphrased,medium,"They normally have seven working days to say whether they admit or deny the alleged breaches, unless a valid reason is accepted for extra time. If they do not respond, Chair's Action may proceed without their involvement.",Student Conduct Procedures — Appendix A,UOL_student_conduct1.pdf_p15_c4,"

I'm not certain of the exact timeframe for the University of Liverpool's specific policy regarding the responding student's reply period after receiving the investigation report and allegations. University procedures can vary, and it's best to consult the official student conduct guidelines or contact the Student Support Office for precise details.
",,,0,50,False,True,8.67456840001978,
S0_llm_only,nvidia/nvidia-nemotron-nano-9b-v2,V2Q010,"What kinds of circumstances can the Attendance Policy treat as an authorised absence, subject to School approval?",paraphrased,medium,"Examples include medical appointments, caring responsibilities, bereavement or compassionate grounds, unforeseen emergencies, unavoidable events such as transport strikes, immigration appointments, career-related appointments, employment-related absence, religious observance, volunteering, jury service and certain military activities.","Student Attendance Policy — Revised July 2025, Version 1.3","UOL_StudentAttendancePolicy-REVISEDJUL2025,v1.3.pdf_p5_c4","

I’m not certain about the specific circumstances outlined in the University of Liverpool’s Attendance Policy, as policies can vary by school or department. For the most accurate and up-to-date information, I recommend checking the official Attendance Policy document or contacting your school’s administration directly. They can provide details on what absences require approval and under what conditions.
",,,0,57,False,True,8.063293599989265,
S0_llm_only,nvidia/nvidia-nemotron-nano-9b-v2,V2Q011,Appeal papers for a University disciplinary appeal can be provided on the day of the hearing. Is that correct?,adversarial_false_premise,hard,No. The appeal documentation must be provided to all parties no less than five working days before the hearing.,Student Conduct Procedures — Appendix A,UOL_student_conduct1.pdf_p28_c1,"

I'm not certain about the specific policy at the University of Liverpool regarding submitting appeal papers on the day of the hearing. It’s important to confirm this directly with the University’s Student Services or the relevant disciplinary office, as procedures can vary. I recommend checking their official guidelines or contacting them for accurate information.
",,,0,54,False,True,7.502668100059964,
S0_llm_only,nvidia/nvidia-nemotron-nano-9b-v2,V2Q012,"All postgraduate award credit must always be at level 7, with no level 6 credit permitted. Is that correct?",adversarial_false_premise,hard,"No. The handbook indicates that some postgraduate award structures may include a limited amount of level 6 credit alongside level 7 credit, subject to the requirements of the particular award.",University of Liverpool Postgraduate Handbook,UOL_postgraduate_handbook.pdf_p23_c2,"

The requirement that all postgraduate award credit must be at level 7 with no level 6 credit permitted is not a universally fixed rule across all postgraduate programs. While many master’s-level awards (level 7) are standard, some programs or modules may include level 6 (postgraduate certificate/diploma) credit depending on the specific award structure. The University of Liverpool’s policies may vary by program, so it’s best to confirm with your department or the awarding body for exact requirements. I cannot confirm this as an absolute rule without specific institutional guidance.
",,,0,89,False,True,8.028457699925639,
S0_llm_only,nvidia/nvidia-nemotron-nano-9b-v2,V2Q013,What are examples of serious sanctions that a University Disciplinary Panel may impose?,factual,easy,"Examples include termination of studies, potentially with conditions about an exit award or future re-registration; restrictions relating to academic references; and consequences for University accommodation following suspension or termination. Any other sanction must be proportionate and relevant to the breach.",Student Conduct Breaches and Indicative Sanctions — Appendix B,UOL_student_conduct2.pdf_p4_c1,"

The University of Liverpool's disciplinary panel may impose serious sanctions such as **expulsion** (permanent removal from the university) or **suspension** (temporary or conditional removal, e.g., until certain requirements are met). Other potential serious sanctions could include mandatory counseling, community service, or a formal reprimand with long-term consequences. However, the exact sanctions depend on the severity of the offense and the specific circumstances of the case. 

If you need precise details about the University of",,,0,74,False,False,15.589382499922067,
S0_llm_only,nvidia/nvidia-nemotron-nano-9b-v2,V2Q014,Can a full-time student normally claim extenuating circumstances because employment interfered with study or a resit?,factual,easy,"No. Full-time students are not normally eligible to claim extenuating circumstances for employment, including employment affecting resit examinations during vacation periods. Part-time students may need written employer evidence when unexpected work duties prevent study or assessment attendance.",University of Liverpool Extenuating Circumstances Policy,UOL_extenuating_circumstances_policy.pdf_p10_c4,"

The University of Liverpool's policy on extenuating circumstances typically requires that the situation be exceptional, unforeseen, and beyond the student's control. Employment interference alone is generally not considered an extenuating circumstance unless it involves extraordinary circumstances (e.g., sudden loss of employment due to unforeseen events). Students should consult the university's Student Support or Examinations Office for specific guidance, as policies may vary and require documentation to support the claim.
",,,0,69,False,True,7.870083499932662,
S0_llm_only,nvidia/nvidia-nemotron-nano-9b-v2,V2Q015,"If a student stops attending without completing the formal withdrawal or suspension process, their registration and fee liability automatically stop. Is that correct?",adversarial_false_premise,hard,No. The handbook warns that failing to complete the proper withdrawal or suspension process can leave registration active and programme-fee liability continuing to accrue.,University of Liverpool Postgraduate Handbook,UOL_postgraduate_handbook.pdf_p33_c5,"

The University of Liverpool's specific policies on this matter would need to be confirmed directly with the university's Student Support or Registrar's Office. While many institutions require formal withdrawal or suspension processes to terminate registration and fee liability, I cannot confirm this definitively without explicit policy details. It is advisable to consult official university resources or contact support services for accurate guidance.
",,,0,62,False,True,6.881884100032039,
S0_llm_only,nvidia/nvidia-nemotron-nano-9b-v2,V2Q016,"Whose attendance requirements take priority if a professional body, sponsor or degree-apprenticeship provider sets stricter requirements than the University's minimum?",factual,easy,"The stricter requirements of the professional or statutory regulatory body, sponsor, or degree-apprenticeship provider take priority.","Student Attendance Policy — Revised July 2025, Version 1.3","UOL_StudentAttendancePolicy-REVISEDJUL2025,v1.3.pdf_p2_c3","

The University of Liverpool's attendance requirements are generally the minimum standards set by the institution. However, if a professional body, sponsor, or degree-apprenticeship provider imposes stricter attendance requirements, **those external requirements would typically take priority** for the student to meet, as they may be necessary to fulfill external obligations (e.g., accreditation, sponsorship agreements, or professional standards). 

**Important:** This is a general principle, and specific cases may vary. I am not certain about the exact policy at the University of Liverpool, so I recommend confirming with your program office, sponsor, or the University’s Student Support team for definitive guidance.
",,,0,98,False,False,8.096864800085314,
S0_llm_only,nvidia/nvidia-nemotron-nano-9b-v2,V2Q017,What sanctions may follow a Category 2 student-conduct breach?,procedural,medium,"Category 2 breaches may attract Category 1 sanctions plus measures such as a final written warning, mandatory training or a workshop, restorative action, restrictions on contacting a complainant, or restrictions on representing the University. Sanctions should be relevant and proportionate.",Student Conduct Breaches and Indicative Sanctions — Appendix B,UOL_student_conduct2.pdf_p3_c1,"

I'm not certain about the specific sanctions for a Category 2 student-conduct breach at the University of Liverpool, as this would depend on the exact nature of the breach and the university's current policies. For precise details, I recommend consulting the official Student Conduct Policy or contacting the Student Support Office directly. They can provide accurate, up-to-date information tailored to your situation.
",,,0,62,False,False,8.879697500029579,
S0_llm_only,nvidia/nvidia-nemotron-nano-9b-v2,V2Q018,Where should a taught student submit a formal complaint about an academic matter if informal resolution is not suitable?,paraphrased,medium,"A taught student should submit it to the relevant Dean of School or Institute, or equivalent, via the relevant School or Institute Manager. The School Support Office can advise who the appropriate recipient is.",Student Complaints Policy and Procedure,"UOL_Student,Complaints,Policy,and,Procedure.pdf_p12_c2","

If informal resolution is not suitable, a taught student at the University of Liverpool should formally submit a complaint through the **Student's Union (USU)** or directly to the **Student Experience and Support team**. These bodies handle formal academic complaints and can guide the student through the appropriate process. 

If you are unsure, I recommend contacting the **Student Experience and Support team** (email: studentsupport@liverpool.ac.uk or via their website) for precise guidance, as procedures may vary depending on the nature of the complaint.
",,,0,81,False,False,12.711105199996382,
S0_llm_only,nvidia/nvidia-nemotron-nano-9b-v2,V2Q019,A student needs both an available campus computer and specialist help finding and referencing academic sources. Which University services should they use?,reasoning,hard,They can use the PC Finder tool to locate an available computer and contact a Liaison Librarian for help finding information and guidance on referencing sources.,University of Liverpool Postgraduate Handbook,UOL_postgraduate_handbook.pdf_p16_c8,"

The student should use **IT Services** to access available campus computers (e.g., through their computer labs or booking systems) and the **University Library Service** for specialist help with finding and referencing academic sources (e.g., via librarians, reference management tools, or workshops). 

If the Library Service does not cover specific referencing needs, the student could also contact **Academic Support Services** for additional guidance.
",,,0,62,False,False,11.622173200012185,
S0_llm_only,nvidia/nvidia-nemotron-nano-9b-v2,V2Q020,"If accepted extenuating circumstances lead to a permitted reassessment, how many re-sits or re-takes are normally allowed for each affected assessment?",paraphrased,medium,"The policy states that the student is permitted one re-sit or re-take of each examination or assessment judged to have been affected, where the Board of Examiners has offered that option.",University of Liverpool Extenuating Circumstances Policy,UOL_extenuating_circumstances_policy.pdf_p15_c3,"

The number of re-sits or re-takes allowed after a permitted reassessment due to extenuating circumstances can vary depending on the specific circumstances, the course regulations, and the assessment type. While many universities typically allow **one re-sit** in such cases, the University of Liverpool’s exact policy may differ. 

**Answer:** I am not certain of the exact number for the University of Liverpool, as policies can vary by course or department. It is advisable to check with your academic advisor or the relevant department for precise details.
",,,0,85,False,False,8.755032400018536,
S0_llm_only,nvidia/nvidia-nemotron-nano-9b-v2,V2Q021,What can the University do to protect its Student sponsor licence if a Student Route student's circumstances make continued sponsorship inappropriate?,factual,easy,"The University may administratively interrupt or withdraw the student from their programme, report the change to UKVI, and withdraw sponsorship. The student may then need to leave the UK and obtain a new CAS and Student Route visa before resuming study.",Policy on UKVI Compliance — Student Route,UOL_UKVI_complience.pdf_p13_c6,"

The University of Liverpool can protect its Student Sponsor Licence by ensuring compliance with Home Office regulations. If a Student Route student's circumstances make continued sponsorship inappropriate (e.g., visa violations, financial non-compliance), the University should **terminate the sponsorship arrangement for that student** following the correct procedures outlined in the Sponsor Code. This may involve formally withdrawing the student from the licence to avoid non-compliance risks. The University should also review its internal processes to address such situations proactively. If unsure about specific steps, consulting the Home Office or the University’s Sponsorship Office is advisable.
",,,0,94,False,False,13.7122552000219,
S0_llm_only,nvidia/nvidia-nemotron-nano-9b-v2,V2Q022,What protections and responsibilities apply to a student who makes a complaint in good faith?,paraphrased,medium,"The student should be treated fairly and consistently and should not suffer disadvantage or recrimination for a good-faith complaint. Students are also expected not to make vexatious, frivolous or malicious complaints, which may lead to disciplinary action.",Student Complaints Policy and Procedure,"UOL_Student,Complaints,Policy,and,Procedure.pdf_p9_c2","

The specific protections and responsibilities for a student making a complaint in good faith at the University of Liverpool would typically be outlined in the university’s Student Conduct Policy or relevant institutional guidelines. These may include protections against retaliation, confidentiality during the process, and a commitment to a fair investigation. Responsibilities might involve providing accurate information and cooperating with the process. However, I cannot confirm the exact details without referencing the university’s current policies. For precise information, I recommend consulting the Student Conduct Policy or contacting the Student Support Services team directly.
",,,0,92,False,True,10.466983500053175,
S0_llm_only,nvidia/nvidia-nemotron-nano-9b-v2,V2Q023,A complaint reviewer must always meet or correspond with the student throughout the review. Is that correct?,adversarial_false_premise,hard,"No. The Reviewer will not normally correspond with or meet the student during the review, except where communication is necessary, such as to set deadlines for additional information. The Reviewer then reports findings and any recommendations in writing.",Student Complaints Policy and Procedure,"UOL_Student,Complaints,Policy,and,Procedure.pdf_p17_c3","

I'm not certain about the specific requirements for complaint reviewers at the University of Liverpool. Policies can vary, and it's best to consult the official student complaints procedure or contact the Student Support Office directly for accurate guidance.
",,,0,38,False,True,5.945980099961162,
S0_llm_only,nvidia/nvidia-nemotron-nano-9b-v2,V2Q024,What happens to a Student Route visa holder who reaches Stage Three and then fails to meet the agreed re-engagement conditions?,factual,easy,"They must be referred to the UKVI Attendance Compliance Panel rather than the normal progression route. The panel should be convened within a further ten working days, and the student does not have to attend unless specifically invited.","Student Attendance Policy — Revised July 2025, Version 1.3","UOL_StudentAttendancePolicy-REVISEDJUL2025,v1.3.pdf_p9_c5","

If a Student Route visa holder reaches Stage Three and fails to meet the agreed re-engagement conditions, the Home Office may refuse their visa application. This could result in the student being required to leave the UK, as failing to comply with re-engagement requirements typically indicates a breach of visa conditions. However, specific outcomes depend on the circumstances and decisions made by the Home Office. If uncertain about exact procedures, it is advisable to consult official UKVI guidance or seek advice from the university's immigration support team.
",,,0,87,False,False,15.505546900094487,
S0_llm_only,nvidia/nvidia-nemotron-nano-9b-v2,V2Q025,What basic security precautions does the Undergraduate Handbook recommend for personal property and accommodation?,factual,easy,"Students should lock doors and windows when leaving, avoid leaving valuables unattended, secure bicycles properly, and report theft or incidents promptly to the Police and University Campus Support Services.",University of Liverpool Undergraduate Handbook,UOL_undergraduate_handbook.pdf_p13_c5,"

I'm not certain of the exact recommendations in the Undergraduate Handbook regarding security precautions for personal property and accommodation. For the most accurate and specific guidance, I recommend checking the latest version of the Undergraduate Handbook or contacting the University of Liverpool's Student Support or Security Services directly.
",,,0,48,False,True,6.760419399943203,
S0_llm_only,nvidia/nvidia-nemotron-nano-9b-v2,V2Q026,"According to the Postgraduate Handbook, how should students protect belongings and report a crime?",paraphrased,medium,"Students should secure doors, windows and bicycles, avoid leaving possessions unattended, and report crime to the Police—101 for non-emergencies or 999 for emergencies—and to University Campus Support Services where appropriate.",University of Liverpool Postgraduate Handbook,UOL_postgraduate_handbook.pdf_p13_c6,"

The Postgraduate Handbook likely includes guidance on protecting belongings (e.g., using locks, securing valuables) and reporting crimes (e.g., contacting university security or local authorities). However, I cannot provide exact details from the handbook without explicit reference to its content. For precise instructions, I recommend consulting the latest version of the Postgraduate Handbook or contacting the University of Liverpool’s Student Support or Security Team directly.
",,,0,64,False,True,6.940745200030506,
S0_llm_only,nvidia/nvidia-nemotron-nano-9b-v2,V2Q027,What is the purpose of the Stage Two attendance meeting?,paraphrased,medium,"It is an informal meeting to discuss the student's absence in more detail and to agree an action plan for any academic or pastoral support needed, with the expectation that attendance resumes as soon as possible.","Student Attendance Policy — Revised July 2025, Version 1.3","UOL_StudentAttendancePolicy-REVISEDJUL2025,v1.3.pdf_p7_c2","

I'm not certain about the specific purpose of a ""Stage Two attendance meeting"" at the University of Liverpool, as this term does not appear to be part of standard university policies or common terminology. It might refer to a department-specific or course-related requirement. I recommend checking with your school or module leader for precise details.
",,,0,55,False,True,8.330126799992286,
S0_llm_only,nvidia/nvidia-nemotron-nano-9b-v2,V2Q028,"If a student cannot receive meningitis immunisation before starting University, whom should they contact for advice?",procedural,medium,They should contact Student Health for advice. The handbook provides Student Health contact details for students needing guidance on meningitis immunisation.,University of Liverpool Undergraduate Handbook,UOL_undergraduate_handbook.pdf_p15_c7,"

The student should contact the University of Liverpool's Student Health Service or Student Support team for advice. They can provide guidance on alternative options, such as receiving the vaccination after arrival or discussing medical exemptions if applicable. If unsure, explicitly state that the answer is based on standard university protocols and recommend reaching out to these specific services for accurate information.
",,,0,61,False,False,8.93933179997839,
S0_llm_only,nvidia/nvidia-nemotron-nano-9b-v2,V2Q029,What approach does the University take before applying certain academic sanctions for outstanding programme-fee debt?,paraphrased,medium,It undertakes an annual risk-based review of outstanding programme-fee debts and uses the results to inform decisions before applying the academic sanctions identified in the policy.,University of Liverpool Payment Policy 2026-27,"UOL_payment_policy_2026,2027.pdf_p7_c5","

The University of Liverpool typically follows a process that includes communicating with the student about the outstanding debt, offering support such as payment plans or financial advice, and potentially reviewing the circumstances before applying academic sanctions. However, I cannot confirm the exact steps without referencing the university's current policies. For precise details, I recommend checking the official student finance or student support resources or contacting the university directly.
",,,0,68,False,True,9.751167900045402,
S0_llm_only,nvidia/nvidia-nemotron-nano-9b-v2,V2Q030,Where can a student experiencing financial hardship seek University support?,procedural,medium,"University support can include discretionary help through the University Hardship Fund, possible short-term loans in some circumstances, and advice on student loans, grants and other support through the relevant student-support services.",University of Liverpool Undergraduate Handbook,UOL_undergraduate_handbook.pdf_p19_c2,"

The University of Liverpool offers support for students facing financial hardship through its **Student Support Service**. This service can provide guidance on available options, such as bursaries, hardship funds, or external financial aid. You can contact them directly via their website or by email at studentsupport@liverpool.ac.uk for personalized assistance. If unsure about specific details, they will clarify the exact resources available to you.
",,,0,63,False,False,6.45644340000581,
S0_llm_only,nvidia/nvidia-nemotron-nano-9b-v2,V2Q031,How is an undergraduate degree classification primarily determined according to the handbook?,factual,easy,"It uses an overall average of weighted marks, including the relevant weighting between later years, with profiling used for students whose averages fall at classification boundaries.",University of Liverpool Undergraduate Handbook,UOL_undergraduate_handbook.pdf_p29_c9,"

The University of Liverpool's handbook typically states that an undergraduate degree classification is primarily determined by the overall academic performance across all modules completed during the degree program. This usually involves calculating an average grade based on the marks or credits achieved in each module. However, specific details (e.g., weighting of final-year modules) may vary, so I recommend consulting the latest handbook or contacting the university directly for precise criteria.
",,,0,70,False,False,10.009148499928415,
S0_llm_only,nvidia/nvidia-nemotron-nano-9b-v2,V2Q032,What factors are considered when deciding whether conduct has the effect required for harassment?,factual,easy,"Consideration includes the affected person's perception, the surrounding circumstances, and whether it is reasonable for the conduct to have had that effect.","University of Liverpool Diversity, Equality and Opportunity Policy",UOL_diversity-equality-opportunity-policy.pdf_p23_c1,"

I'm not certain of the specific factors the University of Liverpool uses to determine whether conduct constitutes harassment, as this would depend on their official policies and legal definitions. For precise information, I recommend consulting the university's harassment policy or contacting their Student Support Services directly. They can provide the exact criteria and guidance relevant to their institution.
",,,0,58,False,False,6.142842800007202,
S0_llm_only,nvidia/nvidia-nemotron-nano-9b-v2,V2Q033,When might an international student need a new or updated ATAS certificate during their studies?,paraphrased,medium,"They may need a new or updated ATAS certificate if they transfer programme, change research area, or need a visa extension of more than three months where ATAS applies.",Student Guide for UK Visa Holders 2026,UOL_student_guide_visa_holders.pdf_p4_c6,"

I'm not certain about the specific requirements for an ATAS certificate at the University of Liverpool, as the term ""ATAS"" could refer to different documents or certifications depending on the context (e.g., visa, course requirements, health checks). For accurate guidance, I recommend contacting the University of Liverpool's International Student Office or the relevant department handling your specific needs.
",,,0,58,False,False,12.517964900005609,
S0_llm_only,nvidia/nvidia-nemotron-nano-9b-v2,V2Q034,What are Schools or Institutes expected to ensure about assessment arrangements?,procedural,medium,"They are expected to ensure assessment processes are appropriate, fair, rigorous, consistently operated, compliant with institutional regulations and guidelines, and, where relevant, meet professional, statutory or regulatory accreditation requirements.",University of Liverpool Undergraduate Handbook,UOL_undergraduate_handbook.pdf_p23_c10,"

Schools or Institutes at the University of Liverpool are expected to ensure that assessment arrangements are fair, transparent, and aligned with the university's academic standards. This typically includes:  
- Designing assessments that clearly measure the intended learning outcomes.  
- Ensuring consistency and equity in how assessments are applied across modules or courses.  
- Providing clear criteria and rubrics for evaluation.  
- Accommodating students with disabilities or other needs in accordance with university policies.  

However, specific requirements may vary depending on the school or institute, and detailed expectations are often outlined in the University’s academic regulations or quality assurance guidelines. If you need precise information, I recommend consulting the official University of Liverpool policy documents or contacting the relevant academic office.
",,,0,120,False,False,9.799638699973002,
S0_llm_only,nvidia/nvidia-nemotron-nano-9b-v2,V2Q035,"If an assessment is re-taken as an uncapped first attempt because of accepted extenuating circumstances, how is the new mark treated?",reasoning,hard,The reassessment mark replaces the previous mark even if it is lower. The original extenuating-circumstances claim is not then taken into account again when considering progression or final classification for that reassessment.,University of Liverpool Extenuating Circumstances Policy,UOL_extenuating_circumstances_policy.pdf_p15_c5,"

I am not certain about the specific policy of the University of Liverpool regarding how a re-taken assessment mark (as an ""uncapped first attempt"" due to extenuating circumstances) is treated. Policies can vary by course or department, and this scenario may depend on specific circumstances. I recommend consulting the university's official guidelines or contacting the Student Support Office for precise information.
",,,0,61,False,False,16.45360420003999,
S0_llm_only,nvidia/nvidia-nemotron-nano-9b-v2,V2Q036,What kind of unwanted behaviour may amount to harassment under the University's equality policy?,paraphrased,medium,"Unwanted conduct related to a protected characteristic, or of a sexual nature, may amount to harassment where it violates dignity or creates an intimidating, hostile, degrading, humiliating or offensive environment. Less favourable treatment for rejecting or submitting to certain unwanted conduct can also qualify.","University of Liverpool Diversity, Equality and Opportunity Policy",UOL_diversity-equality-opportunity-policy.pdf_p20_c4,"

Under the University of Liverpool's equality policy, harassment is generally defined as unwanted conduct related to a protected characteristic (such as race, gender, disability, sexual orientation, etc.) that has the purpose or effect of violating a person's dignity or creating an intimidating, hostile, degrading, humiliating, or offensive environment. This can include verbal, physical, or written behavior that is unwelcome and persistent. 

However, to provide the exact details specific to the University's policy, I recommend consulting the official University Equality and Diversity Policy document or contacting the Student Support Services for precise information. If you are unsure, it’s best to seek clarification directly from the University’s resources.
",,,0,106,False,False,8.867663800017908,
S0_llm_only,nvidia/nvidia-nemotron-nano-9b-v2,V2Q037,How often must postgraduate research students normally record meetings with their supervisor?,factual,easy,At least one supervisor meeting per month is required and should be recorded through the PGR Toolbox.,Student Guide for UK Visa Holders 2026,UOL_student_guide_visa_holders.pdf_p6_c3,"

The frequency of recording meetings with a supervisor for postgraduate research students at the University of Liverpool may vary depending on the specific research program, department, or supervisor's requirements. There is no universally mandated schedule across all postgraduate research students at the university. I recommend checking with your department or supervisor for their specific guidelines on meeting documentation.
",,,0,58,False,True,19.506789900013246,
S0_llm_only,nvidia/nvidia-nemotron-nano-9b-v2,V2Q038,Why does the Postgraduate Handbook tell students to use the correct academic regulations and codes for their cohort and degree?,reasoning,hard,Because regulations and codes change over time and postgraduate programmes have level-specific expectations. Using the framework that applies to the student's cohort and degree ensures the correct rules are applied.,University of Liverpool Postgraduate Handbook,UOL_postgraduate_handbook.pdf_p22_c7,"

The Postgraduate Handbook advises students to use the correct academic regulations and codes for their cohort and degree to ensure they follow the specific rules, requirements, and deadlines applicable to their program and year of study. This helps avoid errors in assessments, submissions, or compliance, which could impact their academic progress or outcomes. Regulations may vary between cohorts (e.g., due to changes in policies or program structures) and degrees (e.g., differing module requirements or assessment criteria), so using the correct ones ensures accuracy and fairness.
",,,0,85,False,False,8.646234299987555,
S0_llm_only,nvidia/nvidia-nemotron-nano-9b-v2,V2Q039,How does the Student Loans Company pay a 2026–27 programme-fee loan to the University?,paraphrased,medium,"The loan is paid in three disbursements tied to liability dates: 25% on 28 September 2026, another 25% on 11 January 2027, and the remaining 50% on 5 April 2027, subject to attendance confirmation.",University of Liverpool Payment Policy 2026-27,"UOL_payment_policy_2026,2027.pdf_p2_c3","

The Student Loans Company (SLC) typically pays programme fee loans directly to the university on behalf of the student. This is usually done through electronic transfers to the university's designated account. However, I cannot confirm the exact process for the 2026–27 academic year, as specific procedures may vary or change over time. For the most accurate and up-to-date information, I recommend checking the SLC's official guidelines or contacting the university's student finance office.
",,,0,73,False,True,16.72179880004842,
S0_llm_only,nvidia/nvidia-nemotron-nano-9b-v2,V2Q040,Can complaints about harassment or sexual misconduct be handled under policies other than the Student Complaints Policy?,factual,easy,"Yes. Such complaints may be dealt with through relevant policies, including student-conduct, bullying and harassment, or staff disciplinary procedures, depending on the circumstances.",Student Complaints Policy and Procedure,"UOL_Student,Complaints,Policy,and,Procedure.pdf_p2_c2","

Yes, complaints about harassment or sexual misconduct at the University of Liverpool can potentially be addressed under other policies, such as the **Sexual Misconduct Policy** or **Equality and Diversity Policy**, depending on the specific circumstances. These policies may provide additional frameworks or procedures for reporting and resolving such issues. However, the exact policies and processes should be confirmed through the university’s official resources or by contacting the Student Support Services for accurate guidance.
",,,0,73,False,False,13.698293299996294,
S0_llm_only,nvidia/nvidia-nemotron-nano-9b-v2,V2Q041,What may happen if accepted extenuating circumstances affect an undergraduate student's final-year performance but enough assessed work exists to determine an award?,factual,easy,"The Extenuating Circumstances Committee may recommend an award, including its classification where appropriate. The student may be offered a choice between accepting the award and re-taking or re-sitting affected assessment.",University of Liverpool Extenuating Circumstances Policy,UOL_extenuating_circumstances_policy.pdf_p13_c5,"

If accepted extenuating circumstances affect an undergraduate student's final-year performance but sufficient assessed work exists to determine an award, the University of Liverpool would likely consider both the extenuating circumstances and the student's overall academic record. The outcome would depend on the specific details of the circumstances and how they impacted the final-year work. In many cases, if the student meets the overall requirements for their award (e.g., degree classification) based on the existing assessed work, the university may still award the degree, potentially adjusting for the extenuating circumstances. However, if the final-year performance is deemed too poor even with the circumstances, the award might be affected. The exact process would follow the university’s policies on mitigating circumstances and final-year assessments. 

**Note:** I am not certain about the exact policy details, so this answer is based on general practices at universities. For precise information, the student should consult the university’s official guidelines or contact the relevant office.
",,,0,157,False,True,13.734916299930774,
S0_llm_only,nvidia/nvidia-nemotron-nano-9b-v2,V2Q042,How is unauthorised use of University premises classified in the indicative student-conduct sanctions table?,factual,easy,Unauthorised entry onto or unauthorised use of University premises is listed as a Category 1 or Category 2 breach.,Student Conduct Breaches and Indicative Sanctions — Appendix B,UOL_student_conduct2.pdf_p9_c4,"

I am not certain of the exact classification of ""unauthorised use of University premises"" in the University of Liverpool's indicative student-conduct sanctions table. This information would depend on the specific policy outlined in the university's student conduct guidelines, which may vary based on severity or context. I recommend consulting the official student conduct policy or contacting the Student Conduct and Discipline office for precise details.
",,,0,65,False,False,5.543268300010823,
S0_llm_only,nvidia/nvidia-nemotron-nano-9b-v2,V2Q043,"During a Master's dissertation or PhD writing-up period, how should a Student visa holder treat that period for work and residence purposes?",procedural,medium,It still counts as term time. The student should not plan to work more than 20 hours per week and should remain living in the Liverpool area during their studies.,Student Guide for UK Visa Holders 2026,UOL_student_guide_visa_holders.pdf_p2_c4,"

During a Master's dissertation or PhD writing-up period, a Student visa holder should treat this time as part of their studies, as it is an integral component of their degree. Here’s how to approach work and residence:

1. **Work Permissions**:  
   - You may work **part-time (up to 20 hours/week)** during term time and **full-time during breaks** (including the writing-up period, if it aligns with a university-recognized break).  
   - Ensure any work does not interfere with your academic responsibilities.  

2. **Residence Status**:  
   - You must remain registered as a full-time student with your university. If you are not enrolled in formal classes during the writing-up period, confirm with your university that you are still considered a full-time student (some institutions may require specific registration for this phase).  
   - Avoid prolonged periods of non-enrollment, as this could risk your visa status.  

3. **Key Considerations**:  
   - If you are not attending classes but are actively working on your thesis, ensure your university confirms your student status.  
   - Do not exceed the permitted working hours unless during a recognized break.  

If unsure about specific university requirements or visa conditions, consult your university’s international office or the UK Visas and Immigration (UKVI) guidelines.",,,0,198,False,False,15.946559199946932,
S0_llm_only,nvidia/nvidia-nemotron-nano-9b-v2,V2Q044,Can the University start a student-conduct investigation from an anonymous report?,reasoning,hard,"Yes, but there needs to be evidence supporting a potential policy breach, such as CCTV or social-media material. The procedures also aim to avoid formal investigations for minor matters where another route is more suitable.",Student Conduct Procedures — Appendix A,UOL_student_conduct1.pdf_p3_c3,"

The University of Liverpool may consider anonymous reports as part of its student conduct process, but whether an investigation can be formally initiated depends on the specific circumstances and the university's policies. Anonymous reports alone might not always meet the threshold required to start an investigation, as additional verification or evidence is often needed. For precise details, I recommend contacting the **Student Conduct and Discipline** office directly, as they can provide the most accurate and up-to-date information regarding their procedures.
",,,0,80,False,False,7.737383299972862,
S0_llm_only,nvidia/nvidia-nemotron-nano-9b-v2,V2Q045,What must an international student do when their personal contact details change?,paraphrased,medium,They should update the University through the relevant online portal as soon as reasonably practicable. The University may also request evidence that the student is complying with their visa conditions.,Policy on UKVI Compliance — Student Route,UOL_UKVI_complience.pdf_p14_c1,"

International students should inform the university's international student office or relevant administrative department about the change in their personal contact details. They may also need to update their information with immigration authorities (e.g., the Home Office) and other services like their bank or accommodation provider. It is important to follow the specific procedures outlined by the university to ensure all records are updated. If unsure, contacting the university's international student support team is recommended.
",,,0,74,False,False,13.221121600014158,
S0_llm_only,nvidia/nvidia-nemotron-nano-9b-v2,V2Q046,How can a student contact the Student Administration Centre?,factual,easy,"The guide lists the Student Administration Centre live chat, telephone number 0151 794 6758, and email address studentcentre@liverpool.ac.uk.",Student Guide for UK Visa Holders 2026,UOL_student_guide_visa_holders.pdf_p13_c1,"

The Student Administration Centre at the University of Liverpool can typically be contacted via the university's main switchboard at +44 (0)151 794 5000, where you can request to be transferred to the relevant department. Alternatively, you may find specific contact details (e.g., email or address) on the official University of Liverpool website under ""Student Services"" or ""Administration."" For the most accurate and up-to-date information, I recommend checking the university’s official website or contacting the main office directly.
",,,0,77,False,True,10.60202540003229,
S0_llm_only,nvidia/nvidia-nemotron-nano-9b-v2,V2Q047,"If a module affected by an accepted Personal Extenuating Circumstances claim is passed, can the student normally re-sit it simply to improve the mark?",reasoning,hard,"No. Under the changes described, passed modules affected by accepted PECs do not normally receive a reassessment opportunity merely to improve the mark. Mitigation is instead handled through adjusted overall-average rules, subject to stated exceptions.",University of Liverpool Code of Practice on Assessment and Appendices 2025-26 — Summary of Changes,"UOL_Code,of,Practice,on,Assessment,and,Appendices,2025-26,Summary,of,Changes.pdf_p1_c4","

The answer depends on the specific circumstances and the University of Liverpool's policies regarding Personal Extenuating Circumstances (PECs) and module re-sits. If a PEC claim has been accepted, the university may have already adjusted the grade or provided mitigation (e.g., a reduced grade or exemption from certain requirements). In such cases, re-sitting the module to improve the mark may or may not be permitted, as the PEC approval could influence eligibility. 

**Important:** I cannot confirm the exact policy without consulting the university's official guidelines. Students should contact their department or the Student Support team for precise information tailored to their situation.
",,,0,101,False,True,15.262596099986695,
S0_llm_only,nvidia/nvidia-nemotron-nano-9b-v2,V2Q048,Which University service provides specialist immigration advice and support to international students?,factual,easy,"International Advice and Guidance (IAG), based in Student Services, provides professional and expert immigration-related advice and support.",Policy on UKVI Compliance — Student Route,UOL_UKVI_complience.pdf_p14_c2,"

The University of Liverpool's **International Student Support Service** provides specialist immigration advice and support to international students. This service assists with visa-related queries, immigration regulations, and other support tailored to international students. 

If you need further details, I recommend contacting them directly via their official channels.
",,,0,46,False,False,7.021320699946955,
S0_llm_only,nvidia/nvidia-nemotron-nano-9b-v2,V2Q049,What does an Undergraduate Student Route visa holder normally need before returning to study after an interruption?,factual,easy,"They normally need a new Confirmation of Acceptance for Studies from the University, requested around three months before returning, so they can apply for and obtain a new Student Route visa.",University of Liverpool Undergraduate Handbook,UOL_undergraduate_handbook.pdf_p37_c10,"

An Undergraduate Student Route visa holder typically needs to ensure their visa is valid or apply for a new Student Route visa if it has expired. They should also provide evidence of their current enrollment or acceptance into a course at a licensed UK institution, along with proof of sufficient funds to cover tuition and living costs. Additionally, they may need to meet any specific conditions set by the visa office or their sponsor. However, exact requirements can vary, so it’s advisable to check with the UK Visas and Immigration (UKVI) or the university’s international office for precise guidance.
",,,0,99,False,False,9.22795790003147,
S0_llm_only,nvidia/nvidia-nemotron-nano-9b-v2,V2Q050,A student's complaint cannot be resolved informally. What escalation route does the handbook describe?,reasoning,hard,"The Student Complaints Procedure has three stages—Early Resolution, Formal Complaint and Review—allowing escalation when the student believes the issue has not been resolved satisfactorily.",University of Liverpool Postgraduate Handbook,UOL_postgraduate_handbook.pdf_p38_c4,"

I'm not certain of the exact escalation route described in the University of Liverpool handbook for unresolved informal complaints, as my knowledge is based on general information and not specific, up-to-date handbook details. For accurate guidance, I recommend referring to the official student handbook or contacting the Student Support Services directly.
",,,0,51,False,False,7.166486500063911,
S0_llm_only,nvidia/nvidia-nemotron-nano-9b-v2,V2Q051,What should a Student visa holder do to protect their immigration status while studying at Liverpool?,procedural,medium,"They should comply with the responsibilities described in the visa-holder guidance, keep required immigration documentation up to date, and inform the University of relevant changes because the University has sponsor-reporting duties to UKVI.",Student Guide for UK Visa Holders 2026,UOL_student_guide_visa_holders.pdf_p3_c1,"

To protect their immigration status while studying at the University of Liverpool, a Student visa holder should:  

1. **Maintain full-time enrollment** in a recognized course (ensure your course is classified as full-time under UK visa rules).  
2. **Attend all required classes** and avoid excessive absences without valid reasons.  
3. **Adhere to work restrictions** (typically 20 hours per week during term time and full-time during holidays).  
4. **Make satisfactory academic progress** (keep grades above the required threshold to avoid visa jeopardy).  
5. **Apply for visa extensions** before the current one expires.  
6. **Inform the UK Home Office or university’s international office** of any changes (e.g., course changes, address updates, or health issues).  
7. **Retain valid documents** (passport, visa, and any correspondence with immigration authorities).  

If unsure about specific requirements, consult the **University of Liverpool’s International Office** or the **UK Vis",,,0,139,False,True,22.6296580999624,
S0_llm_only,nvidia/nvidia-nemotron-nano-9b-v2,V2Q052,What should a postgraduate student do after becoming a victim of crime if they also need ongoing support?,paraphrased,medium,They should first report the crime to the Police and can then contact the University's Wellbeing Team for ongoing support. The incident can also be reported to the University through its reporting tools.,University of Liverpool Postgraduate Handbook,UOL_postgraduate_handbook.pdf_p14_c8,"

If you are a postgraduate student at the University of Liverpool who has been a victim of crime and requires ongoing support, you should:  

1. **Report the incident to the police** to ensure the crime is formally documented.  
2. **Contact the University of Liverpool’s Student Support Services** or Security Team for immediate assistance and guidance tailored to your situation.  
3. **Seek ongoing support** through university counseling services, victim support organizations (e.g., local charities or national helplines), or legal advice if needed.  

If you are unsure about specific steps or resources, explicitly reach out to the university’s Student Support Services for personalized advice. I cannot provide exact details without confirming the current protocols, so contacting the university directly is recommended.
",,,0,119,False,True,12.051658900105394,
S0_llm_only,nvidia/nvidia-nemotron-nano-9b-v2,V2Q053,Why is notifying the School before a missed examination or assessment important when claiming extenuating circumstances?,reasoning,hard,"Prior notification is normally required for the missed assessment to be treated as a first-attempt reassessment. Without advance notification, that outcome is only available in exceptional circumstances where prior notice was not feasible.",University of Liverpool Extenuating Circumstances Policy,UOL_extenuating_circumstances_policy.pdf_p3_c4,"

Notifying the School before a missed examination or assessment is important because it allows the School to assess the validity of the extenuating circumstances and determine whether accommodations (e.g., rescheduling, alternative assessments) can be made. This proactive step ensures the School has time to evaluate the situation and provide appropriate support, which may improve the likelihood of a successful claim. However, if the University of Liverpool’s specific policy does not explicitly require prior notification, I cannot confirm this as a strict requirement. You should consult your School or the university’s official guidelines for exact procedures.
",,,0,95,False,True,14.97188389999792,
S0_llm_only,nvidia/nvidia-nemotron-nano-9b-v2,V2Q054,What records should be retained or sent to the Student Conduct Team after a local conduct investigation?,procedural,medium,"The designated staff member should retain investigation meeting notes and the outcome letter securely on the student file, and send the meeting notes, evidence and outcome letters to the Student Conduct Team so a central disciplinary record can be kept.",Student Conduct Procedures — Appendix A,UOL_student_conduct1.pdf_p6_c4,"

The specific records to retain or send to the Student Conduct Team after a local conduct investigation would depend on the University of Liverpool's policies and procedures. Generally, this might include documentation such as the incident report, evidence collected, witness statements, and the outcome of the investigation. However, I am not certain about the exact requirements for the University of Liverpool, as policies can vary. For precise guidance, you should consult the Student Conduct Team or the relevant university department directly.
",,,0,81,False,True,10.23011410003528,
S0_llm_only,nvidia/nvidia-nemotron-nano-9b-v2,V2Q055,What should an undergraduate student do if they are a victim of crime and need support?,paraphrased,medium,They should report the crime to the Police and may contact the University's Wellbeing Team for ongoing support. They can also report the incident to the University through its online reporting route.,University of Liverpool Undergraduate Handbook,UOL_undergraduate_handbook.pdf_p14_c8,"

If you are a victim of crime as an undergraduate at the University of Liverpool, you should:  

1. **Contact the University’s Student Support or Wellbeing Services** immediately. They can provide guidance, connect you with appropriate resources (e.g., counseling, legal advice), and help you navigate next steps.  
2. **Report the incident to the police** (e.g., via the local police force or the university’s security team if applicable). This ensures an official record and may be necessary for legal or insurance purposes.  
3. **Seek medical or psychological support** if you’ve been injured or are experiencing trauma. The university’s health services or counseling team can assist with this.  
4. **Inform your department or academic office** if the crime impacts your studies (e.g., missed deadlines, need for extensions).  

If you’re unsure about specific services, the Student Support team can clarify options. Always prioritize your safety and wellbeing.
",,,0,143,False,False,10.719704200048,
S0_llm_only,nvidia/nvidia-nemotron-nano-9b-v2,V2Q056,Why does the conduct policy require reliable identification before treating a substance as a Class A controlled drug?,reasoning,hard,Because the conduct classification depends on evidence that the substance is actually the controlled drug in question. It may be identified by the student or by a suitably qualified person or organisation rather than assumed without evidence.,Student Conduct Breaches and Indicative Sanctions — Appendix B,UOL_student_conduct2.pdf_p10_c3,"

The conduct policy likely requires reliable identification of a substance as a Class A controlled drug to ensure legal compliance and accurate handling of incidents. Class A drugs are strictly regulated under UK law (e.g., the Misuse of Drugs Act 1971), and proper identification is necessary to confirm the substance's nature before taking disciplinary, medical, or legal actions. This step helps avoid misclassification, ensures appropriate responses (e.g., reporting to authorities, providing support), and aligns with both university policies and legal requirements. If the identification process is unclear or uncertain, the policy may mandate further verification (e.g., lab testing) to avoid errors.
",,,0,101,False,False,11.94803980004508,
S0_llm_only,nvidia/nvidia-nemotron-nano-9b-v2,V2Q057,What happens after a disciplinary panel finds a breach and hears the reporting student's impact statement?,procedural,medium,"The responding student is invited to provide a reflection and any mitigating factors, after which the responding student and representative withdraw while the Panel considers what sanction or sanctions to impose.",Student Conduct Procedures — Appendix A,UOL_student_conduct1.pdf_p24_c2,"

After a disciplinary panel finds a breach and considers the reporting student's impact statement, the next steps typically involve:  

1. **Decision and Notification**: The panel will deliberate and issue a formal decision, which will be communicated to the student involved in the breach.  
2. **Sanctions**: If a breach is confirmed, the university may impose sanctions (e.g., formal warnings, suspension, or expulsion) based on the severity of the breach and the impact statement.  
3. **Appeal Process**: The student may have the right to appeal the decision, depending on university policies.  

However, the exact procedures and how the impact statement influences the outcome can vary. For precise details, I recommend consulting the University of Liverpool’s disciplinary guidelines or contacting the Student Support Office directly.
",,,0,122,False,False,9.904590200050734,
S0_llm_only,nvidia/nvidia-nemotron-nano-9b-v2,V2Q058,What route is available to a postgraduate student who wants to challenge certain decisions of the Board of Examiners?,factual,easy,"The handbook directs students to the University's assessment-appeal process for eligible challenges to Board of Examiners decisions, subject to the applicable grounds and procedures.",University of Liverpool Postgraduate Handbook,UOL_postgraduate_handbook.pdf_p38_c1,"

The University of Liverpool has a formal appeals process for challenging decisions made by the Board of Examiners. Postgraduate students are typically advised to submit a written appeal to the Head of School or the Pro-Vice-Chancellor (Education), following the procedures outlined in the university's Student Appeals Policy. However, I cannot confirm the exact steps or requirements without referencing the current policy. I recommend checking the official University of Liverpool student handbook or contacting Student Support Services for precise guidance.
",,,0,79,False,True,16.339667099993676,
S0_llm_only,nvidia/nvidia-nemotron-nano-9b-v2,V2Q059,When should a concern move from Early Resolution to the Formal Complaint stage?,paraphrased,medium,"It should move to the formal stage if the student is dissatisfied with the Early Resolution response, cannot reasonably approach the person complained about, the matter is too serious for informal resolution, or an investigation is required.",Student Complaints Policy and Procedure,"UOL_Student,Complaints,Policy,and,Procedure.pdf_p12_c1","

The transition from Early Resolution to the Formal Complaint stage typically occurs when the Early Resolution process does not resolve the concern satisfactorily, or if the student chooses to escalate the issue formally. However, the exact criteria (e.g., timeframes, specific unresolved issues) depend on the University of Liverpool’s official policies. For precise details, I recommend consulting the university’s Student Complaints and Appeals Policy or contacting the Student Support team directly.
",,,0,70,False,False,5.330974699929357,
S0_llm_only,nvidia/nvidia-nemotron-nano-9b-v2,V2Q060,What reassessment opportunity may be available to an undergraduate student who fails up to 30 credits in the final year but still achieves an honours-level average?,factual,easy,"The handbook indicates that such students may be allowed reassessment of the failed modules, normally without attendance unless the Board of Examiners determines otherwise.",University of Liverpool Undergraduate Handbook,UOL_undergraduate_handbook.pdf_p30_c9,"

I am not certain about the specific reassessment opportunities for this scenario, as policies can vary depending on the program and academic regulations. It is advisable for the student to consult the University of Liverpool's official academic policies or contact the Student Support/Examinations Office",,,0,44,False,True,13.790580100030638,
S0_llm_only,nvidia/nvidia-nemotron-nano-9b-v2,V2Q061,How are roles divided when an academic-integrity offence is investigated under the updated assessment arrangements?,factual,easy,"The Academic Integrity Officer investigates, the Academic Integrity Committee makes recommendations on the outcome, and the Board of Examiners makes the final decision on the offence and penalty.",University of Liverpool Code of Practice on Assessment and Appendices 2025-26 — Summary of Changes,"UOL_Code,of,Practice,on,Assessment,and,Appendices,2025-26,Summary,of,Changes.pdf_p4_c2","

I am not certain of the specific division of roles under the University of Liverpool's updated assessment arrangements for academic integrity offences. University policies can vary, and it is best to consult the official University guidelines or contact the Academic Integrity Office for precise information on their procedures.
",,,0,48,False,True,7.776839999947697,
S0_llm_only,nvidia/nvidia-nemotron-nano-9b-v2,V2Q062,How should a self-funding student's tuition-fee deposit be treated when they pay the remaining programme fee?,procedural,medium,"If paying in full, the deposit is deducted from the full payment amount. If paying by instalments under the relevant sections, the deposit is deducted from the first instalment rather than from the overall fee amount.",University of Liverpool Payment Policy 2026-27,"UOL_payment_policy_2026,2027.pdf_p5_c4","

The treatment of a self-funding student's tuition-fee deposit when paying the remaining programme fee depends on the specific policies of the University of Liverpool. Generally, a deposit is often a non-refundable portion of the total tuition fee. However, without explicit confirmation from the university's financial office, I cannot provide definitive details. It is advisable for the student to consult the University of Liverpool's finance or student support services for accurate information tailored to their situation.
",,,0,75,False,True,15.245663900044747,
S0_llm_only,nvidia/nvidia-nemotron-nano-9b-v2,V2Q063,What does the updated Recognition of Prior Learning policy imply about how prior credit must be matched to a programme?,reasoning,hard,"Prior learning credit must be recognised against specific learning outcomes rather than as general credit. The updated policy also incorporates QAA principles, permits group applications, and shifts oversight to Boards of Examiners and Faculty AQSCs.",University of Liverpool Code of Practice on Assessment and Appendices 2025-26 — Summary of Changes,"UOL_Code,of,Practice,on,Assessment,and,Appendices,2025-26,Summary,of,Changes.pdf_p6_c1","

The updated Recognition of Prior Learning (RPL) policy at the University of Liverpool would typically outline specific criteria for how prior credit (e.g., work experience, informal learning, or previous qualifications) is assessed and matched to a program. However, **I cannot provide the exact implications of the ""updated"" policy** without access to the specific details of the latest policy changes. 

For accurate information, I recommend checking the official University of Liverpool RPL guidelines or contacting their Student Support Services directly. Policies can vary, and relying on outdated or assumed details might lead to incorrect conclusions.
",,,0,94,False,True,20.9049917999655,
S0_llm_only,nvidia/nvidia-nemotron-nano-9b-v2,V2Q064,"When does the University recalculate programme fees after a student does not register, leaves, or interrupts study?",paraphrased,medium,"The University recalculates the programme fee when a student does not register or leaves or interrupts during the academic session. A student cannot claim a refund for periods during which they were registered, subject to the detailed refund rules.",University of Liverpool Payment Policy 2026-27,"UOL_payment_policy_2026,2027.pdf_p6_c1","

I don't have specific information about the exact timing or process for recalculating programme fees at the University of Liverpool in cases of non-registration, withdrawal, or interrupted study. University fee policies can vary depending on individual circumstances and academic regulations. I recommend contacting the University's Finance Office or reviewing their official fee schedule for precise details.
",,,0,56,False,True,6.63521810004022,
S0_llm_only,nvidia/nvidia-nemotron-nano-9b-v2,V2Q065,What evidence is normally required if a student claims extenuating circumstances because of religious observance?,paraphrased,medium,"Independent documentary evidence is required, such as a letter from a minister or religious leader, and the student must show that participation was required and could not reasonably occur at another time that did not conflict with study or assessment.",University of Liverpool Extenuating Circumstances Policy,UOL_extenuating_circumstances_policy.pdf_p10_c3,"

The University of Liverpool typically requires students to provide evidence such as a formal letter explaining the religious observance, documentation from a religious authority (e.g., a letter from a religious leader or organization), and/or a timetable outlining the dates/times of the observance. However, the exact requirements may vary depending on the specific circumstances. For precise guidance, I recommend contacting the Student Support Services or the relevant academic office directly.
",,,0,69,False,False,6.953477700008079,
S0_llm_only,nvidia/nvidia-nemotron-nano-9b-v2,V2Q066,Why should a student include all relevant issues and evidence when requesting a Review of a formal complaint?,reasoning,hard,"Because the Review request should explain the grounds, the complaint, why the student remains dissatisfied, the remedy sought, and all relevant evidence. New issues are not normally expected at Review unless they concern the way the Formal Stage was conducted.",Student Complaints Policy and Procedure,"UOL_Student,Complaints,Policy,and,Procedure.pdf_p16_c3","

When requesting a review of a formal complaint, including all relevant issues and evidence is essential to ensure the process is fair, thorough, and informed. This allows the review panel to fully understand the context, assess all aspects of the situation, and make a well-founded decision based on complete information. Omitting key details could lead to an incomplete or biased assessment, undermining the integrity of the review. If you're unsure about specific requirements, I recommend consulting the University of Liverpool's official complaint or review procedures for clarity.
",,,0,87,False,False,8.969965600059368,
S0_llm_only,nvidia/nvidia-nemotron-nano-9b-v2,V2Q067,What may happen after a visa refusal if IAG assesses an appeal or administrative review as unlikely to succeed?,paraphrased,medium,"The student may be advised to interrupt or withdraw voluntarily. The University may then report the registration change to UKVI, withdraw sponsorship, and require the student to leave the UK; resuming later would require a new CAS and Student Route visa.",Policy on UKVI Compliance — Student Route,UOL_UKVI_complience.pdf_p13_c2,"

If the IAG (Immigration Advice Guarantee) assesses an appeal or administrative review as unlikely to succeed, it means they do not believe there is a strong basis for overturning the visa refusal. In this case, the appeal or review would likely be denied, and the original visa refusal would stand. The student would then need to accept the refusal and may need to explore alternative options, such as reapplying with new evidence or considering a different visa category, depending on their circumstances. However, the specific outcome depends on the details of the case and any further actions taken.
",,,0,98,False,False,19.164183900109492,
S0_llm_only,nvidia/nvidia-nemotron-nano-9b-v2,V2Q068,What must a student provide if they request a late Review of a Formal Complaint outcome?,factual,easy,"They must make the case in writing to the Director of Student Experience and Enhancement, explain the reason for the delay, and provide documentary evidence supporting that reason. The Review request also needs the required form, grounds and complaint documentation.",Student Complaints Policy and Procedure,"UOL_Student,Complaints,Policy,and,Procedure.pdf_p16_c2","

If a student requests a late Review of a Formal Complaint outcome at the University of Liverpool, they would typically need to provide a **valid reason for the delay** (e.g., new evidence, procedural issues, or exceptional circumstances) and may be required to submit **additional documentation or evidence** to support their case. However, the exact requirements can vary depending on the specific circumstances and university policies. 

Since I cannot confirm the precise details without referencing official guidelines, I recommend checking the university’s Student Handbook or contacting the Student Support Services team for accurate and up-to-date information.
",,,0,95,False,True,9.240252299932763,
S0_llm_only,nvidia/nvidia-nemotron-nano-9b-v2,V2Q069,What does the University commit to when it issues a CAS under its Student sponsor licence?,paraphrased,medium,"By issuing a CAS, the University states that it wants the student to be granted permission to enter or remain in the UK to study at Liverpool and accepts the sponsor responsibilities associated with the Student Route licence.",Policy on UKVI Compliance — Student Route,UOL_UKVI_complience.pdf_p3_c1,"

The University of Liverpool, as a licensed sponsor under the Student sponsor licence, commits to confirming that the student has been accepted into a specific course of study and that the course meets the requirements set by the UK Visas and Immigration (UKVI) for a student visa. This includes ensuring the course details (e.g., duration, level, and content) are accurate and valid at the time of issuance. The University also commits to not making changes to the course or its details that would invalidate the student's visa. However, if there are specific legal or procedural obligations beyond this general framework, I would need to verify the exact terms of the sponsorship licence to provide a precise answer.
",,,0,117,False,False,14.43571069999598,
S0_llm_only,nvidia/nvidia-nemotron-nano-9b-v2,V2Q070,Which broad topics are covered in the Postgraduate Handbook's sections on programme rules and student conduct?,paraphrased,medium,"The handbook covers programme structure and academic rules such as prior learning, registration periods, pass marks and classification, alongside academic misconduct, non-academic misconduct, disciplinary procedures and related student-life matters.",University of Liverpool Postgraduate Handbook,UOL_postgraduate_handbook.pdf_p2_c3,"

The Postgraduate Handbook's sections on programme rules and student conduct typically cover broad topics such as academic requirements (e.g., course structure, assessment criteria, progression rules), student responsibilities (e.g., attendance, deadlines, academic integrity), and conduct standards (e.g., behavior expectations, disciplinary procedures). However, the exact topics may vary depending on the specific programme and university policies. For precise details, I recommend consulting the latest version of the Postgraduate Handbook directly.
",,,0,68,False,False,8.178985200007446,
S0_llm_only,nvidia/nvidia-nemotron-nano-9b-v2,V2Q071,When can a graduate apply for the Graduate Route visa according to the guide?,factual,easy,They can apply only after they have been successfully awarded an eligible qualification and after the University has confirmed that the required report has been made.,Student Guide for UK Visa Holders 2026,UOL_student_guide_visa_holders.pdf_p11_c3,"

The Graduate Route visa can typically be applied for after completing your course and obtaining a valid Certificate of Registration (CoR) from your university. However, the exact timing may depend on specific circumstances, such as when you leave the UK or when you secure a job. For precise details, I recommend checking the official UK government guidelines or contacting the University of Liverpool's international student support team, as policies can vary.
",,,0,71,False,True,13.429605899960734,
S0_llm_only,nvidia/nvidia-nemotron-nano-9b-v2,V2Q072,How does the Diversity and Equality of Opportunity Policy relate to the University's other equality-related policies and plans?,reasoning,hard,"It acts as the overarching framework. More specific policies, statements and action plans—such as bullying and harassment, parental-leave policies, Equality Objectives, Athena Swan and Race Equality Charter plans—sit underneath and support it.","University of Liverpool Diversity, Equality and Opportunity Policy",UOL_diversity-equality-opportunity-policy.pdf_p30_c1,"

The Diversity and Equality of Opportunity Policy at the University of Liverpool is likely designed to complement other equality-related policies by establishing a foundational framework for equitable access, inclusion, and fairness across the institution. It may intersect with policies focused on specific protected characteristics (e.g., gender, race, disability) by ensuring that opportunities are distributed fairly and that systemic barriers are addressed holistically. However, without access to the University’s specific policy documents or official guidance, I cannot provide a definitive or detailed explanation of how these policies interrelate. For precise information, I recommend consulting the University’s Equality, Diversity, and Inclusion (EDI) resources or contacting their EDI office directly.
",,,0,107,False,True,13.329345100093633,
S0_llm_only,nvidia/nvidia-nemotron-nano-9b-v2,V2Q073,A student has an automatic right of appeal against an Informal Resolution outcome in a conduct case. Is that correct?,adversarial_false_premise,hard,No. There is no right of appeal against Informal Resolution. The student can instead ask for the matter to be reviewed under the Local Disciplinary Action procedures.,Student Conduct Procedures — Appendix A,UOL_student_conduct1.pdf_p4_c2,"

The University of Liverpool's specific policies on conduct cases and appeals would determine this. However, I am not certain whether an automatic right of appeal exists for Informal Resolution outcomes. Policies can vary, and ""automatic"" appeal rights are not standard in all institutions. I recommend checking the official Student Conduct Policy or contacting the Student Support Services for precise guidance.
",,,0,60,False,True,7.947558999992907,
S0_llm_only,nvidia/nvidia-nemotron-nano-9b-v2,V2Q074,Can a retrospective extenuating-circumstances claim about a previous resit ever affect how a later resit attempt is counted?,factual,easy,"Yes. In the circumstances described, a retrospective claim may be considered and the Committee may recommend that the original resit result be disregarded so that the later resit is counted in its place, for example as a second rather than third attempt.",University of Liverpool Extenuating Circumstances Policy,UOL_extenuating_circumstances_policy.pdf_p16_c6,"

I am not certain about the specific policies regarding how a retrospective extenuating circumstances claim for a previous resit might impact a later resit attempt. University policies can vary, and this would depend on the exact circumstances and the university's guidelines. I recommend checking the official University of Liverpool policies on extenuating circumstances or contacting the Student Support team for precise information.
",,,0,62,False,True,11.630637699970976,
S0_llm_only,nvidia/nvidia-nemotron-nano-9b-v2,V2Q075,What can support an extenuating-circumstances claim when no independent documentary evidence is available?,procedural,medium,"The Committee may expect evidence that the student told someone at the University at the time, such as an Academic Adviser, School teaching-support staff or a central support service. Such a person may provide a statement if they can confirm the circumstances pre-dated the assessment.",University of Liverpool Extenuating Circumstances Policy,UOL_extenuating_circumstances_policy.pdf_p7_c2,"

When no independent documentary evidence is available, a student can support an extenuating circumstances claim by submitting a **detailed personal statement** that clearly explains the circumstances, their impact on academic performance, and any relevant context. This statement should be written in a formal and credible manner. 

Additionally, **witness statements** from individuals who can provide firsthand knowledge of the situation (e.g., family members, friends, or professionals involved) may also be considered, though their acceptance depends on the university’s specific policies. 

It is important to note that the University of Liverpool’s extenuating circumstances policy will outline exact requirements, so students should consult the university’s guidelines or contact the Student Support team for tailored advice. If unsure about specific criteria, it is best to explicitly state that the answer depends on the university’s policies rather than making assumptions.
",,,0,135,False,True,14.064789099968038,
S0_llm_only,nvidia/nvidia-nemotron-nano-9b-v2,V2Q076,What support and representation options does a responding student have during a conduct investigation meeting?,reasoning,hard,"They can obtain support from trained Guild of Students advisers and may seek legal advice at their own expense, but a legal representative or adviser cannot accompany them at the investigation meeting. A legally qualified person may help compile their written statements.",Student Conduct Procedures — Appendix A,UOL_student_conduct1.pdf_p12_c1,"

The University of Liverpool provides support during conduct investigations, but specific options for representation or assistance during a meeting may vary. I am not certain about the exact details of representation (e.g., whether a formal representative is allowed or if support persons are permitted). For the most accurate and up-to-date information, I recommend contacting the **Student Services** or the **Student Conduct Office** directly. They can clarify your rights and available support options.
",,,0,72,False,False,9.358482599956915,
S0_llm_only,nvidia/nvidia-nemotron-nano-9b-v2,V2Q077,"If IAG thinks a visa-refusal appeal is likely to fail, the University must continue sponsoring the student until every possible appeal is exhausted. Is that correct?",adversarial_false_premise,hard,"No. IAG may advise interruption or withdrawal, after which the University can report the change to UKVI and withdraw sponsorship. The student may need to leave the UK and later obtain a new CAS and visa to resume study.",Policy on UKVI Compliance — Student Route,UOL_UKVI_complience.pdf_p13_c3,"

The answer depends on the specific policies of the University of Liverpool and the terms of the sponsorship agreement. If the University's policy explicitly requires continuing sponsorship until all visa appeals are exhausted, regardless of the likelihood of success, then the statement would be correct. However, without explicit confirmation from the University's official guidelines or the International Advice and Guidance (IAG) regarding this exact scenario, I cannot provide a definitive answer. You should consult the University's visa and sponsorship policies or contact the IAG directly for clarity.
",,,0,87,False,True,6.308295700000599,
S0_llm_only,nvidia/nvidia-nemotron-nano-9b-v2,V2Q078,What kinds of behaviour should a student or staff member recognise as potential bullying that may need to be raised?,procedural,medium,"Examples include spreading rumours, persistent unjustified criticism, singling someone out unfairly, public humiliation, selectively applying rules to someone's detriment, setting unreasonable targets, ostracism and gaslighting.","University of Liverpool Diversity, Equality and Opportunity Policy",UOL_diversity-equality-opportunity-policy.pdf_p18_c3,"

The University of Liverpool, like many institutions, defines bullying as repeated, intentional behavior that causes harm, distress, or intimidation. Potential bullying behaviors that should be recognized and reported include:  

1. **Verbal abuse**: Insults, name-calling, threats, or derogatory remarks.  
2. **Physical aggression**: Hitting, pushing, or any form of physical harm.  
3. **Harassment**: Unwanted behavior based on protected characteristics (e.g., race, gender, disability, sexual orientation).  
4. **Cyberbullying**: Harmful messages, spreading rumors, or exclusion via digital platforms.  
5. **Exclusion**: Deliberately leaving someone out of social groups, activities, or opportunities.  
6. **Power imbalances**: Abuse of authority (e.g., a staff member or senior student intimidating others).  
7. **Persistent unwanted attention**: Unwelcome advances, pressure, or demands.  

It’s important to note that **repetition** and **impact** (e.g., causing fear or distress) are key factors. A single incident may not constitute bullying, but repeated behavior should be addressed. If unsure, students or staff should consult the university’s official policies or contact support services for guidance.
",,,0,156,False,True,9.621173499966972,
S0_llm_only,nvidia/nvidia-nemotron-nano-9b-v2,V2Q079,How can non-consensual sexual touching be categorised under the indicative conduct sanctions?,factual,easy,Inappropriate touching that may reasonably be perceived as sexual and occurs without consent is listed as a Category 2 or Category 3 breach.,Student Conduct Breaches and Indicative Sanctions — Appendix B,UOL_student_conduct2.pdf_p7_c2,"

Non-consensual sexual touching is generally categorized under **sexual misconduct** in the indicative conduct sanctions. This includes acts such as sexual harassment, assault, or any non-consensual physical contact of a sexual nature. The university’s conduct policy typically treats such behavior as a serious violation, subject to disciplinary action. However, the exact categorization may depend on the specific details of the incident and the university’s policy framework. For precise details, I recommend consulting the official Student Conduct Policy document.
",,,0,77,False,False,13.128054599976167,
S0_llm_only,nvidia/nvidia-nemotron-nano-9b-v2,V2Q080,How long does protection against maternity discrimination apply in the non-work context after giving birth?,paraphrased,medium,The policy states that the non-work protection applies for 26 weeks after giving birth and includes unfavourable treatment because a woman or breastfeeding parent is breastfeeding.,"University of Liverpool Diversity, Equality and Opportunity Policy",UOL_diversity-equality-opportunity-policy.pdf_p14_c3,"

The protection against maternity discrimination under the Equality Act 2010 in the UK typically applies for 12 weeks after giving birth in employment contexts. However, I am not certain whether this specific 12-week timeframe applies to non-work contexts (e.g., housing, services, or public spaces). The law may offer broader protections in non-work areas, but the exact duration could vary. For precise details, I recommend consulting official government guidance or a legal expert.
",,,0,72,False,False,7.894910900038667,
S0_llm_only,nvidia/nvidia-nemotron-nano-9b-v2,V2Q081,What kind of environment does the University say it is committed to providing under its equality policy?,factual,easy,"A positive, professional environment based on mutual respect for the experiences, abilities and skills of all individuals, with appropriate action taken against discrimination and other unacceptable behaviour.","University of Liverpool Diversity, Equality and Opportunity Policy",UOL_diversity-equality-opportunity-policy.pdf_p5_c2,"

The University of Liverpool's equality policy is committed to fostering an inclusive, diverse, and respectful environment for all students and staff. This includes promoting equality of opportunity and ensuring that no individual is discriminated against based on protected characteristics such as race, gender, disability, sexual orientation, or religion. However, for the exact wording or specific commitments outlined in their policy, I recommend referring directly to the university’s official Equality Policy document, as my knowledge is based on general information and may not reflect the precise details of their policy.
",,,0,89,False,False,6.518753100070171,
S0_llm_only,nvidia/nvidia-nemotron-nano-9b-v2,V2Q082,What are the three stages of the Student Complaints Procedure described in the Postgraduate Handbook?,paraphrased,medium,"The stages are Early Resolution, Formal Complaint and Review.",University of Liverpool Postgraduate Handbook,UOL_postgraduate_handbook.pdf_p38_c5,"

I don't have direct access to the University of Liverpool's Postgraduate Handbook to confirm the exact three stages of the Student Complaints Procedure. To provide an accurate answer, I would need to refer to the specific details outlined in the handbook. If you can share the relevant section or page number, I’d be happy to help interpret it!
",,,0,58,False,True,6.942988399998285,
S0_llm_only,nvidia/nvidia-nemotron-nano-9b-v2,V2Q083,Do the Undergraduate and Postgraduate Handbooks give materially different advice on securing personal belongings and reporting theft?,multi_document_comparison,hard,"No. Both advise students to lock doors and windows, secure bicycles, avoid leaving valuables unattended, and report crime promptly to the Police and University Campus Support Services. Both also warn students to take responsibility for protecting their possessions.",University of Liverpool Undergraduate Handbook | University of Liverpool Postgraduate Handbook,UOL_undergraduate_handbook.pdf_p13_c5 | UOL_postgraduate_handbook.pdf_p13_c6,"

I am not certain of the answer, as I do not have direct access to the current content of the University of Liverpool's Undergraduate and Postgraduate Handbooks. Policies or advice on securing belongings and reporting theft could vary slightly between the two, but without reviewing the specific documents, I cannot confirm material differences. I recommend checking the latest versions of the handbooks or contacting the university's student support services for precise guidance.
",,,0,72,False,True,6.818956800037995,
S0_llm_only,nvidia/nvidia-nemotron-nano-9b-v2,V2Q084,How do the Undergraduate and Postgraduate Handbooks advise a student who has been a victim of crime and also needs ongoing support?,multi_document_comparison,hard,Both direct the student to report the crime to the Police and identify the University's Wellbeing Team as a source of ongoing support. They also indicate that incidents can be reported to the University through its reporting route.,University of Liverpool Undergraduate Handbook | University of Liverpool Postgraduate Handbook,UOL_undergraduate_handbook.pdf_p14_c8 | UOL_postgraduate_handbook.pdf_p14_c8,"

The Undergraduate and Postgraduate Handbooks for the University of Liverpool generally advise students who have been victims of crime to seek support through the university’s Student Support and Wellbeing Service. This service can provide guidance on reporting the incident to the police, accessing counseling, and connecting with external organizations like Victim Support. However, the specific wording or steps may vary between the handbooks. For precise details, I recommend consulting the relevant sections of the handbooks or contacting the Student Support and Wellbeing Service directly, as I cannot confirm exact advice without reviewing the current handbooks.
",,,0,95,False,True,9.734543800004758,
S0_llm_only,nvidia/nvidia-nemotron-nano-9b-v2,V2Q085,How do the Undergraduate and Postgraduate Handbooks differ in the award requirements described in these sections?,multi_document_comparison,hard,"The undergraduate guidance focuses on degree classification through weighted marks and classification rules, while the postgraduate guidance focuses on the credit volume and academic level required for postgraduate awards, including limited use of level 6 credit in some structures.",University of Liverpool Undergraduate Handbook | University of Liverpool Postgraduate Handbook,UOL_undergraduate_handbook.pdf_p29_c9 | UOL_postgraduate_handbook.pdf_p23_c2,"

The Undergraduate and Postgraduate Handbooks differ in award requirements primarily in terms of credit/module structures, progression criteria, and specific academic obligations. Undergraduate requirements typically involve completing a set number of credits across years of study, maintaining progression standards (e.g., passing modules to advance), and meeting general education or program-specific criteria. Postgraduate requirements often focus on specialized or advanced modules, research components (e.g., dissertations/theses for research degrees), and may have distinct credit thresholds or assessment standards. However, exact differences depend on the specific program, so I recommend consulting the relevant handbook or contacting your department for precise details.
",,,0,97,False,False,9.308215499971993,
S0_llm_only,nvidia/nvidia-nemotron-nano-9b-v2,V2Q086,How do the Undergraduate and Postgraduate Handbooks distinguish the complaints route from an assessment appeal?,multi_document_comparison,hard,"Both treat complaints and assessment appeals as separate processes. Complaints can move through Early Resolution, Formal Complaint and Review, while eligible challenges to Board of Examiners or assessment decisions use the assessment-appeal route and must meet its specified grounds.",University of Liverpool Undergraduate Handbook | University of Liverpool Postgraduate Handbook,UOL_undergraduate_handbook.pdf_p42_c1 | UOL_postgraduate_handbook.pdf_p38_c5,"

I don't have direct access to the specific content of the University of Liverpool's Undergraduate and Postgraduate Handbooks to provide a definitive answer. The distinctions between the complaints route and an assessment appeal would depend on the exact wording and structure of the handbooks. I recommend checking the relevant sections of the handbooks or contacting the Student Support Services for precise guidance.
",,,0,62,False,True,5.034943699953146,
S0_llm_only,nvidia/nvidia-nemotron-nano-9b-v2,V2Q087,How does the Student Attendance Policy connect ordinary attendance responsibilities with Student Route compliance?,multi_document_comparison,hard,The Attendance Policy says students remain responsible for missed academic content and for meeting any visa or sponsorship attendance requirements. The UKVI compliance policy identifies the Student Attendance Policy as part of the University's connected compliance framework and requires the University to maintain immigration-related records.,"Student Attendance Policy — Revised July 2025, Version 1.3 | Policy on UKVI Compliance — Student Route","UOL_StudentAttendancePolicy-REVISEDJUL2025,v1.3.pdf_p6_c2 | UOL_UKVI_complience.pdf_p3_c3","

The Student Attendance Policy at the University of Liverpool likely outlines expectations for regular attendance in academic activities, which may align with Student Route compliance requirements (e.g., maintaining a minimum attendance threshold to satisfy visa conditions). However, I cannot confirm the exact connection between these two policies without specific details from the University’s official documentation. If you need precise information, I recommend consulting the University’s Student Support or International Student Services for clarity.
",,,0,73,False,True,12.167969700065441,
S0_llm_only,nvidia/nvidia-nemotron-nano-9b-v2,V2Q088,How do monitoring expectations differ for a postgraduate student working on a dissertation and a Student Route student studying abroad?,multi_document_comparison,hard,"A postgraduate dissertation student is expected to maintain regular supervisor contact and can enter Stage One after a rolling month with no contact. A Student Route student studying abroad may remain sponsored, but the University must still be able to monitor engagement; if required monitoring cannot be fulfilled, sponsorship can be at risk.","Student Attendance Policy — Revised July 2025, Version 1.3 | Policy on UKVI Compliance — Student Route","UOL_StudentAttendancePolicy-REVISEDJUL2025,v1.3.pdf_p4_c3 | UOL_UKVI_complience.pdf_p10_c2","

The monitoring expectations differ primarily in focus and requirements:  

1. **Postgraduate Dissertation Student**:  
   - Monitoring centers on academic progress, research milestones (e.g., proposal approval, data collection, chapter submissions), and adherence to deadlines set by their supervisor.  
   - Expectations include regular meetings with a supervisor, maintaining research integrity, and meeting academic standards for their thesis.  

2. **Student Route Student (Studying Abroad)**:  
   - Monitoring focuses on visa compliance, attendance, and academic progress to maintain their Student Visa status.  
   - Expectations include attending classes regularly, meeting coursework deadlines, and demonstrating satisfactory academic performance as defined by their institution and UK Visas and Immigration (UKVI) requirements.  

The key difference lies in the purpose: the postgraduate student is monitored for academic/research success, while the Student Route student is monitored to ensure visa compliance and course completion within the permitted timeframe. If unsure about specific policies, I recommend checking with the University’s Student Support or Immigration Services.
",,,0,151,False,True,13.570021399995312,
S0_llm_only,nvidia/nvidia-nemotron-nano-9b-v2,V2Q089,What do the visa-holder guide and UKVI compliance policy say about Student Route sponsorship during an approved period of study abroad?,multi_document_comparison,hard,"They indicate that a Student Route student on an integral study-abroad period can remain on the existing visa and continue to be sponsored, but engagement still has to be monitored. If the University cannot fulfil the required monitoring duties at the overseas location, it may withdraw sponsorship.",Student Guide for UK Visa Holders 2026 | Policy on UKVI Compliance — Student Route,UOL_student_guide_visa_holders.pdf_p9_c4 | UOL_UKVI_complience.pdf_p10_c2,"

The visa-holder guide and UKVI compliance policy do not provide a specific, universally applicable answer to this question, as the rules can depend on the exact circumstances of the student's course, the nature of the study abroad period, and whether it is part of the approved study plan. 

If the study abroad is part of the approved period of study (e.g., an approved exchange or placement), the student may still be required to remain sponsored by their original sponsor. However, if the study abroad is not part of the approved course or is conducted without the sponsor's approval, the student may need to adjust their visa status or seek new sponsorship. 

For precise guidance, I recommend consulting the official UKVI resources or contacting the University of Liverpool's International Student Support team, as policies can vary based on individual cases.
",,,0,139,False,False,16.527684599976055,
S0_llm_only,nvidia/nvidia-nemotron-nano-9b-v2,V2Q090,How do the visa-holder guide and UKVI compliance policy describe the University's document-checking responsibilities for Student Route students?,multi_document_comparison,hard,"The guide requires students to present and update immigration evidence such as passport and e-visa information during registration and study. The compliance policy requires the University, as sponsor, to keep accurate immigration records, including passport and visa-related evidence.",Student Guide for UK Visa Holders 2026 | Policy on UKVI Compliance — Student Route,UOL_student_guide_visa_holders.pdf_p4_c2 | UOL_UKVI_complience.pdf_p3_c3,"

I don't have access to the specific University of Liverpool visa-holder guide or their UKVI compliance policy details. My knowledge is based on general information about UK visa requirements and standard institutional practices. For precise information about the University's document-checking responsibilities, I recommend consulting their official international student support resources or contacting their Student Visa and Immigration team directly.
",,,0,59,False,True,7.532642600010149,
S0_llm_only,nvidia/nvidia-nemotron-nano-9b-v2,V2Q091,What different roles do Appendix A and Appendix B play when the University handles a student-conduct case?,multi_document_comparison,hard,"Appendix A sets out the procedures for handling and reviewing conduct decisions, including possible outcomes of an appeal and limits on the reviewer's powers. Appendix B classifies types of misconduct and indicates the sanction category that may apply to particular breaches.",Student Conduct Procedures — Appendix A | Student Conduct Breaches and Indicative Sanctions — Appendix B,UOL_student_conduct1.pdf_p8_c2 | UOL_student_conduct2.pdf_p12_c1,"

I don't have specific information about the roles of Appendix A and Appendix B in the University of Liverpool's student-conduct process, as this would depend on their current policies or documentation. To get accurate details, I recommend checking the official student conduct policy document or contacting the University's student support office directly.
",,,0,52,False,True,5.145015900023282,
S0_llm_only,nvidia/nvidia-nemotron-nano-9b-v2,V2Q092,How do mitigating factors considered under Appendix A relate to the sanctions described in Appendix B?,multi_document_comparison,hard,"Appendix A allows a responding student to present mitigating factors before the Panel decides a sanction. Appendix B provides the available or indicative sanctions for breach categories, with sanctions expected to be proportionate and relevant and repeated lower-level breaches potentially treated more seriously.",Student Conduct Procedures — Appendix A | Student Conduct Breaches and Indicative Sanctions — Appendix B,UOL_student_conduct1.pdf_p21_c4 | UOL_student_conduct2.pdf_p2_c4,"

I don't have access to the specific content of the University of Liverpool's Appendices A and B, as my knowledge is based on general information up to 2023 and not institutional documents. To answer this question accurately, you would need to consult the official University of Liverpool policies or contact their student support services directly for details on how mitigating factors in Appendix A are applied to sanctions in Appendix B.
",,,0,71,False,True,5.976844300050288,
S0_llm_only,nvidia/nvidia-nemotron-nano-9b-v2,V2Q093,"If a student receives a local disciplinary sanction for abusive conduct in an intimate relationship, what does the conduct framework say about the seriousness of the breach and the grounds for appeal?",multi_document_synthesis,hard,"Appendix B indicates that abusive conduct in an intimate relationship may be Category 2 or 3 and can attract an increased sanction. Under Appendix A, a Local Disciplinary Action appeal is limited to material procedural irregularity, material new information that was previously unavailable for a valid reason, or a sanction that is disproportionate to the offence.",Student Conduct Procedures — Appendix A | Student Conduct Breaches and Indicative Sanctions — Appendix B,UOL_student_conduct1.pdf_p7_c3 | UOL_student_conduct2.pdf_p8_c1,"

The University of Liverpool's conduct framework addresses disciplinary sanctions for abusive conduct in intimate relationships as a serious breach of the student code of conduct, typically categorized under harassment or violence. The seriousness of the breach would depend on the severity and impact of the conduct, as outlined in the policy. Grounds for appeal generally include procedural errors, new evidence, or if the sanction is deemed disproportionate. However, I cannot provide exact details about specific provisions in the framework without referencing the official policy. For precise information, I recommend consulting the full student conduct policy or contacting the Student Support Services team.
",,,0,102,False,True,11.73644519993104,
S0_llm_only,nvidia/nvidia-nemotron-nano-9b-v2,V2Q094,"How can a complaint involving harassment or sexual misconduct move into the student-conduct process, including where the original report is anonymous?",multi_document_synthesis,hard,"The Complaints Policy allows harassment or sexual-misconduct matters to be dealt with under relevant policies such as the Student Conduct Policy. Under the conduct procedures, an anonymous report can still lead to an investigation where there is supporting evidence of a potential breach, such as CCTV or social-media evidence.",Student Complaints Policy and Procedure | Student Conduct Procedures — Appendix A,"UOL_Student,Complaints,Policy,and,Procedure.pdf_p2_c2 | UOL_student_conduct1.pdf_p3_c3","

The University of Liverpool has procedures in place to address complaints involving harassment or sexual misconduct. If a complaint is made (including anonymously), it is typically reviewed by the relevant office, such as the **Student Conduct and Discipline team** or the **Equality and Diversity Service**. 

For a complaint to move into the formal student-conduct process:  
1. The complaint must meet the university’s criteria for a conduct violation (e.g., breaches of the Student Code of Conduct).  
2. The university will investigate the complaint, which may involve gathering evidence and speaking to involved parties.  
3. If the investigation supports the allegation, the case may proceed to a formal conduct hearing or resolution process.  

**Regarding anonymous reports**:  
The university may accept anonymous reports, but anonymity can limit the ability to conduct a full investigation (e.g., verifying details or following up with the complainant). The university will still assess the complaint based on available information, but the process may be constrained compared to non-anonymous reports.  

For specific guidance, students should contact the **Student Conduct and Discipline office** or the **Equality and Diversity Service** directly, as policies can vary. If unsure about the exact steps for anonymous reports, the university’s official resources or these offices can clarify.
",,,0,202,False,False,15.197262599947862,
S0_llm_only,nvidia/nvidia-nemotron-nano-9b-v2,V2Q095,"If a harassment or sexual-misconduct complaint is handled as a student-conduct investigation, what engagement is expected from the students involved?",multi_document_synthesis,hard,"The Complaints Policy allows such matters to be routed to the Student Conduct Policy. Once in a conduct investigation, students are expected to engage fully, including attending meetings, agreeing notes or statements and attending disciplinary panels when required; persistent non-engagement by a reporting party can lead to the investigation being closed.",Student Complaints Policy and Procedure | Student Conduct Procedures — Appendix A,"UOL_Student,Complaints,Policy,and,Procedure.pdf_p2_c2 | UOL_student_conduct1.pdf_p12_c3","

The expected engagement from students involved in a harassment or sexual misconduct complaint handled as a student-conduct investigation typically includes cooperation with the process, such as attending meetings, providing relevant information, and adhering to the university’s procedures. However, specific requirements may vary depending on the case and university policies. For precise details, I recommend consulting the University of Liverpool’s official student conduct guidelines or contacting their student support services directly.
",,,0,70,False,False,4.958139099995606,
S0_llm_only,nvidia/nvidia-nemotron-nano-9b-v2,V2Q096,A student has no independent documentary evidence for an extenuating-circumstances claim. How can University support services help both the claim and the student's wider support needs?,multi_document_synthesis,hard,"The student should show that they alerted someone at the University at the time, such as an Academic Adviser, School support staff or a central support service; that person may be able to provide a supporting statement. The Undergraduate Handbook also identifies wider support routes, including wellbeing, disability and financial-support services.",University of Liverpool Extenuating Circumstances Policy | University of Liverpool Undergraduate Handbook,UOL_extenuating_circumstances_policy.pdf_p7_c2 | UOL_undergraduate_handbook.pdf_p19_c2,"

The University of Liverpool's support services can assist a student without independent documentary evidence for an extenuating circumstances claim by offering a compassionate and individualized review of their situation. This may involve:  

1. **Discussing the claim in detail**: A meeting with a student support advisor or extenuating circumstances officer to explore the student’s circumstances, even without formal documentation.  
2. **Considering alternative evidence**: Accepting personal statements, witness accounts, or other non-traditional forms of evidence that contextualize the situation.  
3. **Holistic support**: Addressing broader needs (e.g., mental health, financial stress, or academic adjustments) that may be linked to the extenuating circumstances.  

However, the university’s specific policies on accepting claims without documentary evidence may vary. If the student’s case is unique or the circumstances are particularly challenging, the support team can advocate for flexibility. It is important to note that the final decision depends on the university’s guidelines, and the student should consult directly with their support services for tailored advice.
",,,0,158,False,False,15.065180500037968,
S0_llm_only,nvidia/nvidia-nemotron-nano-9b-v2,V2Q097,"If illness or another unavoidable event is likely to make a student miss an assessment, what immediate academic action and support options should they consider?",multi_document_synthesis,hard,"They should inform their Department or School before the examination or assessment where possible, because prior notification matters for the extenuating-circumstances process. They should also seek appropriate University support, such as academic, wellbeing, disability or financial-support services depending on the problem.",University of Liverpool Extenuating Circumstances Policy | University of Liverpool Undergraduate Handbook,UOL_extenuating_circumstances_policy.pdf_p3_c4 | UOL_undergraduate_handbook.pdf_p19_c2,"

If a student is likely to miss an assessment due to illness or an unavoidable event, they should **immediately inform their school or department** (e.g., course leader or module leader) to explain the situation. The university typically requires students to follow formal procedures for requesting an extension, deferral, or alternative assessment, which may involve submitting documentation (e.g., medical evidence for illness). 

Support options may include guidance from the **Student Support** or **Disability and Dyslexia Service**, depending on the circumstances. However, specific processes can vary by school or module, so students should also check their **module handbook** or the university’s official policies for exact steps. 

If unsure about the exact procedure, it is best to contact the relevant academic office directly for clarity.
",,,0,122,False,False,9.939423499978147,
S0_llm_only,nvidia/nvidia-nemotron-nano-9b-v2,V2Q098,"How should a student distinguish foreseeable financial difficulty from circumstances that justify an extenuating-circumstances claim, and what other academic option may be relevant?",multi_document_synthesis,hard,"Reasonably foreseeable financial problems are not normally accepted as extenuating circumstances. If financial difficulty makes continuing study impractical, the postgraduate guidance indicates that a formal interruption of studies may be an option, but it must be completed through the proper process because registration and fee consequences can continue otherwise.",University of Liverpool Extenuating Circumstances Policy | University of Liverpool Postgraduate Handbook,UOL_extenuating_circumstances_policy.pdf_p2_c6 | UOL_postgraduate_handbook.pdf_p33_c5,"

To distinguish foreseeable financial difficulty from extenuating circumstances, a student should consider whether the financial issue was **unexpected, unavoidable, and beyond their control** (e.g., sudden job loss, medical emergency, or family crisis). Foreseeable difficulties (e.g., poor budgeting, predictable income fluctuations) typically do not qualify. Extenuating circumstances require evidence of a significant, unforeseen impact on academic performance.

Other relevant academic options may include:  
- **Academic extensions or deferrals** (if applicable).  
- **Alternative assessment arrangements** (e.g., resits or adjusted deadlines).  
- **University support services** (e.g., financial advice, counseling, or hardship funds).  

For specific policies, students should consult the University of Liverpool’s official guidelines or contact the Student Support team directly, as criteria can vary.
",,,0,112,False,True,11.481631299946457,
S0_llm_only,nvidia/nvidia-nemotron-nano-9b-v2,V2Q099,How should a student with a long-term health condition think about reasonable adjustments versus interrupting study?,multi_document_synthesis,hard,"For a condition lasting six months or more, the Extenuating Circumstances Policy directs the student to Disability Advice and Guidance so reasonable adjustments can be considered rather than relying on repeated individual claims. If the student needs to interrupt because of ill-health, the postgraduate guidance requires the formal interruption process and warns of registration, fee and related consequences.",University of Liverpool Extenuating Circumstances Policy | University of Liverpool Postgraduate Handbook,UOL_extenuating_circumstances_policy.pdf_p5_c4 | UOL_postgraduate_handbook.pdf_p33_c5,"

Reasonable adjustments for a long-term health condition are designed to support a student’s ability to access education and participate fully, not to disrupt their studies. These adjustments (e.g., flexible deadlines, extended exam time, note-taking support, or access to assistive technology) should be tailored to the individual’s needs and implemented proactively to minimize disruption. 

Key considerations include:  
1. **Proactive planning**: Discuss adjustments with the university’s disability support services early to ensure they align with academic requirements.  
2. **Balance**: Adjustments should address barriers caused by the health condition, not create new challenges. For example, flexible deadlines might help manage flare-ups without derailing coursework.  
3. **Communication**: Maintain open dialogue with academic staff and support teams to adjust strategies as needed.  
4. **Legal framework**: Under the Equality Act 2010, universities are required to provide reasonable adjustments, so students should not feel these are an imposition.  

If adjustments feel counterproductive, the student should revisit their support team to refine them. The goal is to enable effective study, not hinder it.
",,,0,165,False,False,12.887814000016078,
S0_llm_only,nvidia/nvidia-nemotron-nano-9b-v2,V2Q100,"What must a sponsored student provide for accommodation-fee sponsorship, and what University support may help if they still face financial difficulty?",multi_document_synthesis,hard,"They must provide the Accommodation Office with an official sponsor letter or purchase order before registration, showing the sponsorship value and duration and where the invoice should be sent. Sponsored students remain responsible for payment, while the Undergraduate Handbook identifies financial-support routes such as hardship assistance and advice.",University of Liverpool Payment Policy 2026-27 | University of Liverpool Undergraduate Handbook,"UOL_payment_policy_2026,2027.pdf_p9_c1 | UOL_undergraduate_handbook.pdf_p19_c2","

A sponsored student typically needs to provide proof of their sponsorship agreement or letter from their sponsor, which should explicitly cover accommodation fees. This may include documentation such as a signed sponsorship contract or a formal letter confirming financial responsibility. 

If a sponsored student still faces financial difficulties after meeting these requirements, the University of Liverpool’s **Student Support and Advocacy Service (SSAS)** or **Financial Aid Office** may offer assistance. Support could include guidance on budgeting, access to emergency funds, or advice on available bursaries/grants. However, specific support options depend on individual circumstances and university policies. 

For precise details, students should contact the SSAS or Financial Aid Office directly, as requirements and support services can vary.
",,,0,115,False,False,12.41956269997172,
S0_llm_only,nvidia/nvidia-nemotron-nano-9b-v2,V2Q101,"How do the equality policy and complaints policy work together when a student experiences discrimination, harassment or sexual misconduct?",multi_document_synthesis,hard,"The equality policy encourages incidents to be raised with appropriate University staff or through Report and Support, including anonymous reporting. The Complaints Policy recognises that harassment or sexual-misconduct complaints may instead be handled through relevant conduct, bullying-and-harassment or staff disciplinary procedures.","University of Liverpool Diversity, Equality and Opportunity Policy | Student Complaints Policy and Procedure","UOL_diversity-equality-opportunity-policy.pdf_p5_c3 | UOL_Student,Complaints,Policy,and,Procedure.pdf_p2_c3","

The equality policy and complaints policy work together by establishing both the principles of fairness and the procedural steps to address violations. The equality policy defines what constitutes discrimination, harassment, or sexual misconduct and outlines the university's commitment to preventing such behavior. The complaints policy provides the formal process for students to report incidents, ensuring they have a clear pathway to seek resolution. When a student experiences an issue, the equality policy informs the university of its obligations to address the matter, while the complaints policy guides the investigation, support, and disciplinary actions. Together, they ensure accountability and a structured response to uphold a safe and inclusive environment. 

If you need specific details about the University of Liverpool’s policies, I recommend checking their official student handbook or contacting their Student Support Services for precise information.
",,,0,135,False,True,9.517083399929106,
S0_llm_only,nvidia/nvidia-nemotron-nano-9b-v2,V2Q102,How do the 2025–26 assessment changes clarify the relationship between assessment appeals and other student challenge routes?,multi_document_synthesis,hard,"The assessment changes clarify and separate Stage 1 appeal grounds for decisions on Personal Extenuating Circumstances, academic integrity, and assessments, marks or awards. The Undergraduate Handbook separately identifies complaint and conduct routes, so a student must use the process that matches the type of decision being challenged.",University of Liverpool Code of Practice on Assessment and Appendices 2025-26 — Summary of Changes | University of Liverpool Undergraduate Handbook,"UOL_Code,of,Practice,on,Assessment,and,Appendices,2025-26,Summary,of,Changes.pdf_p4_c4 | UOL_undergraduate_handbook.pdf_p42_c1","

I don't have specific information about the 2025–26 assessment changes at the University of Liverpool, as my knowledge is current only up to 2023. The exact details of how these changes clarify the relationship between assessment appeals and other challenge routes would depend on the specific policy updates introduced in that academic year. For accurate and up-to-date guidance, I recommend consulting the university's official assessment policies or contacting the Student Support team directly.
",,,0,73,False,True,6.432060100021772,
