system,model,question_id,question,question_type,difficulty,expected_answer,gold_documents,gold_chunk_ids,answer,evidence_chunk_ids,evidence_texts,evidence_scores,n_evidence,n_withheld,gold_in_evidence,answer_words,has_citations,latency_seconds,error
S1_basic_rag,nvidia/nvidia-nemotron-nano-9b-v2,V2Q001,"A Student Route visa holder spends an intercalated year at another UK university. What evidence must they give Liverpool, and by when?",paraphrased,medium,They must provide evidence that they have registered at the other UK higher education institution within 10 working days of completing that registration. Failure to provide it can lead to Liverpool withdrawing sponsorship.,Policy on UKVI Compliance — Student Route,UOL_UKVI_complience.pdf_p11_c2,"

The evidence required is proof of registration at the other UK HEI, and it must be submitted within 10 working days of completing registration. This is specified in [2].
",UOL_UKVI_complience.pdf_p11_c3 | UOL_UKVI_complience.pdf_p11_c2 | UOL_UKVI_complience.pdf_p11_c1 | UOL_UKVI_complience.pdf_p6_c1 | UOL_UKVI_complience.pdf_p6_c2,"[""order to undertake their intercalated year will not be sponsored by the University and instead should request a CAS from the UK HEI where they intend to intercalate. Subsequent resumption of study at the University may require the student to be issued with a new CAS in order to apply for a new Student Route visa. 11.5. Student Route visa holders undertaking an intercalated year at an institution outside of the UK will have their sponsorship withdrawn. Subsequent resumption of study at the University would require the student to be issued with a new CAS in order to apply for a new Student Route visa to enter the UK. 11.6. Student Route visa holders intercalating at the University from another UK HEI are not required to obtain a visa holding the University of Liverpool’s Sponsor Licence Numb"", ""on to undertake an intercalated year at another UK HEI, the University is relieved of this responsibility for the period the student remains registered at another UK HEI. 11.3. Student Route visa holders undertaking an intercalated year at another UK HEI are required to provide the University with evidence of their registration. Evidence must be submitted to the University within 10 working days of completing their registration. Student Route visa holders who do not provide evidence of this will have their sponsorship withdrawn, which will impact on their ability to remain in the UK. 11.4. Student Route visa holders who require a new visa in order to undertake their intercalated year will not be sponsored by the University and instead should request a CAS from the UK HEI where they intend"", ""POLICY ON UKVI - STUDENT COMPLIANCE 11. Intercalated degrees 11.1. Student Route visa holders registered at the University but undertaking an intercalated year at another UK HEI are permitted to retain their existing Student Route visa if they are studying medicine, veterinary medicine and science, or dentistry. The University will notify UKVI of the student’s intention to undertake an intercalated year at another UK HEI. 11.2. Responsibility for sponsorship duties, including monitoring the attendance and engagement of students undertaking an intercalated year, falls to the student’s new institution. By notifying UKVI of the student’s intention to undertake an intercalated year at another UK HEI, the University is relieved of this responsibility for the period the student remains registere"", ""POLICY ON UKVI - STUDENT COMPLIANCE visa) and the student will be required to leave the UK (where the student remains in the UK). Any later agreement to recommence study at the University would require the student to be issued with a new CAS in order to apply for a new Student Route visa to enter the UK. 4. Immigration documentation 4.1 For all international students, the University is required to verify and retain copies of their: a) Current passport, showing all personal identity (including biometric) details, stamps and/or immigration status documents; and, b) e-visa showing their right to be in the UK and right to study c) Proof of the arrival date into the UK 4.2 All Student Route visas must confirm the student’s entitlement to study with the University of Liverpool. This will be norm"", ""rival date into the UK 4.2 All Student Route visas must confirm the student’s entitlement to study with the University of Liverpool. This will be normally be indicated by the inclusion of the University’s Sponsor Licence Number (SLN), N5WWG40J6. 4.3 The requirement to provide the University with their immigration documentation as part of the registration process applies to all international students, not just those residing in the UK on a Student Route visa. This requirement is made clear to all international students in their pre-arrival and registration guidance documentation. 4.4 The task of verifying and retaining immigration documentation and the responsibility for ensuring compliance with this requirement falls within Student Life. Student Life provides guidance and training annually""]",0.769 | 0.738 | 0.710 | 0.704 | 0.699,5,0,1.0,29,True,7.805234100087546,
S1_basic_rag,nvidia/nvidia-nemotron-nano-9b-v2,V2Q002,"How should students or staff raise concerns about harassment, bullying, discrimination or victimisation?",paraphrased,medium,"They should bring the incident to an appropriate person such as their line manager, Head of Department, HR Business Partner or programme leader. They can also use the University's Report and Support service, either named or anonymously, for reporting and guidance.","University of Liverpool Diversity, Equality and Opportunity Policy",UOL_diversity-equality-opportunity-policy.pdf_p5_c3,"

To raise concerns about harassment, bullying, discrimination, or victimisation, students or staff should report incidents to their line manager, Head of Department, HR Business Partner, or programme leader. They may also use the University’s Report and Support provision to relay incidents, either named or anonymously [1].
","UOL_diversity-equality-opportunity-policy.pdf_p5_c3 | UOL_Student,Complaints,Policy,and,Procedure.pdf_p9_c1 | UOL_Student,Complaints,Policy,and,Procedure.pdf_p4_c4 | UOL_diversity-equality-opportunity-policy.pdf_p18_c1 | UOL_diversity-equality-opportunity-policy.pdf_p23_c2","[""l found to be responsible for perpetrating forms of discrimination and other forms of unacceptable behaviour, as outlined in the Bullying & Harassment Policy (see Appendix B for a glossary of useful terms). Individual members of staff and students have a responsibility to draw any incidences of harassment, bullying, direct or indirect discrimination or victimisation to the attention of their; line manager, Head of Department, HR Business Partner and or programme leader, to ensure appropriate action can be taken. Staff and students can also use the University’s Report and Support provision to relay incidents (named or anonymously) and seek further advice and guidance. 5"", ""Student Conduct, Complaints and Compliance (ix) Complaints made by students against students - see Student Conduct Policy this includes complaints about harassment and/ or sexual misconduct be another student; (x) Complaints made by staff against students - see Student Conduct Policy. (xi) Complaints made by students relating to incidents of harassment and/or sexual misconduct by staff towards students. Advice will be sought from HR in such cases and the complaint will usually be considered under the Bullying and Harassment Policy or Staff Disciplinary Procedures. 5. Rights, Entitlements and Responsibilities a) Under this Policy and in line with the Student Charter and other University policies, the University acknowledges the rights of students and sets out expectations of how students wi"", ""held, we will seek to put things right for a student where possible. If a complaint is not upheld, we will give reasons for the decision. e) Other University policies and procedures which are connected to the Student Complaints Policy and Procedure are set out below: • Student Charter – available in the Your University Handbooks • Bullying and Harassment Policy • Student Conduct and Student Disciplinary Procedures • Staff Disciplinary Procedures • Fitness to Practise Procedures 3"", ""APPENDIX B: GLOSSARY OF TERMS The information contained within this section is for information only and provides an introduction to these terms. Please contact the Diversity & Equality Team for clarification on any particular term or practical implications: equality@liverpool.ac.uk • Bullying • Direct Discrimination • Discrimination arising from a Disability • Harassment • Indirect Discrimination • Institutional Discrimination • Instructing, causing or inducing discrimination • Objective Justification • Occupational Requirement • Positive Action • Protected Characteristic • Reasonable Adjustment • Victimisation Bullying Whilst there is no legal definition of the term ‘bullying’, for the purpose of the Bullying & Harassment Policy, taking account of the ACAS definition, the University consi"", ""o be harassment, etc. For the avoidance of doubt, behaviour which does not relate to a protected characteristic and is not of a sexual nature but still ‘has the purpose or effect of violating a person’s dignity, or creating an intimidating, hostile, degrading, humiliating or offensive environment’ will not amount to harassment under the Equality Act definition, but is nevertheless likely to amount to bullying as set out above, and therefore unacceptable behaviour under the University’s Bullying & Harassment Policy. Indirect discrimination Indirect discrimination occurs when a provision, criterion or practice is neutral on the face of it, but its impact particularly disadvantages people with a protected characteristic. For Indirect Discrimination to take place, four requirements must be met""]",0.724 | 0.634 | 0.613 | 0.611 | 0.604,5,0,1.0,46,True,11.112765999976546,
S1_basic_rag,nvidia/nvidia-nemotron-nano-9b-v2,V2Q003,What should a student do before submitting a claim if personal circumstances may be affecting their academic work?,procedural,medium,"They should seek advice from an Academic Adviser or an appropriate support service, such as Wellbeing Advice and Guidance, Disability Advice and Guidance, or a Student Support Team, so they can discuss the circumstances and obtain guidance before submitting the claim.",University of Liverpool Undergraduate Handbook,UOL_undergraduate_handbook.pdf_p35_c3,"

The student must complete the extenuating circumstances form with supporting information and list all affected modules/assessments before submitting a claim. This is required as the case cannot be submitted without a completed form and supporting evidence [4].
","UOL_extenuating_circumstances_policy.pdf_p7_c3 | UOL_student_conduct1.pdf_p3_c2 | UOL_Student,Complaints,Policy,and,Procedure.pdf_p13_c1 | UOL_extenuating_circumstances_policy.pdf_p5_c2 | UOL_extenuating_circumstances_policy.pdf_p11_c3","[""are claiming have affected your performance predate your assessment; it is at their discretion whether or not to provide a statement. Please note that claims will only be considered if they are submitted on the correct form with supporting evidence. For online students the claim form is located on the Online Programme Virtual Learning Environment for completion online. Please be assured that all cases will be treated in the strictest confidence. 3.4 Examples of acceptable evidence The following examples are not exclusive, but are provided to indicate the types of evidence which an Extenuating Circumstance Committee will be expecting to see in support of claims relating to different types of circumstance. Physical illness The Extenuating Circumstances Committee will normally expect to see i"", ""s a cause for concern, advice on how to proceed may, in the first instance, be sought from the Student Conduct Team. If it is determined that the responding student’s conduct could constitute a breach of the Student Conduct Policy, then a decision as to the potential seriousness of the breach is required to agree which process to follow. 1.3 It is not always possible to investigate anonymous allegations, however where there are exceptional circumstances such as genuine fear or risk of reprisals, it may be possible to discuss the option of withholding the reporting student’s identity from the responding student. This will be assessed on a case-by-case basis and will be the exception rather than the norm. A report cannot be investigated if the reporting party does not wish the substance of t"", ""Student Conduct, Complaints and Compliance • details of the response received • and, without prejudice to any formal remedy which might be determined, the remedy they are seeking. c) Where a complaint is made by a group of students, one student should be clearly nominated as the main point of contact for those handling the complaint. Findings and decisions should, however, be provided to each member of the group of students. d) Where a complaint is submitted without the pro-forma being completed or not completed in full, the University reserves the right not to consider the complaint until the pro-forma has been properly completed and submitted. e) Students are expected to provide at the time of submission of their formal complaint, all relevant documentation or other evidence and details"", ""are registered (in some Departments/Schools this might be the Assessment Officer or Board of Examiners). In the case of combined degree students, the form should be submitted to the Head of Department/Dean of School in which you are registered via the Department/School Office. An online version of the form can be completed by students on the following link: https://exc.liverpool.ac.uk/ . The online application will be sent to your home department upon completion. Your case cannot be submitted unless you submit a completed extenuating circumstances form with supporting information. In completing the form, you must ensure that you have listed all modules/assessment components which you consider have been affected. If you submit a claim in one semester or in one year, it does not automaticall"", ""itting an extenuating circumstances claim after submission. If you consider that you have been affected by problems relating to supervision, this should be raised in good time through the Student Complaints Policy and Procedure. Visa or passport problems These will only be accepted where there is evidence which shows that any delay in obtaining or renewing a visa or passport have not been of your making (e.g. not because you have failed to apply in good time or to satisfy financial requirements). The Extenuating Circumstances Committee will expect to see a letter from the UKVI, a letter from passport authority, a letter from International Support Team or similar documentation. Errors or unsatisfactory provision by the University If you consider that you have been affected, for example, by""]",0.632 | 0.605 | 0.599 | 0.593 | 0.592,5,0,0.0,37,True,12.48499070003163,
S1_basic_rag,nvidia/nvidia-nemotron-nano-9b-v2,V2Q004,What changed in the 2025–26 academic-integrity categories and treatment of self-plagiarism and personal extenuating circumstances?,paraphrased,medium,"The categories were reduced from five to four and relabelled Category 1 to Category 4, with the former minor-error category removed. Self-plagiarism/re-use of work was added as an offence. Personal Extenuating Circumstances do not excuse academic misconduct, although accepted circumstances may mitigate penalties for Category 2–4 offences.",University of Liverpool Code of Practice on Assessment and Appendices 2025-26 — Summary of Changes,"UOL_Code,of,Practice,on,Assessment,and,Appendices,2025-26,Summary,of,Changes.pdf_p3_c4","

The 2025–26 changes include:  
1. The academic-integrity categories were reduced from 5 to 4. Category A (minor error) was removed, and the remaining categories were relabeled (B→1, C→2, D→3, E→4) [2].  
2. A new offense, ""self-plagiarism/re-use of work,"" was introduced as a distinct category [2].  
3. Personal Extenuating Circumstances (PECs) are no longer accepted as a reason for academic misconduct. However, if approved under the Additional Considerations Policy, PECs may mitigate penalties for Categories 2, 3, and 4 [2].  

These changes are explicitly detailed in [2].
","UOL_postgraduate_handbook.pdf_p31_c1 | UOL_Code,of,Practice,on,Assessment,and,Appendices,2025-26,Summary,of,Changes.pdf_p3_c4 | UOL_undergraduate_handbook.pdf_p36_c9 | UOL_postgraduate_handbook.pdf_p32_c1 | UOL_undergraduate_handbook.pdf_p35_c1","[""Where, prior to a resit period, students Students who embrace academic integrity Plagiarism occurs when a student Acceptable proof-reading practice would consider that their first (or second) attempt understand that they must produce their misrepresents the work or ideas of any include the identification of typographical, at an assessment was affected by PECs own work, acknowledging explicitly any other person (including another student) or grammatical or spelling errors, formatting and that there were valid reasons why material that has been included from other of any institution, as his/her own work. or citation errors or inconsistencies, they could not have submitted a PEC claim sources or legitimate collaboration, and repetition or duplication of text, ambiguous before the Board of Exa"", ""es has been reduced from 5 to 4. Category A, which was ‘minor error’ has been removed, as this can be addressed through marking schemes. The remaining categories have been relabelled: Category B is now Category 1, Category C is now Category 2, Category D is now Category 3, Category E is now Category 4. • The oﬀence of ‘misconduct in research’ has been removed as this is covered under a separate policy: the Policy on Misconduct in Research. • There is a deﬁniƟon for a new oﬀence: ‘self-plagiarism/re-use of work’. • Personal ExtenuaƟng Circumstances (PECs) will not be accepted as reason for commiƫng academic misconduct but where they are accepted in accordance with the AddiƟonal ConsideraƟons Policy they can be taken into account to miƟgate the penalty for Category 2, 3 and 4 oﬀences."", ""nts before the date of the award of a of another’s concept as one’s own. Assessment which can be found at are ultimately responsible for ensuring degree, diploma or certificate will be liverpool.ac.uk/aqsd/academic- that their tuition fees are paid. deemed ineligible to be presented for Self-Plagiarism / Re-use of work codes-of-practice/code-of-practice- such an award. Further details, including Self-plagiarism is considered a breach Where by 2 February 2026 (or by 2 June on-assessment/ the Payment Policy 2025/26: Student of academic integrity and includes the 2026 for those whose programmes start in Programme Fees, Accommodation Fees, reuse of material that the student has January 2026) a student fails to make the Fines and Charges, can be found at previously submitted for assessment, nec"", ""Fabrication of Data – occurs when a Self-Plagiarism / Re-use of work Non-payment of This will include access to Library services student creates and presents an extensive Self-plagiarism is considered a breach programme fees and the removal of their MWS account amount or significant piece of data in of academic integrity and includes the (and hence access to all University IT Students self-funding all or part of order to conceal a lack of legitimate data, reuse of material that the student has facilities including Outlook). This will also their programme fee must familiarise or wholly fabricates a set of data in the previously submitted for assessment, prevent students from submitting assessed themselves with the available payment absence of legitimate data. without appropriate acknowledge"", ""Where, prior to a resit period, students Students who embrace academic integrity Collusion Acceptable proof-reading practice would consider that their first (or second) attempt understand that they must produce their Collusion occurs when, unless with include the identification of typographical, at an assessment was affected by PECs own work, acknowledging explicitly any official approval (e.g. in the case of grammatical or spelling errors, formatting and that there were valid reasons why material that has been included from other group projects), two or more students or citation errors or inconsistencies, they could not have submitted a PEC claim sources or legitimate collaboration, and consciously collaborate in the preparation repetition or duplication of text, ambiguous before the Boar""]",0.657 | 0.622 | 0.577 | 0.537 | 0.532,5,0,1.0,86,True,11.744242000044324,
S1_basic_rag,nvidia/nvidia-nemotron-nano-9b-v2,V2Q005,"If jury service would seriously disrupt a student's studies, the University offers no help with the court summons. Is that correct?",adversarial_false_premise,hard,"No. The handbook indicates that Student Life/the Director of Student Life may write to HM Courts Service, enclosing the summons and explaining the detrimental disruption jury service could cause to the student's studies.",University of Liverpool Undergraduate Handbook,UOL_undergraduate_handbook.pdf_p38_c3,"

The assumption in the question is false. Evidence [3] states that excusal requests for jury service should be sent directly by the student to the University, implying the University does offer assistance with court summons related to jury service. Additionally, Evidence [4] mentions that the University provides a letter from the Director of Life to assist with deferral requests, which could include jury service. Therefore, the University does offer help, contrary to the claim.
",UOL_postgraduate_handbook.pdf_p34_c10 | UOL_undergraduate_handbook.pdf_p38_c8 | UOL_undergraduate_handbook.pdf_p38_c6 | UOL_postgraduate_handbook.pdf_p34_c1 | UOL_postgraduate_handbook.pdf_p34_c8,"["", and that opportunities for deferral of the service. The Jury Central Causing any disruption which might module in which the misconduct occurred cheating or other academic misconduct Summoning Bureau evaluates any requests impact other students in the examination with a right to resit with a capped mark are minimised. for deferral, which is usually for no more Other offences similar to the above. (if permitted to do so by their academic than 12 months. Your University – Handbook for Postgraduate Students64 / /65"", ""on the student’s person; a person other than the student very seriously and expects all students to deferral of the service. The Jury Central fraudulently represents or intends to conduct themselves in accordance with the Failure to comply with an invigilator’s Summoning Bureau evaluates any requests represent, the student at an examination ethical values of an academic community. instructions; for deferral, which is usually for no more Any other conduct which is likely to Communicating, or attempting to than 12 months. The University seeks to ensure that the give the student an unfair advantage. communicate, in any way with anyone arrangements for managing academic other than the invigilators during the misconduct are appropriate to the high examination; academic standard of its teaching"", ""nquire result in an unfair advantage are: procedures that could result in an unfair advantage and/or are a repeated offence Jury service about the progress of your application Unauthorised material in the examination that has already been dealt with at the for deferral. room related to the exam in question From time to time students are called for previous level, for example: Making use of unauthorised material in jury service. Jurors are selected at random The University cannot request an excusal Allegations that have been denied the examination room; by Her Majesty’s Courts Service from the on behalf of a student. Excusal requests by the student electoral register and everyone on the should be sent directly by a student to the Possession in the examination room of A repeat offence of som"", ""If you are interrupting your studies, you will A letter can be obtained from the Director Examination offences that if proven would The offences listed above can be typically need to leave the UK for the entire period of Life to assist you in any request for a be a breach of these procedures that dealt with via Chairs Action without of your interruption. You will also need to deferral. To do this you should complete are technical/could not result in unfair the need for a full hearing. This will be request a new Confirmation of Acceptance the jury summons, including section 3, and advantage (at first offence) are: discussed with the student at the time of for Studies (CAS) from the University three email the completed form to Student Life. Mobile phone still being on but not on the the offe"", ""isconduct on the student’s person; a person other than the student very seriously and expects all students to From time to time students are called for fraudulently represents or intends to conduct themselves in accordance with the Failure to comply with an invigilator’s jury service. Jurors are selected at random represent, the student at an examination ethical values of an academic community. instructions; by Her Majesty’s Courts Service from the Any other conduct which is likely to give Communicating, or attempting to electoral register and everyone on the The University seeks to ensure that the the student an unfair advantage. communicate, in any way with anyone electoral register between the ages of arrangements for managing academic other than the invigilators during the The authorit""]",0.602 | 0.594 | 0.587 | 0.581 | 0.578,5,0,0.0,74,True,11.346556399948895,
S1_basic_rag,nvidia/nvidia-nemotron-nano-9b-v2,V2Q006,What participation is expected from students involved in a student-conduct investigation?,factual,easy,"Students are expected to engage fully, including attending investigation meetings, agreeing meeting notes or statements, and attending University Disciplinary Panels when required. Reasonable adjustments will be considered where needed.",Student Conduct Procedures — Appendix A,UOL_student_conduct1.pdf_p12_c3,"

The student is expected to participate by attending an in-person/online meeting or engaging in a conversation (by telephone/online) with the investigator. They have the right to decline an in-person meeting and request an alternative method of communication [2]. Additionally, if meetings are held, the student may be accompanied by a friend or colleague [2].
","UOL_student_conduct1.pdf_p11_c3 | UOL_Student,Complaints,Policy,and,Procedure.pdf_p15_c1 | UOL_student_conduct1.pdf_p11_c2 | UOL_student_conduct1.pdf_p1_c1 | UOL_student_conduct1.pdf_p11_c5","[""sponsibility of the Student Conduct Team, to ensure that Investigating Officers are given training and support appropriate to the cases they are being asked to investigate. 6.5 The Specialist Investigating Officers within the Student Conduct Team will normally be responsible for leading on serious student conduct investigations and will provide advice and guidance to other Investigating Officers as appropriate. 7 University Disciplinary – Investigation Procedure 7.1 Once appointed, the Investigating Officer will normally write to the responding student within 5 working days of being allocated the case to advise them of the allegation, including who has made the allegation against them, what the exact nature of the allegation is and how this is considered to have breached the expected stand"", ""Student Conduct, Complaints and Compliance m) The investigator shall normally either offer the student the opportunity to attend an in person/online meeting or hold a conversation with the student by telephone/online. If the student is offered an opportunity to attend an in person/online meeting, they have the right to decline or to request instead a discussion by telephone or through other means of communication. The investigator may also meet with the person against whom a complaint has been made (in which case the person is expected to make themselves available). If such meetings are held, the student and the person against whom a complaint has been made shall both be entitled to be accompanied by a friend or colleague or other member of the University. n) Where the investigator believe"", ""to the Student Conduct Team who will decide in conjunction with the Head of Student Conduct, Complaints and Compliance, or their nominee, if a Risk Assessment Panel is required. If required, this will be convened in accordance with the section 12 of the Student Conduct Policy and following the Risk Assessment Procedures (section 5 above) prior to any formal investigation commencing. 6.4 Once it has been decided that the allegation warrants being investigated under the University Disciplinary Procedure the Student Conduct Manager shall appoint an Investigating Officer, who will normally be a member of Professional Services staff. It is the responsibility of the Student Conduct Team, to ensure that Investigating Officers are given training and support appropriate to the cases they are being"", ""University of Liverpool Appendix A – Student Conduct Procedures"", "". 7.3 The student is entitled to be accompanied at the investigation meeting by one other person acting as their friend. Whilst this can be a family member it is not always advisable as the most effective support for a student attending a University investigation meeting is provided by someone who understands the APPENDIX A – STUDENT CONDUCT POLICY PROCEDURES""]",0.683 | 0.667 | 0.654 | 0.651 | 0.648,5,0,0.0,54,True,7.385546699981205,
S1_basic_rag,nvidia/nvidia-nemotron-nano-9b-v2,V2Q007,When can a student be escalated to Stage Two under the Attendance Policy?,factual,easy,A student is escalated to Stage Two when their absence reaches eight consecutive unauthorised missed contact points.,"Student Attendance Policy — Revised July 2025, Version 1.3","UOL_StudentAttendancePolicy-REVISEDJUL2025,v1.3.pdf_p7_c1","

A student can be escalated to Stage Two under the Attendance Policy if their absence extends to eight consecutive unauthorised missed contact points [1]. This threshold is explicitly stated in evidence [1], which outlines the escalation criteria. Evidence [3] further clarifies that Stage One is triggered by five consecutive missed contact points, indicating that Stage Two requires a higher number of absences.
","UOL_StudentAttendancePolicy-REVISEDJUL2025,v1.3.pdf_p7_c1 | UOL_StudentAttendancePolicy-REVISEDJUL2025,v1.3.pdf_p8_c1 | UOL_StudentAttendancePolicy-REVISEDJUL2025,v1.3.pdf_p6_c3 | UOL_StudentAttendancePolicy-REVISEDJUL2025,v1.3.pdf_p5_c5 | UOL_StudentAttendancePolicy-REVISEDJUL2025,v1.3.pdf_p12_c1","[""STUDENT ATTENDANCE POLICY 4.4 If a student has good underlying reasons96for a lack of attendance then it is vitally important that they inform their School Support Office, where possible using the appropriate system in place for reporting an absence, in order to prevent further escalation and for the correct help and/or course of action to be offered. It is expected that the student will resume attendance on their programme at the earliest possible opportunity following this initiation of contact. Stage Two 4.5 Students will be escalated to Stage Two in the event that their absence extends to eight consecutive unauthorised missed contact points. 4.6 Escalation to Stage Two will involve the student being invited – physically or virtually – to an informal meeting to discuss their absence. Th"", ""STUDENT ATTENDANCE POLICY 5. Sanctions and consequences 5.1 The Attendance Progress Review Meeting and the Progress Panel/Progression Board of Examiners will review the student’s case holistically, taking account not only of their poor attendance, but also of relevant engagement, attainment and welfare indicators. Progress Panels and Progression Boards of Examiners have the authority to remove a student from their programme of study for a lack of attendance. 5.2 Good academic attainment and/or engagement with activities which are not mandatory for attendance monitoring purposes (e.g. attendance at non-timetabled drop-in sessions) cannot fully excuse a rate or pattern of attendance which falls below the minimum requirements stated in this Policy. In such circumstances, a student will be ins"", ""4.1 The monitoring of student attendance is a supportive – not a punitive – measure. The intention of the University’s interventions and escalation process is to assist and support students to get the help they might need and, wherever possible, to resume attendance on their programme. 4.2 Students will enter a staged escalation process should five consecutive contact points (as defined in section 2.9) be missed and recorded as unauthorised. Stage One 4.3 Students who reach the threshold identified in section 4.2 (or, where applicable, breach the requirements described in sections 2.12 and 2.15) will be escalated to Stage One. A notification will be sent to the student to alert them to their attendance record, and to signpost them to appropriate mechanisms of support. The student will be"", ""Student Attendance Policy Page 5"", ""STUDENT ATTENDANCE POLICY APPENDIX STAKEHOLDER RESPONSIBILITIES Students will: • Ensure they are familiar with the terms and expectations contained within this Policy; • Take responsibility for their own attendance; • Attend all timetabled teaching and learning sessions associated with their programme of study, and ensure they have their attendance recorded correctly; • Participate and engage in all modules and programmes in which they are registered, including all guided independent study, assessment and feedback; • Self-report any absences which may occur during the course of their programme, in advance wherever possible, and/or by the deadline set by the relevant School; • Ensure they submit the appropriate supporting evidence for absences lasting more than seven consecutive calendar da""]",0.786 | 0.726 | 0.717 | 0.701 | 0.694,5,0,1.0,62,True,5.420087200007401,
S1_basic_rag,nvidia/nvidia-nemotron-nano-9b-v2,V2Q008,What happens after a student is notified that programme-fee payments remain outstanding under the 2026–27 Payment Policy?,procedural,medium,"The University gives the student five working days' written notice to settle the outstanding balance. If it is not paid within that period, the University may apply the academic sanctions described in the policy. Students on sanctions are encouraged to contact Student Fees and Funding promptly.",University of Liverpool Payment Policy 2026-27,"UOL_payment_policy_2026,2027.pdf_p7_c3","

After a student is notified that programme-fee payments remain outstanding under the 2026–27 Payment Policy, the University will prevent them from registering for a new academic year until all outstanding debts are paid [4.7.5]. Additionally, if the debt persists one calendar month before the award of a degree, diploma, or certificate, the student will be deemed ineligible to receive the award [4.7.6]. The University may also apply proportional academic sanctions as part of its risk-based review process [4.7.7].
","UOL_payment_policy_2026,2027.pdf_p7_c1 | UOL_payment_policy_2026,2027.pdf_p1_c1 | UOL_undergraduate_handbook.pdf_p36_c4 | UOL_payment_policy_2026,2027.pdf_p7_c4 | UOL_payment_policy_2026,2027.pdf_p4_c3","[""not be charged for the month of their leaving where the change in registration takes effect on or before the fourteenth day. 6.7 Any refund due following the application of this policy will be made to the person or account from which the original payment was received. 6.8 Where monies are owed to the University following the application of this policy, students will be made directly liable for all outstanding debt. 7. Academic Sanctions 7.1 Where by 1 February 2027 (or by 1 June 2027 for those whose programmes start in January 2027) a student fails to make the necessary programme fee payment(s) in accordance with their relevant published payment plan, the University will seek to restrict their access to a range of services. This will include access to Library services and the removal of th"", ""PAYMENT POLICY 2026/27: STUDENT PROGRAMME FEES, ACCOMMODATION FEES, FINES AND CHARGES 1. Introduction 1.1 Programme fees are charged for the educational services and facilities provided in the delivery of a programme of study, subject to the Programme Terms and Conditions relevant to the year of entry (‘the student contract’). The fee is an annual, consolidated charge for the provision of tuition, registration, learning resources, infrastructure, examination, assessment and graduation. In some cases, an additional research support1 (bench) fee is charged. All academic fees are subject to annual increase. 1.2 All programmes of study which lead to a University award incur a programme fee. Programme fees are charged for all academic years of study, including failed academic years repeated in"", ""g a few words, altering by the academic judgement of the marker/ www.liverpool.ac.uk/feespayment After 2 February 2026 (or after 2 June the order of presentation, or using assessor and covers practice where there Please note that these payments must be 2026 for those whose programmes start software applications to paraphrase has been failure, due to lack of academic made manually by either of our payment in January 2025), where a student fails another’s work without appropriate and ability or understanding, to observe the portals- online with a debit/credit card or to make the necessary programme correctly presented acknowledgement expected standards associated with via CIBC International Student Pay portal, fee payment(s) in accordance with the and citation of the original source(s); acad"", ""financial position. Section 11 provides contact details for help and support. 7.5 Under normal circumstances, students in debt to the University for programme fees at the end of a given academic year will be prevented from registering for a new academic year until such time that all outstanding debts have been paid. 7.6 Under normal circumstances, students in debt to the University for programme fees one calendar month before the date of the award of a degree, diploma or certificate will be deemed ineligible to be presented for such an award. 7.7 The University will in all cases seek to adopt a proportional approach to the application of the academic sanctions identified in sections 7.5 and 7.6 and will undertake an annual risk-based review of all outstanding programme fee debts, the resul"", ""programmes start in January 2027, payment may be made in three equal instalments on 15 February 2027, 15 April 2027 and 15 June 2027. 4.11 Where a student fails to make the necessary payment(s) in accordance with the arrangements prescribed under sections 4.5 through 4.10, sanctions will be applied in accordance with section 7. 5. Programme Fee Deposits (Overseas Taught Postgraduate Students)6 5.1 All overseas applicants planning to enter the University in session 2026/27 to begin study on a postgraduate taught programme, barring the exceptions stipulated in section 5.14, will be required either to pay a non-refundable programme fee deposit of up to £5,000 or to provide formal confirmation of third-party sponsorship and/or a University scholarship which covers the full programme fee. 5.2""]",0.723 | 0.697 | 0.672 | 0.667 | 0.658,5,0,0.0,78,True,15.703695999924093,
S1_basic_rag,nvidia/nvidia-nemotron-nano-9b-v2,V2Q009,How long does a responding student normally have to reply after receiving the investigation report and allegations before Chair's Action?,paraphrased,medium,"They normally have seven working days to say whether they admit or deny the alleged breaches, unless a valid reason is accepted for extra time. If they do not respond, Chair's Action may proceed without their involvement.",Student Conduct Procedures — Appendix A,UOL_student_conduct1.pdf_p15_c4,"

The responding student normally has 7 working days to reply after receiving the investigation report and allegations before Chair’s Action. This is specified in evidence [1], which states: ""Responding students will normally have 7 working days to respond, unless a valid reason is provided as to why further time is needed.""
",UOL_student_conduct1.pdf_p15_c4 | UOL_student_conduct1.pdf_p6_c3 | UOL_student_conduct1.pdf_p16_c3 | UOL_student_conduct1.pdf_p16_c4 | UOL_student_conduct1.pdf_p15_c5,"[""hair’s Action. 9.5 The responding student will be provided with a copy of the investigation report and the evidence base for the case. This will contain details of the alleged breaches of the Student Conduct Policy. Details of potential sanctions that can be issued will also be provided. The student will be asked whether they admit or deny the breach(es) of the policy outlined. Responding students will normally have 7 working days to respond, unless a valid reason is provided as to why further time is needed. If a responding student does not respond within the specified time frame, the Student Conduct Manager or nominee, may decide to proceed with Chair’s Action without the involvement of the responding student. 9.6 If the responding student does not admit the allegation, the matter will b"", ""e responding student should be provided with their right to appeal the decision taken and details about the grounds and procedures for this appeal, including the name of the person to whom a student should address any such request. 3.12 If no breach of the Student Conduct Policy is found to have taken place, this decision should be provided to the responding student in writing within 10 working days of all evidence being reviewed, including why this decision has been reached. No record of misconduct will be kept on the student’s file. 3.13 Within 10 working days of all evidence being reviewed, the designated staff member will write to the reporting student to let them know, where possible, the outcome of the investigation into the alleged breach, including why this decision has been reache"", ""also provide details of any previous record of misconduct on behalf of the responding student as well as details of past precedent, where necessary. 9.10 The Chair will review all of the information provided and will consider any aggravating or mitigating factors in the case. They will then decide upon the sanction(s) to be imposed upon the responding student. Only Category 1 and 2 sanctions may be issued by the Chair via Chair’s Action. The Chair will record details of why a certain sanction was believed relevant whilst others were not. This review will normally be carried out within 20 working days. 9.11 The outcome of the Chair’s Action will normally be communicated to the responding student and reporting party within 5 working days of the Chair’s decision. Confirmation that any mitigat"", ""ll normally be communicated to the responding student and reporting party within 5 working days of the Chair’s decision. Confirmation that any mitigation or impact statements submitted have been considered and assessed will be included in this outcome. 9.12 Should the responding student or the reporting party be dissatisfied with the outcome of the Chair’s Action, they are permitted to appeal this outcome as per section 18 and 19 of Appendix A – Student Conduct Procedures. Any appeal will be limited to the sanction imposed, as per section 18.4 for responding students and section 18.5 for reporting parties. 10 University Disciplinary Action – Full Hearing 10.1 The Student Conduct Manager or nominee, assisted by the Student Conduct Administration Team will make the arrangements for the Unive"", ""with Chair’s Action without the involvement of the responding student. 9.6 If the responding student does not admit the allegation, the matter will be referred to a Full Hearing. APPENDIX A – STUDENT CONDUCT POLICY PROCEDURES""]",0.717 | 0.680 | 0.662 | 0.662 | 0.657,5,0,1.0,51,True,6.2048338000895455,
S1_basic_rag,nvidia/nvidia-nemotron-nano-9b-v2,V2Q010,"What kinds of circumstances can the Attendance Policy treat as an authorised absence, subject to School approval?",paraphrased,medium,"Examples include medical appointments, caring responsibilities, bereavement or compassionate grounds, unforeseen emergencies, unavoidable events such as transport strikes, immigration appointments, career-related appointments, employment-related absence, religious observance, volunteering, jury service and certain military activities.","Student Attendance Policy — Revised July 2025, Version 1.3","UOL_StudentAttendancePolicy-REVISEDJUL2025,v1.3.pdf_p5_c4","

The Attendance Policy treats the following circumstances as authorised absence, subject to School approval:  
- Medical appointment [2]  
- Parental or other caring responsibilities [2]  
- Bereavement or other compassionate grounds [2]  
- Unforeseen domestic (or other) emergency (including isolated IT issues) [2]  
- Unforeseen and/or unpreventable event (e.g. transport strike) [2]  
- Appointment with Police or visa authority for immigration purposes [2]  
- Career-related appointment or interview (e.g. for a placement or internship) [2]  
- Employment-related absence [2]  
- Military educational activity [2]  
- Other military service [2]  
- Religious observance [2]  
- Vacation/family event [2]  
- Volunteering service [2]  
- Jury service [2]
","UOL_StudentAttendancePolicy-REVISEDJUL2025,v1.3.pdf_p5_c1 | UOL_StudentAttendancePolicy-REVISEDJUL2025,v1.3.pdf_p5_c4 | UOL_StudentAttendancePolicy-REVISEDJUL2025,v1.3.pdf_p8_c1 | UOL_StudentAttendancePolicy-REVISEDJUL2025,v1.3.pdf_p12_c1 | UOL_StudentAttendancePolicy-REVISEDJUL2025,v1.3.pdf_p5_c2","[""STUDENT ATTENDANCE POLICY • Where a student attends a different session to that which is scheduled within their timetable without good cause; • Where a student is present at their scheduled session, but has not used the appropriate method in place at the time to record their attendance; • Where a student has arrived too late to their scheduled session for their attendance to be recorded. 3.3 An instance of authorised absence will be recorded in one or more the following circumstances: • Where absence from a scheduled session is approved by the relevant School – in advance or after the event – in line with sections 3.4 through to 3.7; • Where a scheduled teaching event is cancelled; • Where an absence results from an unavoidable clash in scheduled activities. 3.4 Students are responsible fo"", ""lt in a recording of authorised absence, subject to School approval: • Medical appointment; • Parental or other caring responsibilities; • Bereavement or other compassionate grounds; • Unforeseen domestic (or other) emergency (including isolated IT issues); • Unforeseen and/or unpreventable event (e.g. transport strike); • Appointment with Police or visa authority for immigration purposes; • Career-related appointment or interview (e.g. for a placement or internship); • Employment-related absence; • Military educational activity; • Other military service; • Religious observance; • Vacation/family event; • Volunteering service; • Jury service; Student Attendance Policy Page 5"", ""STUDENT ATTENDANCE POLICY 5. Sanctions and consequences 5.1 The Attendance Progress Review Meeting and the Progress Panel/Progression Board of Examiners will review the student’s case holistically, taking account not only of their poor attendance, but also of relevant engagement, attainment and welfare indicators. Progress Panels and Progression Boards of Examiners have the authority to remove a student from their programme of study for a lack of attendance. 5.2 Good academic attainment and/or engagement with activities which are not mandatory for attendance monitoring purposes (e.g. attendance at non-timetabled drop-in sessions) cannot fully excuse a rate or pattern of attendance which falls below the minimum requirements stated in this Policy. In such circumstances, a student will be ins"", ""STUDENT ATTENDANCE POLICY APPENDIX STAKEHOLDER RESPONSIBILITIES Students will: • Ensure they are familiar with the terms and expectations contained within this Policy; • Take responsibility for their own attendance; • Attend all timetabled teaching and learning sessions associated with their programme of study, and ensure they have their attendance recorded correctly; • Participate and engage in all modules and programmes in which they are registered, including all guided independent study, assessment and feedback; • Self-report any absences which may occur during the course of their programme, in advance wherever possible, and/or by the deadline set by the relevant School; • Ensure they submit the appropriate supporting evidence for absences lasting more than seven consecutive calendar da"", ""a scheduled teaching event is cancelled; • Where an absence results from an unavoidable clash in scheduled activities. 3.4 Students are responsible for ensuring that they follow the correct procedures in place at the time to request authorisation for any absence. This will normally require a student to inform their School Support Office (or equivalent) using the appropriate system in place for reporting an absence in advance of the scheduled event(s) wherever possible. No absences will normally be authorised where notification is received later than five working days after the date(s) of absence, or where a student fails to contact their School Support Office. 3.5 Where students are absent from a scheduled session or sessions (as defined in section 2.4) through illness and/or injury (or ot""]",0.768 | 0.725 | 0.718 | 0.717 | 0.694,5,0,1.0,105,True,21.958286799956113,
S1_basic_rag,nvidia/nvidia-nemotron-nano-9b-v2,V2Q011,Appeal papers for a University disciplinary appeal can be provided on the day of the hearing. Is that correct?,adversarial_false_premise,hard,No. The appeal documentation must be provided to all parties no less than five working days before the hearing.,Student Conduct Procedures — Appendix A,UOL_student_conduct1.pdf_p28_c1,"

The evidence does not support the claim that appeal papers can be provided on the day of the hearing. According to [2] and [5], an appeal must be submitted **within 10 working days of receiving the outcome letter**, and it must include specific details (e.g., hearing date). There is no mention of submitting appeal papers on the day of the hearing itself. Therefore, the assumption is incorrect. 

ANSWER: No, this is not correct. The appeal must be submitted within 10 working days of receiving the outcome letter [2, 5], not on the day of the hearing.
",UOL_student_conduct1.pdf_p25_c1 | UOL_student_conduct1.pdf_p25_c4 | UOL_student_conduct1.pdf_p2_c4 | UOL_student_conduct1.pdf_p27_c3 | UOL_student_conduct1.pdf_p25_c3,"[""Student Conduct, Complaints and Compliance 17 University Disciplinary - Procedures after a Hearing 17.1 Following a University Disciplinary hearing, the Note-Taker will prepare the minutes of the hearing for approval by the Chair. 17.2 Following the approval of the minutes, the Adviser will notify the responding student and the reporting party in writing of the outcome of the hearing and of their right to appeal, setting out clearly the grounds for appeal and signposting students to where further information regarding submitting an appeal can be obtained. 17.3 A copy of the letter to the responding student shall be sent to any relevant parties whilst ensuring the confidentiality of the information is considered 17.4 If the student is studying on a joint or dual award programme or is studyi"", ""will remain in force until the outcome of the appeal. This means that any registration or immigration implications for the student will still apply during the appeal process. 18.3 The written appeal, which should be submitted electronically, must include the following: • The student’s name and ID number. • The date of the hearing of the University Disciplinary Panel. • The date on which the student received the outcome letter. • A clear statement of the grounds on which the student is making the appeal (see section 19 below), and all supporting evidence must be APPENDIX A – STUDENT CONDUCT POLICY PROCEDURES"", ""........................................................... 25 17 University Disciplinary – Procedures after the hearing ..................................................... 25 18 University Disciplinary – How to Appeal ............................................................................ 26 19 University Disciplinary – Grounds for Appeal ................................................................... 27 20 University Disciplinary – Powers and Membership of the Discplinary Appeal Panel . 27 21 Procedures prior to a Disciplinary Appeal Hearing .......................................................... 28 22 Procedures during a Disciplinary Appeal Hearing ........................................................... 29 23 Procedures after a Disciplainry Appeal Hearing . ..........."", ""rounds of appeal have been met. 21.2 If the grounds of appeal have not been met, the student will be issued with a Completion of Procedures letter explaining why the grounds have not been met so that they can refer their case to the Office of the Independent Adjudicator for Higher Education if they so wish. 21.3 If the grounds for appeal have been met, the appeal will be referred to the Disciplinary Appeal Panel and the procedures set out below will be followed: 21.4 Responding and reporting students will be notified that an appeal has been received and the basis of the appeal. 21.5 The Adviser to the Disciplinary Appeal Panel will schedule a hearing and notify all relevant parties of the date, giving a minimum of 10 working days’ notice. APPENDIX A – STUDENT CONDUCT POLICY PROCEDURES"", ""mised basis. 18 University Disciplinary – How to Appeal 18.1 Any appeal must be submitted in writing to the Director of Student Experience and Enhancement or nominee with a copy to the Student Conduct Team (studentconduct@liverpool.ac.uk within 10 working days of receipt by the student of the outcome letter. For the purposes of this deadline, the date of receipt shall normally be taken to be the date on which the letter was sent to the student’s University or other agreed email address. 18.2 Where either reporting or responding students exercise their right of appeal, any decision by the University Disciplinary Panel including any sanctions, will remain in force until the outcome of the appeal. This means that any registration or immigration implications for the student will still apply du""]",0.619 | 0.608 | 0.590 | 0.587 | 0.576,5,0,0.0,96,True,15.790042600012384,
S1_basic_rag,nvidia/nvidia-nemotron-nano-9b-v2,V2Q012,"All postgraduate award credit must always be at level 7, with no level 6 credit permitted. Is that correct?",adversarial_false_premise,hard,"No. The handbook indicates that some postgraduate award structures may include a limited amount of level 6 credit alongside level 7 credit, subject to the requirements of the particular award.",University of Liverpool Postgraduate Handbook,UOL_postgraduate_handbook.pdf_p23_c2,"

The claim that all postgraduate award credit must be at level 7 with no level 6 credit permitted is **incorrect**. 

Evidence [2] states that a Postgraduate Diploma can include ""a combination of level 7 and up to 10 credits of modules at level 6."" Similarly, evidence [3] and [4] explicitly allow level 6 modules to contribute to postgraduate awards (e.g., up to one third of total credit or up to 10 credits). Evidence [5] also permits up to 20 credits of level 6 modules in certain programs. 

Thus, level 6 credit is permitted in specific postgraduate awards under defined conditions. [2][3][4][5]
",UOL_postgraduate_handbook.pdf_p24_c3 | UOL_postgraduate_handbook.pdf_p23_c8 | UOL_postgraduate_handbook.pdf_p24_c1 | UOL_postgraduate_handbook.pdf_p23_c7 | UOL_postgraduate_handbook.pdf_p24_c6,"[""y policy. Further information about for the award. Where students register for a postgraduate level award. Similarly, where a student has taken a level recognised prior learning can be accessed for modules on a standalone basis, any Students who take a level 6 module on a 7 module as part of an undergraduate at Appendix R to the Code of Practice on credit contributing to an award must be standalone basis must achieve at least degree they have taken at the University Assessment at liverpool.ac.uk/aqsd/ successfully achieved within the maximum 50% or more for the credit to contribute they will not be permitted to take the same academic-codes-of-practice/code-of- registration period for that award In order to a postgraduate award. level 7 module(s) as part of a postgraduate practice-on-assess"", ""ith the A named/unnamed Postgraduate Postgraduate Diploma requires successful completion of at least 30 credits of requirements of a particular award (as Diploma upon successfully completing completion of at least 120 credits; either all ‘taught’ modules; either all at level 7 or a detailed opposite). 60 credits of ‘taught’ modules and 60 at level 7 or a combination of level 7 and up combination of level 7 and up to 10 credits credits of research or independent study: to 30 credits of modules at level 6. of modules at level 6. There is no exit point. A named/unnamed Postgraduate Where a student meets the minimum credit It can comprise either all ‘taught’ modules Certificate upon successfully completing requirements for an award but achieves or may include a maximum of 30 credits 60 credits"", ""Where a programme includes level Recognised prior learning Where a programme of study is designed Pass mark and classification 6 modules (as detailed opposite) with credit which exceeds the minimum Credit attributed to previous certificated All Master’s level provision will have clearly that are also available to students on required for the award, the period of time or experiential learning may contribute defined assessments for each module with undergraduate degrees of the University, over which it is intended to be studied will up to one third of the total credit required a module pass mark of 50%. graduates of those undergraduate be extended as appropriate. for a postgraduate award. Applications If a programme of study includes level 6 programmes of study will not be permitted for reco"", ""redits; either all at level 7 or a combination of independently developed output. Such research project modules must account for either all at level 7, or a combination of level 7 and up to 10 credits of modules research or independent study modules more than half of the total credit required. level 7 and up to 10 credits of modules at level 6. may be assigned values of 60 or 120 credits It should include exit points whereby a at level 6. A programme of study leading to a or any of the credit values permitted for student could be awarded: Postgraduate Award requires successful A programme of study leading to a ‘taught’ modules in accordance with the A named/unnamed Postgraduate Postgraduate Diploma requires successful completion of at least 30 credits of requirements of a particular award"", ""d other Master’s a different sequence to that described in a combination of modules totalling up to has taken one such module in degrees. Minimum of 12 months and a the programme specification, provided 20 credits. It should also be noted that the maximum of six years from initial this is with the approval of the Programme their University of Liverpool undergraduate range of compensatable marks for level 6 registration. A programme of 180 credits Director and within the maximum degree, they will not be permitted to take modules which contribute credit towards a would normally be studied full-time over registration period. the level 7 module that shares substantial postgraduate award shall also be 40-49%. 12 months and part-time over a period learning and teaching with the level 6 A program""]",0.682 | 0.666 | 0.660 | 0.656 | 0.637,5,0,0.0,101,True,11.756155600072816,
S1_basic_rag,nvidia/nvidia-nemotron-nano-9b-v2,V2Q013,What are examples of serious sanctions that a University Disciplinary Panel may impose?,factual,easy,"Examples include termination of studies, potentially with conditions about an exit award or future re-registration; restrictions relating to academic references; and consequences for University accommodation following suspension or termination. Any other sanction must be proportionate and relevant to the breach.",Student Conduct Breaches and Indicative Sanctions — Appendix B,UOL_student_conduct2.pdf_p4_c1,"

The evidence does not explicitly list specific examples of serious sanctions that a University Disciplinary Panel may impose. While it mentions that Category 1 breaches may result in sanctions like formal written warnings [1], and that more severe cases could lead to Category 2 sanctions [2], the exact nature of ""serious sanctions"" (e.g., expulsion, permanent exclusion) is not detailed in the provided evidence. The text emphasizes that sanctions are case-by-case and discretionary [3], but no concrete examples are given for the University Disciplinary Panel’s actions.
",UOL_student_conduct2.pdf_p2_c2 | UOL_undergraduate_handbook.pdf_p40_c6 | UOL_student_conduct2.pdf_p2_c1 | UOL_student_conduct2.pdf_p1_c1 | UOL_postgraduate_handbook.pdf_p36_c1,"[""creased and therefore subject to more severe sanctions. Similarly, there may be circumstances where, if mitigating factors are present as outlined in section 3 of this document, the category of a breach may be reduced and therefore subject to less severe sanctions. 1.3. The list of breaches that follows should not be seen as exhaustive: in cases where an alleged breach does not fit within one of the prescribed categories, the University Disciplinary Panel / Chair or Local Disciplinary Authority will use their discretion to determine the category of a breach. 1.4. Category 1 breaches are likely to be dealt with under Local Disciplinary Action procedures (Appendix A - Student Conduct Procedures, Section 3) and may warrant the imposition of one or more of the following sanctions: • A formal w"", ""ance. Should the nature of the alleged misconduct those in section 1.4 (Category 1 sanctions) to investigations, charges and convictions be such that it is deemed too serious to be and section 1.6 (Category 2 sanctions) of under any country’s laws. There is no right of appeal against dealt with under Local Disciplinary Action Appendix B – Student Conduct Breaches sanctions given within informal resolution, (e.g. allegations of serious misconduct, and Indicative Sanctions. Further details regarding Police and although a student could, if they wished the or persistent incidents of misconduct criminal investigations can be found in matter to be considered further, request You should be aware that the University that have originally been dealt with via section 13 of the Section 13 of the Stude"", ""Student Conduct, Complaints and Compliance 1. Categories of Breaches 1.1. The way in which the University of Liverpool categorises breaches of the Student Conduct Policy is by consideration of both the severity of the breach and the appropriateness of certain sanctions to certain types of breach. Sanctions listed are indicative only, non-exhaustive and will be applied on a case-by-case basis (i.e., considering the context of each breach), at the discretion of the disciplinary authorities. 1.2. There may be some circumstances where, if aggravating factors are present as outlined in section 2 of this document, the category of a breach may be increased and therefore subject to more severe sanctions. Similarly, there may be circumstances where, if mitigating factors are present as outlined in"", ""University of Liverpool Appendix B – Student Conduct Breaches and Indicative Sanctions"", ""The University has three stages for Their authority under local disciplinary In certain cases, the Student Conduct The Student Conduct Policy sets out managing alleged student misconduct: action enables them to issue sanctions Manager (or nominee) may determine the right of appeal by students against 1. Informal Resolution which include a formal written warning that the misconduct is suitable to be dealt decisions taken under University or a final written warning for a repeated with via Chair’s Action. In cases where the Disciplinary Procedures. 2. Local Disciplinary Action breach, a fine not exceeding £200, a student admits the misconduct and the 3. University Disciplinary Action – The full Student Conduct Policy can be requirement in the event of non-accidental facts of the matter are no""]",0.712 | 0.707 | 0.701 | 0.687 | 0.680,5,0,0.0,85,True,14.80937959998846,
S1_basic_rag,nvidia/nvidia-nemotron-nano-9b-v2,V2Q014,Can a full-time student normally claim extenuating circumstances because employment interfered with study or a resit?,factual,easy,"No. Full-time students are not normally eligible to claim extenuating circumstances for employment, including employment affecting resit examinations during vacation periods. Part-time students may need written employer evidence when unexpected work duties prevent study or assessment attendance.",University of Liverpool Extenuating Circumstances Policy,UOL_extenuating_circumstances_policy.pdf_p10_c4,"

A full-time student will not normally be eligible to claim extenuating circumstances due to employment interference with studies or a resit. This is explicitly stated in [1] and [2], which both indicate that full-time students are generally ineligible for such claims related to employment.
",UOL_extenuating_circumstances_policy.pdf_p10_c4 | UOL_extenuating_circumstances_policy.pdf_p10_c3 | UOL_extenuating_circumstances_policy.pdf_p5_c3 | UOL_extenuating_circumstances_policy.pdf_p12_c3 | UOL_extenuating_circumstances_policy.pdf_p16_c5,"[""ime student, you will not normally be eligible to claim for extenuating circumstances in relation to employment. This includes claims relating to resit examinations during vacation periods. If you are a part-time student, you will need to provide written evidence from your employer if unexpected additional work duties prevent you from full engagement with your studies or if you are unable to take leave to attend an assessment. Evidence should normally include a letter from your employer. Events during an on-campus examination You should raise with an invigilator any issue which occurs during an examination which you consider has affected your performance. The invigilator will record this on the examination room report and your School will be informed. If you are taken ill during an exam, y"", ""Committee may not accept your claim if it considers that you have failed to take reasonable precautions (e.g. you have lost work which you did not back up). Religious observance Independent documentary evidence is required in all cases (e.g. a letter from a minister or religious leader) and you must demonstrate that there was a requirement for you to attend or participate, and the reasons why you could not attend on a different occasion which did not coincide with your studies or assessment. Where religious observances require fasting, the University will not normally regard this as an extenuating circumstance. Employment If you are a full-time student, you will not normally be eligible to claim for extenuating circumstances in relation to employment. This includes claims relating to resi"", ""ll modules/assessment components which you consider have been affected. If you submit a claim in one semester or in one year, it does not automatically carry forward to the next semester or year and you will need to submit a new claim if you consider that you have an ongoing condition or other circumstances. Please note that, if you have previously declared in a claim to the Extenuating Circumstances Committee an illness or other physical or mental condition which has affected you for six or more months or if you have previously been advised to interrupt your studies because of your circumstances, the Extenuating Circumstances Committee may decide that your circumstances can no longer be considered as ‘unforeseeable.’ If you have an ongoing illness or other physical or mental health condit"", "". If the Extenuating Circumstances Committee decides that your claim of extenuating circumstances is not valid, it will reject it and not make any recommendation to the Board of Examiners. It is therefore important that the Extenuating Circumstances Committee has access to full, frank and fully documented evidence to support your claim. 5. IF MY CASE IS ACCEPTED, WHAT ARE MY OPTIONS? 5.1 After the Board of Examiners You will be informed of the outcome of your claim after the meeting of the Board of Examiners. If it is found that extenuating circumstances have affected a student’s performance, the Extenuating Circumstances Committee and the Board of Examiners can make recommendations/awards respectively on degree classifications (e.g. First, 2:1 etc.). However, the Committee and the Board c"", ""claim before the results of your first attempt were confirmed and that there is sufficient evidence to suggest that your performance at the first attempt was affected by the claimed circumstances. In this situation, the Extenuating Circumstances Committee may recommend to the Board of Examiners that the resit attempt be regarded as a ‘first attempt.’ b) If, subsequent to a resit period, you consider that the resit attempt was affected by extenuating circumstances and that there are valid reasons why you could not have submitted an extenuating circumstances claim before the Board of Examiners met, any decision which the Board of Examiners has taken in relation to the requirement for you to repeat a failed module or component in the following academic session shall normally stand but you ma""]",0.629 | 0.605 | 0.547 | 0.542 | 0.536,5,0,1.0,44,True,5.891647499985993,
S1_basic_rag,nvidia/nvidia-nemotron-nano-9b-v2,V2Q015,"If a student stops attending without completing the formal withdrawal or suspension process, their registration and fee liability automatically stop. Is that correct?",adversarial_false_premise,hard,No. The handbook warns that failing to complete the proper withdrawal or suspension process can leave registration active and programme-fee liability continuing to accrue.,University of Liverpool Postgraduate Handbook,UOL_postgraduate_handbook.pdf_p33_c5,"

The assumption in the question is incorrect. According to the evidence, if a student stops attending without completing the formal withdrawal or suspension process, their registration and fee liability **do not automatically stop**. 

- [1] and [2] state that registration remains active and fees will continue to accrue unless the official withdrawal/suspension form is completed.  
- [4] emphasizes that fees are calculated based on the University being formally informed of a change in registration, which requires following formal procedures.  
- [5] explicitly requires students to complete the proper form for withdrawal or interruption, with financial consequences for failing to do so.  

Thus, the University will not automatically halt registration or fees without formal action. [1][2][4][5]
","UOL_undergraduate_handbook.pdf_p37_c5 | UOL_postgraduate_handbook.pdf_p33_c5 | UOL_payment_policy_2026,2027.pdf_p7_c1 | UOL_payment_policy_2026,2027.pdf_p6_c2 | UOL_postgraduate_handbook.pdf_p33_c6","[""mean that affected by your withdrawal/suspension E: iagteam@liverpool.ac.uk interrupt your studies, transfer to another your registration remains active and your As well as completing the official programme, or you withdraw from your Changes to your registration programme fee liability will continue to withdrawal or suspension form, you will also programme, the University will inform the accrue. Interruption to your Studies need to take care of the arrangements to SLC of these changes and withdrawal Fees will not be refunded in the event of you leave your accommodation. If you are in a Further advice on the financial implications failing to complete the proper form, even University Hall of Residence, your contract is Circumstances, often relating to ill- of withdrawing from or interrupting"", ""mean that affected by your withdrawal/suspension E: iagteam@liverpool.ac.uk interrupt your studies, transfer to another your registration remains active and your As well as completing the official programme, or you withdraw from your Changes to your registration programme fee liability will continue to withdrawal or suspension form, you will also programme, the University will inform the accrue. Interruption to your Studies need to take care of the arrangements to SLC of these changes and withdrawal Fees will not be refunded in the event of you leave your accommodation. If you are in a Further advice on the financial implications failing to complete the proper form, even University Hall of Residence, your contract is Circumstances, often relating to ill- of withdrawing from or interrupting"", ""not be charged for the month of their leaving where the change in registration takes effect on or before the fourteenth day. 6.7 Any refund due following the application of this policy will be made to the person or account from which the original payment was received. 6.8 Where monies are owed to the University following the application of this policy, students will be made directly liable for all outstanding debt. 7. Academic Sanctions 7.1 Where by 1 February 2027 (or by 1 June 2027 for those whose programmes start in January 2027) a student fails to make the necessary programme fee payment(s) in accordance with their relevant published payment plan, the University will seek to restrict their access to a range of services. This will include access to Library services and the removal of th"", ""usly firmly accepted an unconditional offer to do so, except where they are bound by the terms prescribed under section 5. 6.3 Fees charged to registered students will be calculated based upon the date the University is formally informed of any change in registration. Students should therefore follow the University’s formal procedures for withdrawal or interruption outlined at www.liverpool.ac.uk/studentadministration/managing-my-studies/. 6.4 Programme fees for undergraduate students will be calculated in accordance with the following table7: Withdrawal or Interruption Date Percentage of Annual Programme Fee Charged 28 September 2026 – 25 October 2026 0% 26 October 2026 – 10 January 2027 25% 11 January 2027 – 4 April 2027 50% 5 April 2027 – 28 May 2027 100% 6.5 No charge will be made to p"", ""omplete the proper form, even University Hall of Residence, your contract is Circumstances, often relating to ill- of withdrawing from or interrupting study if you claim you did not attend during the for a specified number of weeks. Similarly, health, but also relating to other personal can be sought from the Money Advice and period for which you are charged. if you are in the private sector, you will reasons, occasionally lead a student Guidance, based in the Student Services have probably signed a contract to remain to consider withdrawing from their All requests for an interruption of studies Centre. The team can be contacted on for a certain length of time. There is no studies or interrupting their studies for must be approved by your School/ T: +44 (0)151 795 1000, or by email at auto""]",0.638 | 0.638 | 0.617 | 0.597 | 0.596,5,0,1.0,115,True,16.454183899913915,
S1_basic_rag,nvidia/nvidia-nemotron-nano-9b-v2,V2Q016,"Whose attendance requirements take priority if a professional body, sponsor or degree-apprenticeship provider sets stricter requirements than the University's minimum?",factual,easy,"The stricter requirements of the professional or statutory regulatory body, sponsor, or degree-apprenticeship provider take priority.","Student Attendance Policy — Revised July 2025, Version 1.3","UOL_StudentAttendancePolicy-REVISEDJUL2025,v1.3.pdf_p2_c3","

The answer is based on evidence [1]. According to the Student Attendance Policy (evidence [1]), if a professional body, sponsor, or degree-apprenticeship provider sets stricter attendance requirements than the University's minimum, their requirements shall prevail. This is explicitly stated in section 1.5 of the policy. 

Answer: The requirements of the professional body, sponsor, or degree-apprenticeship provider take priority if they are stricter than the University's minimum [1].
","UOL_StudentAttendancePolicy-REVISEDJUL2025,v1.3.pdf_p2_c3 | UOL_UKVI_complience.pdf_p9_c2 | UOL_diversity-equality-opportunity-policy.pdf_p25_c1 | UOL_StudentAttendancePolicy-REVISEDJUL2025,v1.3.pdf_p2_c2 | UOL_undergraduate_handbook.pdf_p23_c8","[""students studying in the UK on a student visa. 1.5 Some programmes – such as degree apprenticeships or those accredited by professional or statutory regulatory bodies (PSRBs) – and some sponsors may have their own attendance requirements, which must be met in order to fulfil the standards of the award and/or sponsorship agreement. This may include the requirement to exceed a particular percentage of attendance at scheduled teaching activities. Where these requirements are more rigorous than that set by the University in this Policy, the requirements of the PSRB, sponsor and/or degree apprenticeship provider shall prevail. 1.6 This Policy sets out the minimum expectations in relation to student attendance monitoring. Nothing in this Policy is designed to prevent an academic area from adopti"", ""dy, in order to protect its Student sponsor licence. Student Life will report the student’s change of circumstances to UKVI via SMS and, in so doing, will withdraw its current sponsorship of the student. The student will be required to leave the UK and any subsequent intention to resume study or research will require the student to be issued with a new CAS in order to apply for a new Student Route visa to enter the UK. 8. Expected interactions 8.1 As a licensed sponsor, the University is required to keep accurate records of student attendance and absence (authorised or non-authorised). The University discharges these responsibilities, and articulates the authority upon which action against poor attendance may be taken, under its Student Attendance Policy, Appendix E of the Code of Practice"", ""The University may apply, in relation to work, a requirement to have a particular protected characteristic if the University can show that having regard to the nature or context of the work: • The requirement is an occupational requirement (e.g. servers of alcohol must be over 18) • The application of the requirement is a proportionate means of achieving a legitimate aim • The applicant or worker does not meet the requirement; or • Except in the case of sex, the University has reasonable grounds for not being satisfied that the applicant or worker meets the requirements. The requirement must indicate a clear link between the requirement and the job. Examples include jobs that require someone of a particular sex for reasons of privacy, decency or personal services. Where the position relate"", ""s to their behaviour, disruption or the risk presented to themselves or to others – then appropriate reference should be made to the Fitness to Study and Engage in Student Experience Policy, available here1. 1.4 The University also has a legal duty for the majority of its students to monitor attendance at teaching activities and to act on non-attendance. This legal duty arises from a requirement to report attendance to UK student loan agencies and to UK and overseas based external sponsors, as well as compliance responsibilities in relation to the sponsorship requirements of UK Visas and Immigration (UKVI) for the monitoring of international students studying in the UK on a student visa. 1.5 Some programmes – such as degree apprenticeships or those accredited by professional or statutory r"", ""red by the 35 to 39: Narrow fail (but compensation Four and Five, provided that 30 of these University. These examiners, usually Required. A required module that must be senior academics or persons with specific may be allowed on some programmes level 7 credits are optional. taken in a particular study year. professional expertise, are independent of study, in accordance with the For full-time programmes your workload of the University. University’s rules) Pre-requisite. Module A is a prerequisite is normally divided equally between the Less than 35: Fail. for Module B if A must have been taken They help the University to ensure that the two semesters in each year of study, before B can be taken. standards of its awards are comparable The marks scale and marking descriptors i.e.: modules t""]",0.730 | 0.545 | 0.541 | 0.539 | 0.530,5,0,1.0,67,True,10.808430099976249,
S1_basic_rag,nvidia/nvidia-nemotron-nano-9b-v2,V2Q017,What sanctions may follow a Category 2 student-conduct breach?,procedural,medium,"Category 2 breaches may attract Category 1 sanctions plus measures such as a final written warning, mandatory training or a workshop, restorative action, restrictions on contacting a complainant, or restrictions on representing the University. Sanctions should be relevant and proportionate.",Student Conduct Breaches and Indicative Sanctions — Appendix B,UOL_student_conduct2.pdf_p3_c1,"

The evidence does not explicitly list the specific sanctions that may follow a Category 2 student-conduct breach. While [2] and [3] describe the categorization of breaches and the potential escalation to Category 3 for repeated or severe Category 2 breaches, they do not provide a detailed list of sanctions for Category 2. Sanctions are described as ""indicative only"" and applied case-by-case [2], but no concrete examples are given for Category 2 in the provided evidence.
",UOL_student_conduct2.pdf_p2_c2 | UOL_student_conduct2.pdf_p2_c1 | UOL_student_conduct2.pdf_p3_c4 | UOL_student_conduct2.pdf_p2_c4 | UOL_student_conduct1.pdf_p4_c4,"[""creased and therefore subject to more severe sanctions. Similarly, there may be circumstances where, if mitigating factors are present as outlined in section 3 of this document, the category of a breach may be reduced and therefore subject to less severe sanctions. 1.3. The list of breaches that follows should not be seen as exhaustive: in cases where an alleged breach does not fit within one of the prescribed categories, the University Disciplinary Panel / Chair or Local Disciplinary Authority will use their discretion to determine the category of a breach. 1.4. Category 1 breaches are likely to be dealt with under Local Disciplinary Action procedures (Appendix A - Student Conduct Procedures, Section 3) and may warrant the imposition of one or more of the following sanctions: • A formal w"", ""Student Conduct, Complaints and Compliance 1. Categories of Breaches 1.1. The way in which the University of Liverpool categorises breaches of the Student Conduct Policy is by consideration of both the severity of the breach and the appropriateness of certain sanctions to certain types of breach. Sanctions listed are indicative only, non-exhaustive and will be applied on a case-by-case basis (i.e., considering the context of each breach), at the discretion of the disciplinary authorities. 1.2. There may be some circumstances where, if aggravating factors are present as outlined in section 2 of this document, the category of a breach may be increased and therefore subject to more severe sanctions. Similarly, there may be circumstances where, if mitigating factors are present as outlined in"", ""ences of Category 2 breaches, or a repeated Category 2 breach after a Category 2 sanction has already been imposed, be considered as a Category 3 breach. 1.8. Category 3 breaches will be considered by the University Disciplinary Panel and may warrant the imposition of one or more of the following sanctions: • Appropriate Category 1 and 2 sanctions • Suspension or permanent debarment from facilities or services provided by the University or from specific University premises. • Suspension from studies • A delay to graduation"", ""abused by the responding student) for a period not exceeding one month • Requirement to remove material published either in hard copy or electronically which is deemed to be inappropriate. • Requirement to undertake training or be re-trained in a relevant subject area (i.e. safe laboratory practice). • Such other penalty as may be deemed appropriate, provided that the sanction is both proportionate and relevant to the breach. 1.5. It is recommended that multiple occurrences of Category 1 breaches, or a repeated Category 1 breach after a Category 1 sanction has already been imposed, be considered as a Category 2 breach."", ""Sanctions. 3.2 Where an allegation about another student is made to a designated member of staff, or misconduct has been identified in some other way, they must decide if the misconduct can be dealt with under Local Disciplinary Action by referring to the Student Conduct Policy, section 8 which illustrates examples of what types of misconduct can be considered locally. They can also refer to Appendix B – Student Conduct Breaches and Sanctions which sets out a non-exhaustive list of breaches and what category they fall into. Where the conduct under consideration may relate to Freedom of Speech, advice should be sought from the Student Conduct Team. They can also provide advice on which category a APPENDIX A – STUDENT CONDUCT POLICY PROCEDURES""]",0.835 | 0.812 | 0.807 | 0.779 | 0.778,5,0,0.0,75,True,8.674082099925727,
S1_basic_rag,nvidia/nvidia-nemotron-nano-9b-v2,V2Q018,Where should a taught student submit a formal complaint about an academic matter if informal resolution is not suitable?,paraphrased,medium,"A taught student should submit it to the relevant Dean of School or Institute, or equivalent, via the relevant School or Institute Manager. The School Support Office can advise who the appropriate recipient is.",Student Complaints Policy and Procedure,"UOL_Student,Complaints,Policy,and,Procedure.pdf_p12_c2","

The answer is based on evidence [4], which specifies that for taught students, formal complaints about academic matters should be submitted to the relevant Dean of School/Institute or their equivalent, via the School/Institute Manager. 

ANSWER: A taught student should submit a formal complaint about an academic matter to the relevant Dean of School/Institute or their equivalent, via the School/Institute Manager [4].
","UOL_Student,Complaints,Policy,and,Procedure.pdf_p12_c1 | UOL_Student,Complaints,Policy,and,Procedure.pdf_p16_c3 | UOL_student_conduct1.pdf_p4_c2 | UOL_Student,Complaints,Policy,and,Procedure.pdf_p12_c2 | UOL_Student,Complaints,Policy,and,Procedure.pdf_p11_c1","[""Student Conduct, Complaints and Compliance (g) If the person with whom an issue has been raised considers action is required, they must communicate to the student what action has been taken. (h) It is envisaged that this Early Resolution is for low level concerns and would not require an investigation. If a complaint requires an investigation it shall be escalated to the formal stage below. 7. Formal Complaint (a) If a student is dissatisfied with the response they receive from Early Resolution, or if they feel unable to approach a person directly against whom they have a complaint, or they feel the complaint is serious enough to not be able to be resolved informally, they should submit a formal complaint as follows: • For students on taught programmes of study, complaints relating to an a"", ""ew; • the nature of the complaint; • all correspondence received by or provided by the student under either the Early Resolution and/or Formal Stage of this Procedure, including the University’s written response to the complaint; • a statement as to why the student remains dissatisfied; • and, without prejudice to any formal remedy which might be determined, the remedy they are seeking. The student should provide with the complaint all relevant documentation or other evidence which they wish to be taken into consideration. A student whose complaint has previously been considered under the Formal Stage is not expected to raise at the Review Stage any additional issues not previously raised, except where the issues relate to the procedural conduct of the Formal complaint consideration. 15"", ""appen again. 2.3 Notes of the conversation should be made and retained by the designated staff member in a secure location. 2.4 There is no right of appeal against actions taken under Informal Resolution, although the responding student could, if they wished the matter to be considered further, request that the matter is reviewed using the Local Disciplinary Action procedures below. This should be requested by e-mailing the member of staff who has dealt with the concern at the Informal Stage who will then refer it to Local Disciplinary Action. 2.5 If during the process of establishing the facts it becomes apparent that the misconduct is more severe than originally thought, the designated member of staff can recommend it be referred to either Local Disciplinary Action or University Discipli"", ""to be resolved informally, they should submit a formal complaint as follows: • For students on taught programmes of study, complaints relating to an academic matter should be submitted to the relevant Dean of School/Institute or their equivalent, via the relevant School/Institute Manager (School Support Offices can advise to whom such a complaint should be submitted or their equivalent at partner institutions). • For students on research programmes of study, complaints relating to an academic matter should be submitted to the relevant Faculty Director of Postgraduate Research. • Complaints about a Dean of School/Institute should be made to the Executive Pro-Vice-Chancellor for the appropriate Faculty, via the relevant Faculty Head of Education and Student Experience. • Complaints related t"", ""Student Conduct, Complaints and Compliance dealt with confidentially and that their privacy will be respected. However, it may be necessary to disclose information to others in order to deal with the complaint and/or to take appropriate actions in relation to the outcome of the complaint and in these circumstances the parties concerned will be informed of such disclosure; (iii) Where staff are invited to attend a in person/online meeting as part of a complaint investigation, they shall be entitled to be accompanied in accordance with provision set out within this Procedure. 6. Early Resolution (a) The majority of complaints can be resolved within the area in which a student has a concern at a very early stage. This could mean an on-the-spot apology and explanation if something has clearly""]",0.793 | 0.713 | 0.711 | 0.707 | 0.695,5,0,1.0,61,True,14.005366199999116,
S1_basic_rag,nvidia/nvidia-nemotron-nano-9b-v2,V2Q019,A student needs both an available campus computer and specialist help finding and referencing academic sources. Which University services should they use?,reasoning,hard,They can use the PC Finder tool to locate an available computer and contact a Liaison Librarian for help finding information and guidance on referencing sources.,University of Liverpool Postgraduate Handbook,UOL_postgraduate_handbook.pdf_p16_c8,"

The student should use the **UoL PC Finder tool** [1, 2] to book an available campus computer and the **Student Support Office** [3] for specialist help with finding and referencing academic sources. 

- The Finder tool (evidence [1, 2]) provides access to campus computers.  
- The Student Support Office (evidence [3]) offers signposting to specialized support services, including academic referencing assistance.
",UOL_postgraduate_handbook.pdf_p16_c8 | UOL_undergraduate_handbook.pdf_p16_c8 | UOL_undergraduate_handbook.pdf_p18_c8 | UOL_undergraduate_handbook.pdf_p16_c2 | UOL_postgraduate_handbook.pdf_p16_c2,"[""Finder tool to locate subjects for Humanities & Social Sciences You can book a place on an in-person an available computer by visiting https:// plus some subjects for Health &Life session or an online webinar. You also pcseats.liv.ac.uk or you can download Sciences and Science & Engineering. It have 24-hour access to interactive the tool from your App or Play Store by offers PCs, self-service laptops, bookable online tutorials on the library website. searching “UoL PC Finder”. study rooms, bookable tables with screens The MWS provides a wide range of prefor collaborative work and zones for silent, installed software. You can also use quiet and group study. PCs on campus to access the Internet, your University email, and Canvas – the University’s Virtual Learning Environment. Your Universi"", ""Finder tool to locate subjects for Humanities & Social Sciences You can book a place on an in-person an available computer by visiting https:// plus some subjects for Health &Life session or an online webinar. You also pcseats.liv.ac.uk or you can download Sciences and Science & Engineering. It have 24-hour access to interactive online the tool from your App or Play Store by offers PCs, self-service laptops, bookable tutorials on the library website. searching “UoL PC Finder”. study rooms, bookable tables with screens The MWS provides a wide range of prefor collaborative work and zones for silent, installed software. You can also use quiet and group study. PCs on campus to access the Internet, your University email, and Canvas – the University’s Virtual Learning Environment. Your Universi"", ""ures and signposting both as part of the Student Services Centre to central and specialised support services and across the wider University community. for students. For more information, please visit the Student Support Office within your School/Institute. Your University – Handbook for Undergraduate Students32 / /33"", ""e is also provided work with you through feedback. for your personal devices Wi-Fi is available The University Library There is a Reading Room for postgraduate Use your physical student card or digital in many areas, including cafés, bars and researchers, a Leisure & Wellbeing reading The University has two main libraries on student card via the MyLiverpool app to communal areas in Halls of Residence. area and several accessible study areas campus, the Sydney Jones Library and the access the libraries and to borrow and are also available, as well as a Library Get started by visiting wifi.liverpool.ac.uk. Harold Cohen Library. You can also find a return books. You can also print, photocopy Garden. The Sydney Jones Library also Halls of Residence also have wired network Veterinary branch Lib"", ""e is also provided work with you through feedback. for your personal devices Wi-Fi is available The University Library There is a Reading Room for postgraduate Use your physical student card or digital in many areas, including cafés, bars and researchers, a Leisure & Wellbeing reading The University has two main libraries on student card via the MyLiverpool app to communal areas in Halls of Residence. area and several accessible study areas campus, the Sydney Jones Library and the access the libraries and to borrow and are also available, as well as a Library Get started by visiting wifi.liverpool.ac.uk. Harold Cohen Library. You can also find a return books. You can also print, photocopy Garden. The Sydney Jones Library also Halls of Residence also have wired network Veterinary branch Lib""]",0.556 | 0.555 | 0.505 | 0.501 | 0.501,5,0,1.0,61,True,10.112621399923228,
S1_basic_rag,nvidia/nvidia-nemotron-nano-9b-v2,V2Q020,"If accepted extenuating circumstances lead to a permitted reassessment, how many re-sits or re-takes are normally allowed for each affected assessment?",paraphrased,medium,"The policy states that the student is permitted one re-sit or re-take of each examination or assessment judged to have been affected, where the Board of Examiners has offered that option.",University of Liverpool Extenuating Circumstances Policy,UOL_extenuating_circumstances_policy.pdf_p15_c3,"

The answer is that one re-sit or re-take is normally allowed for each affected assessment if extenuating circumstances are accepted. This is explicitly stated in [1], which specifies that ""you will be permitted one re-sit/re-take of each of the examinations/assessments"" affected by extenuating circumstances. [1]
",UOL_extenuating_circumstances_policy.pdf_p15_c4 | UOL_undergraduate_handbook.pdf_p27_c1 | UOL_extenuating_circumstances_policy.pdf_p15_c3 | UOL_extenuating_circumstances_policy.pdf_p13_c4 | UOL_extenuating_circumstances_policy.pdf_p15_c5,"[""i) You will be permitted one re-sit/re-take of each of the examinations/assessments judged by the Extenuating Circumstances Committee to have been affected by extenuating circumstances. This re-assessment will be treated as a ‘first attempt’ and will be uncapped. (ii) If this re-assessment itself is then affected by extenuating circumstances, then you may be permitted further re-assessment as an uncapped, first attempt. This will require you to submit a new claim for extenuating circumstances which must be as carefully documented as any prior claim and submitted using the same procedure. (iii) Following any re-assessment that is permitted by the Extenuating Circumstances Committee to be taken as a first attempt that is uncapped, the Board of Examiners will not take into account the origina"", ""(iii) Where a student fails to meet If this included re-assessment of a In the circumstances when modules are Students who meet the requirements the progression requirements and research or independent study module discontinued for the following session, for progression from Year Three to Year compensation between components is you would be given formative written students should re-sit all examinations/ Four will be given the opportunity to be allowed, if a student fails (i.e.: achieves less feedback on your first submission, clear assessments in the failed modules during re-assessed in failed Year Three modules than 40%) in a component or components guidance on the level of supervision the next session without attendance once, during but not beyond Year Four, at of the module assessment"", ""make an appropriate recommendation to the Board of Examiners on the classification of your degree. If you have had extenuating circumstances accepted for more than one passed module, you may choose for each module whether you wish to be re-assessed or to keep the original mark. 7. RE-ASSESSMENTS PERMITTED BY THE EXTENUATING CIRCUMSTANCES COMMITTEE If the Extenuating Circumstances Committee has judged that your performance has been affected by extenuating circumstances and you have been given the option by the Board of Examiners of re-taking/re-sitting the missed or affected assessment then you should note the following about re-assessment: (i) You will be permitted one re-sit/re-take of each of the examinations/assessments judged by the Extenuating Circumstances Committee to have been aff"", ""it. The usual rules with regard to marks achieved in re-assessments will apply (unless the reassessments are being regarded as ‘first attempts’ on account of extenuating circumstances). When an assessment is re-sat/re-taken as a ‘first attempt’ all the options available in relation to first attempts will be available to the Extenuating Circumstances Committee and the Board of Examiners i.e. your examination/assessment will be treated as if you had never previously taken the exam or attempted the assessment. Where the failed credit is ‘carried’ into the next year of study and then re-assessed, the Board of Examiners will not take into account the original claim of extenuating circumstances when considering progression or final degree classification. 5.3 Undergraduate programmes, final year"", ""the Extenuating Circumstances Committee to be taken as a first attempt that is uncapped, the Board of Examiners will not take into account the original claim of extenuating circumstances when considering progression or final degree classification. Whenever an examination/assessment is re-assessed, the mark achieved in the re-assessment always replaces any previous mark - even when the earlier mark is higher. 8. EXTENUATING CIRCUMSTANCES AND ELEMENTS OF ASSESSED WORK Where elements of the work making up the final mark are missing (for example, coursework) and the extenuating circumstances are accepted, the Extenuating Circumstances Committee will advise on what work must be completed in order that the final mark can be awarded. Where an assessment or assessments have been missed by a studen""]",0.739 | 0.650 | 0.633 | 0.620 | 0.619,5,0,1.0,45,True,8.111251099966466,
S1_basic_rag,nvidia/nvidia-nemotron-nano-9b-v2,V2Q021,What can the University do to protect its Student sponsor licence if a Student Route student's circumstances make continued sponsorship inappropriate?,factual,easy,"The University may administratively interrupt or withdraw the student from their programme, report the change to UKVI, and withdraw sponsorship. The student may then need to leave the UK and obtain a new CAS and Student Route visa before resuming study.",Policy on UKVI Compliance — Student Route,UOL_UKVI_complience.pdf_p13_c6,"

The University can protect its Student sponsor licence by:  
1. Reporting the student’s change of circumstances to UKVI via SMS and withdrawing sponsorship, requiring a new CAS [3].  
2. Administratively interrupting or withdrawing the student if they fail to comply with visa conditions or endanger the licence [4].  
3. Reporting failure to register and withdrawing the existing CAS, necessitating a new CAS for future study [5].
",UOL_UKVI_complience.pdf_p3_c1 | UOL_UKVI_complience.pdf_p3_c2 | UOL_UKVI_complience.pdf_p9_c2 | UOL_UKVI_complience.pdf_p14_c2 | UOL_UKVI_complience.pdf_p5_c1,"[""POLICY ON UKVI - STUDENT COMPLIANCE 1.1 The University is licensed by the UK Home Office under the Student Route rules to act as a sponsor of international students for visa purposes. By issuing a Confirmation of Acceptance for Studies (CAS) to a student, the University is stating that it wishes for the student to be granted permission to enter and remain in the UK to study at the University. 1.2 The main objectives of the Sponsor Licence are: a) To help prevent abuse of the UK migration system b) To help ensure students being sponsored are genuine and are complying with the immigration rules c) To help identify and address patterns of student behaviour that might cause concern d) To help sponsors take all reasonable steps to ensure compliance with the rules 1.3 As a licensed sponsor of in"", ""t behaviour that might cause concern d) To help sponsors take all reasonable steps to ensure compliance with the rules 1.3 As a licensed sponsor of international students, the University has specific duties and responsibilities to UK Visas and Immigration (UKVI) which it must discharge under the terms of its licence. This Policy prescribes how the University intends to discharge these responsibilities. 1.4 Unless otherwise stated, this Policy extends to all international students studying at all University campuses within the UK, including incoming taught exchange and visiting research students. 1.5 By joining the University community, students agree to abide by all its policies and procedures. Other University policies, procedures and documentation which are connected to the Policy on UKV"", ""dy, in order to protect its Student sponsor licence. Student Life will report the student’s change of circumstances to UKVI via SMS and, in so doing, will withdraw its current sponsorship of the student. The student will be required to leave the UK and any subsequent intention to resume study or research will require the student to be issued with a new CAS in order to apply for a new Student Route visa to enter the UK. 8. Expected interactions 8.1 As a licensed sponsor, the University is required to keep accurate records of student attendance and absence (authorised or non-authorised). The University discharges these responsibilities, and articulates the authority upon which action against poor attendance may be taken, under its Student Attendance Policy, Appendix E of the Code of Practice"", ""the conditions of their visa, or where an international student is found to be, or with reasonable grounds is suspected of, failing to hold current leave to remain in the UK which allows them to study on a University programme, or where an international student is otherwise deemed to be endangering the University’s Student sponsor licence, the University reserves the right to administratively interrupt or withdraw the student from their programme of study, in order to protect its Student sponsor licence. 16. Support for international students 16.1 International Advice and Guidance (IAG), based in Student Services, provides professional and expert advice and support to international students. Staff are qualified to advise international students who require an extension to their current leav"", ""POLICY ON UKVI - STUDENT COMPLIANCE 3.4 Depending on the results of this investigation, the University will note the student’s failure to register and, in some cases and subject to conditions, agree to defer a student’s registration until the next available entry point. In such cases, the student’s failure to register will be reported to UKVI via the Sponsor Management System (SMS) within ten calendar days of the end of the prescribed enrolment period. In so doing, the University will withdraw the existing CAS and hence its current sponsorship of the student. Any later entry point or further application to study at the University would require the student to be issued with a new CAS in order to apply for a new Student Route visa to enter the UK. 3.5 In exceptional cases, and subject to agr""]",0.697 | 0.659 | 0.647 | 0.636 | 0.634,5,0,0.0,66,True,16.267228199983947,
S1_basic_rag,nvidia/nvidia-nemotron-nano-9b-v2,V2Q022,What protections and responsibilities apply to a student who makes a complaint in good faith?,paraphrased,medium,"The student should be treated fairly and consistently and should not suffer disadvantage or recrimination for a good-faith complaint. Students are also expected not to make vexatious, frivolous or malicious complaints, which may lead to disciplinary action.",Student Complaints Policy and Procedure,"UOL_Student,Complaints,Policy,and,Procedure.pdf_p9_c2","

The protections for a student making a complaint in good faith include:  
- The University will act fairly and reasonably [2a].  
- The student will not suffer any disadvantage or recrimination as a result of the complaint [2d, 3i].  

The responsibilities include:  
- The student must not make a vexatious, frivolous, or malicious complaint, as disciplinary action may follow [3ii].  

These are based on the key principles and expectations outlined in the Student Complaints Policy and Procedure.
","UOL_Student,Complaints,Policy,and,Procedure.pdf_p20_c1 | UOL_Student,Complaints,Policy,and,Procedure.pdf_p6_c1 | UOL_Student,Complaints,Policy,and,Procedure.pdf_p9_c2 | UOL_Student,Complaints,Policy,and,Procedure.pdf_p8_c1 | UOL_Student,Complaints,Policy,and,Procedure.pdf_p4_c4","[""Student Conduct, Complaints and Compliance 19"", ""Student Conduct, Complaints and Compliance 2. Key Principles in Dealing with Student Complaints The key principles underpinning this Policy and Procedure, which are based on principles of natural justice, are that: a) The University will act fairly and reasonably in all circumstances; b) The University will follow its own procedures in all circumstances; c) Decisions will be taken on the balance of probabilities; d) Complainants will not suffer any disadvantage or recrimination as the result of making a complaint in good faith. 3. Authority for Action a) The Senate will oversee the right of students to raise a complaint. Any changes to this Policy and Procedure shall be approved by the Senate and the Council following consultation with relevant members of the University and the Liverpool G"", ""ith the Student Charter and other University policies, the University acknowledges the rights of students and sets out expectations of how students will interact with the Complaints Procedure as follows: (i) Students will be treated fairly and consistently within the Procedure under this Policy and will not suffer any disadvantage or recrimination as the result of making a complaint in good faith; (ii) Students are expected not to make a vexatious complaint or for a complaint to be made frivolously or with malice. Where a complaint is adjudged to be vexatious, made frivolously, or with malice, disciplinary action may be taken against the complainant under the Student Conduct Policy; (iii) The University understands that students who are dissatisfied may be experiencing frustration or stres"", ""Student Conduct, Complaints and Compliance Protection Act. In providing permission for the University to correspond with a third party, the student shall accept that this may include disclosure to the third party of relevant information about their academic standing, conduct and behaviour, issues of health or disability or other personal circumstances, level of engagement with University statutes, ordinances, regulations, policies, procedures and services and any other personal information about them which the University deems pertinent to the issues of their complaint. Any response to a complaint made on behalf of a student by a third party shall be provided to both the third party and the student. Where a complaint is made by a third party on behalf of the student, the complaint must sti"", ""held, we will seek to put things right for a student where possible. If a complaint is not upheld, we will give reasons for the decision. e) Other University policies and procedures which are connected to the Student Complaints Policy and Procedure are set out below: • Student Charter – available in the Your University Handbooks • Bullying and Harassment Policy • Student Conduct and Student Disciplinary Procedures • Staff Disciplinary Procedures • Fitness to Practise Procedures 3""]",0.713 | 0.688 | 0.680 | 0.668 | 0.658,5,0,1.0,77,True,7.817736299941316,
S1_basic_rag,nvidia/nvidia-nemotron-nano-9b-v2,V2Q023,A complaint reviewer must always meet or correspond with the student throughout the review. Is that correct?,adversarial_false_premise,hard,"No. The Reviewer will not normally correspond with or meet the student during the review, except where communication is necessary, such as to set deadlines for additional information. The Reviewer then reports findings and any recommendations in writing.",Student Complaints Policy and Procedure,"UOL_Student,Complaints,Policy,and,Procedure.pdf_p17_c3","

The statement is incorrect. According to evidence [2], the Reviewer ""will not normally correspond with or meet with the student during the course of their Review,"" except to set deadlines for additional information. This means direct meetings or correspondence are not required throughout the review process. [2]
","UOL_Student,Complaints,Policy,and,Procedure.pdf_p17_c2 | UOL_Student,Complaints,Policy,and,Procedure.pdf_p17_c3 | UOL_Student,Complaints,Policy,and,Procedure.pdf_p15_c1 | UOL_Student,Complaints,Policy,and,Procedure.pdf_p17_c1 | UOL_Student,Complaints,Policy,and,Procedure.pdf_p13_c1","[""receive a written response with the outcome of the Review. This will normally be communicated to the student within 10 working days. g) The Director of Student Experience and Enhancement shall appoint a person or persons within the University (‘the Reviewer’) who has no material interest in the complaint and who has had no substantive involvement with any previous consideration of the complaint. The Reviewer shall normally seek to resolve the issue on the basis of consideration of the documentation provided by the student and such additional evidence as the Reviewer may consider it necessary to gather. Where the Reviewer gathers verbal responses from any person within or outside of the University, a written record of those responses shall be made. The Reviewer will not normally correspond"", ""nses from any person within or outside of the University, a written record of those responses shall be made. The Reviewer will not normally correspond with or meet with the student during the course of their Review. The exception to this is where it is necessary to correspond to set deadlines for receipt of additional information h) Upon completion of the Review, the Reviewer shall make a written report to the Director of Student Experience and Enhancement stating their findings in relation to whether or not the complaint is upheld in whole, in part or not upheld and will make recommendations if appropriate. The Director of Student Experience and Enhancement shall determine what action, if any, shall be taken and shall communicate this in writing to the student and all other relevant parti"", ""Student Conduct, Complaints and Compliance m) The investigator shall normally either offer the student the opportunity to attend an in person/online meeting or hold a conversation with the student by telephone/online. If the student is offered an opportunity to attend an in person/online meeting, they have the right to decline or to request instead a discussion by telephone or through other means of communication. The investigator may also meet with the person against whom a complaint has been made (in which case the person is expected to make themselves available). If such meetings are held, the student and the person against whom a complaint has been made shall both be entitled to be accompanied by a friend or colleague or other member of the University. n) Where the investigator believe"", ""Student Conduct, Complaints and Compliance Where the Director of Student Experience and Enhancement considers that the new issues have been raised, they shall consider whether they can be investigated appropriately within the timescale for consideration of the Review or whether the student should be asked to raise them as a separate complaint under the Formal Stage. f) An acknowledgment of receipt of a request for a Review will normally be made to the student within five working days and shall include the deadline by which the student can expect to receive confirmation if they have met the grounds for a Review and if applicable when they will receive a written response with the outcome of the Review. This will normally be communicated to the student within 10 working days. g) The Director"", ""Student Conduct, Complaints and Compliance • details of the response received • and, without prejudice to any formal remedy which might be determined, the remedy they are seeking. c) Where a complaint is made by a group of students, one student should be clearly nominated as the main point of contact for those handling the complaint. Findings and decisions should, however, be provided to each member of the group of students. d) Where a complaint is submitted without the pro-forma being completed or not completed in full, the University reserves the right not to consider the complaint until the pro-forma has been properly completed and submitted. e) Students are expected to provide at the time of submission of their formal complaint, all relevant documentation or other evidence and details""]",0.586 | 0.578 | 0.556 | 0.525 | 0.513,5,0,1.0,47,True,8.040376499993727,
S1_basic_rag,nvidia/nvidia-nemotron-nano-9b-v2,V2Q024,What happens to a Student Route visa holder who reaches Stage Three and then fails to meet the agreed re-engagement conditions?,factual,easy,"They must be referred to the UKVI Attendance Compliance Panel rather than the normal progression route. The panel should be convened within a further ten working days, and the student does not have to attend unless specifically invited.","Student Attendance Policy — Revised July 2025, Version 1.3","UOL_StudentAttendancePolicy-REVISEDJUL2025,v1.3.pdf_p9_c5","

The Student Route visa holder who reaches Stage Three and fails to meet the agreed re-engagement conditions must be referred to the UKVI Attendance Compliance Panel. This is explicitly stated in [3], which specifies that such students are referred to the UKVI panel (rather than a Progression Board) and that the panel should be convened within ten working days. The student is not required to attend unless specifically invited. 

[3]
","UOL_StudentAttendancePolicy-REVISEDJUL2025,v1.3.pdf_p9_c4 | UOL_StudentAttendancePolicy-REVISEDJUL2025,v1.3.pdf_p7_c4 | UOL_StudentAttendancePolicy-REVISEDJUL2025,v1.3.pdf_p9_c5 | UOL_UKVI_complience.pdf_p8_c2 | UOL_StudentAttendancePolicy-REVISEDJUL2025,v1.3.pdf_p9_c2","[""aspects of the decision were unreasonable and explain why); (iii) there is new evidence available, which materially impacts on the outcome and which, for valid reasons, could not have been submitted at an earlier stage; (iv) That there is bias or reasonable perception of bias during the procedure; (v) That the penalty imposed was disproportionate or not permitted under the procedures. 5.11 The withdrawal reason must be recorded as ‘Withdrawn for poor attendance’ on the student record system. 5.12 Student Route visa holding students will also continue to progress through the standard stages of the attendance policy and receive the support offered through the various intervention points. 5.13 Student Route visa holding students who reach stage 3 and do not meet the conditions of reengagement"", ""after Stage Three has been reached; fails to attend the Attendance Progress Review Meeting; or fails to take any recommended action(s) which have been put in place to seek to mitigate any issues they are experiencing, then the student’s case will be referred to a formal Progression Board of Examiners or Progress Panel (acting on behalf of a Board of Examiners). For Student Route visa holding students, please refer to section 5.13. 4.10 The formal Progress Panel/Progression Board of Examiners should be convened within a further ten working days. The student is not required to attend the meeting of the Progress Panel/Progression Board of Examiners, unless they are specifically invited to do so. 4.11 A detailed record of all notes, correspondence and action plans shall be retained within stu"", ""red through the various intervention points. 5.13 Student Route visa holding students who reach stage 3 and do not meet the conditions of reengagement following the meeting, as outlined in section 4.12, must be referred to the UKVI Attendance Compliance Panel (rather than a formal Progression Board of Examiners or Progress Panel acting on behalf of a Board of Examiners). The UKVI Attendance Compliance Panel should be convened within a further ten working days. The student is not required to attend the meeting, unless they are specifically invited to do so. Student Attendance Policy Page 9"", ""rocessed. The reporting of the circumstances identified in section 6.3 will have no material effect on the Student Route visa. 6.5 Student Life will not report the following non-exhaustive list of events to UKVI: a) Any explained and authorised short-term2 absence from study or research b) Any isolated instance or limited sequence of absence from timetabled activity3 7. Student Route visa applications for currently registered students 7.1 International students who require an extension to their Student Route visa in order to undertake a new programme at the University will be issued with a CAS as part of the admissions process. 7.2 International students who require an extension to their Student Route visa in order to remain on their current programme must request a CAS from Student Life a"", ""esent each area. The panel will review the list of students, considering any feedback from the relevant School. The panel will assign an outcome for each student: • Continue o Student has since re-engaged, and the panel deems the visa compliance risk to be negated • Withdrawn o Student has failed to re-engage and is in breach of their Student Route visa conditions • Extended monitoring o Student has submitted circumstances that prevented them from attending teaching sessions that have been accepted by the panel and/or attendance has improved but the panel deems the pattern of previous attendance high-risk o The panel will be reconvened to review these cases 5.9 Students shall have the right of appeal to the Director of Student Experience and Enhancement against any decision to terminate th""]",0.680 | 0.634 | 0.616 | 0.601 | 0.584,5,0,1.0,70,True,9.210577399935573,
S1_basic_rag,nvidia/nvidia-nemotron-nano-9b-v2,V2Q025,What basic security precautions does the Undergraduate Handbook recommend for personal property and accommodation?,factual,easy,"Students should lock doors and windows when leaving, avoid leaving valuables unattended, secure bicycles properly, and report theft or incidents promptly to the Police and University Campus Support Services.",University of Liverpool Undergraduate Handbook,UOL_undergraduate_handbook.pdf_p13_c5,"

The Undergraduate Handbook recommends the following basic security precautions:  
1. Report any security concerns immediately to necessary personnel [1].  
2. Ensure accommodation has proper security arrangements, such as window locks and good locks on doors [3].  
3. Secure personal vehicles by locking them and removing the ignition key when unattended [3].  
4. Use the University’s two-way radio system for emergency assistance in accommodation [1].  

These measures are explicitly stated in the Undergraduate Handbook evidence [1] and [3].
",UOL_undergraduate_handbook.pdf_p13_c9 | UOL_postgraduate_handbook.pdf_p13_c9 | UOL_undergraduate_handbook.pdf_p13_c1 | UOL_postgraduate_handbook.pdf_p13_c1 | UOL_postgraduate_handbook.pdf_p14_c1,"[""is designed to provide a central control you should report this immediately to a necessary. If you are living in private rented point to deal with enquiries and to control member of the on-site halls staff or by accommodation, you will need to make the University’s security arrangements. A calling the emergency number for your your own arrangements to insure your two-way radio system between the office building. belongings. and the outside security staff is in operation whereby immediate assistance can be organised in an emergency. Your University – Handbook for Undergraduate Students22 / /23"", ""is designed to provide a central control you should report this immediately to a necessary. If you are living in private rented point to deal with enquiries and to control member of the on-site halls staff or by accommodation, you will need to make the University’s security arrangements. A calling the emergency number for your your own arrangements to insure your two-way radio system between the office building. belongings. and the outside security staff is in operation whereby immediate assistance can be organised in an emergency. Your University – Handbook for Postgraduate Students22 / /23"", ""At home When you are looking for private rented Following these points can help to secure Online accommodation, it is worth considering the your vehicle: You should take just as much care at It’s important to protect your resources level of security at the property: are there home. Whether you live in University Cars and information, as well as your personal window locks, for example, and good locks Accommodation or in private When you leave your car, ensure it is safety and privacy when online. Computer on the front and back doors? accommodation, it is important that you locked, and all windows are closed Services have information about computer are aware of security, and that you secure Liverpool Student Homes are the University- Always remove the ignition key and online security www.liv"", ""At home When you are looking for private rented Following these points can help to secure Online accommodation, it is worth considering the your vehicle: You should take just as much care at It’s important to protect your resources level of security at the property: are there home. Whether you live in University Cars and information, as well as your personal window locks, for example, and good locks Accommodation or in private When you leave your car, ensure it is safety and privacy when online. Computer on the front and back doors? accommodation, it is important that you locked, and all windows are closed Services have information about computer are aware of security, and that you secure Liverpool Student Homes are the University- Always remove the ignition key and online security www.liv"", ""With the aim of preventing unauthorised If you have been a victim of a crime, you Clean up any spillages you see or create. Do not damage anything that has been persons from entering buildings, the should first report this to the Police and If you see any unsafe conditions whilst provided for your safety (eg directional building management staff and security Campus Support to ensure your safety and moving around the campus (eg damaged signage, fire extinguishers, fire doors, etc). staff have been instructed to ask strangers security before seeking further support. flagstones, potholes in roads, torn carpets Accidents and incidents to produce evidence of identity, and in buildings, etc) bring it to the attention www.liverpool.ac.uk/studentsupport/ All accidents (including ‘near miss’ studen""]",0.610 | 0.596 | 0.579 | 0.579 | 0.543,5,0,0.0,77,True,15.75554500008002,
S1_basic_rag,nvidia/nvidia-nemotron-nano-9b-v2,V2Q026,"According to the Postgraduate Handbook, how should students protect belongings and report a crime?",paraphrased,medium,"Students should secure doors, windows and bicycles, avoid leaving possessions unattended, and report crime to the Police—101 for non-emergencies or 999 for emergencies—and to University Campus Support Services where appropriate.",University of Liverpool Postgraduate Handbook,UOL_postgraduate_handbook.pdf_p13_c6,"

Students should declare any police incidents, arrests, or convictions [1], and in cases of loss or damage to property, they may be required to make good the damage or loss, up to £1500 [1].
",UOL_postgraduate_handbook.pdf_p36_c9 | UOL_postgraduate_handbook.pdf_p36_c8 | UOL_student_conduct1.pdf_p3_c4 | UOL_student_conduct2.pdf_p2_c3 | UOL_student_conduct1.pdf_p9_c1,"[""as specified period, or it may expel a student Designated staff have the authority to will decide whether there is sufficient outlined above by completing a Criminal from the University. In the event of loss or act under the Student Conduct Policy in evidence to refer the matter to University Offences Declaration Form and sending damage to property, the Panel may also relation to Informal Resolution and Local Disciplinary Action (full hearing or Chair’s this to the Student Conduct Team via email require that such loss or damage be made Disciplinary Action. These are Heads of Action) or to Local Disciplinary Action. In good, either in whole or in part. Appendix B (E: studentconduct@liverpool.ac.uk). You Department, Deans of Academic Schools such cases responding students will be are respon"", ""of contribute to the case and Local Disciplinary Action is generally used it may impose a fine or other appropriate section 13 of the Section 13 of the Student the collection of evidence by the University’s for misconduct breaches that are generally sanction including requiring a student Conduct Policy. Investigating Officer. The Investigating contained incidents and/or persistent to attend a workshop or course, it may Officer will submit a report to the Student Students should declare any Police minor incidents of misconduct. suspend a student from the University for a Conduct Manger (or nominee), and they investigation, arrest or conviction as specified period, or it may expel a student Designated staff have the authority to will decide whether there is sufficient outlined above by compl"", ""be followed. Informal Resolution or Local Disciplinary Action should be instigated for less serious breaches. 1.6 If no formal disciplinary action is being taken, with the consent of the reporting party, the University may advise a student that concerns have been raised regarding their conduct in the hope that such conduct (if it had occurred) will not be repeated. 1.7 This procedure does not seek to reproduce elements of criminal law and is not a formal legal process. Students should be aware that the University does not have the legal investigatory powers of Police and cannot make any determination on criminal guilt. Any internal investigation is focused on whether a breach of the Student Conduct Policy has occurred. This internal process cannot be regarded APPENDIX A – STUDENT CONDUCT P"", ""procedures (Appendix A - Student Conduct Procedures, Section 3) and may warrant the imposition of one or more of the following sanctions: • A formal written warning or a final written warning (for a repeated offence). • A fine, not exceeding £200 (which will normally be a suspended fine for a first breach) • A requirement, in the event of non-accidental or wilful damage to or loss of property, that such damage or loss be made good, either in whole or in part, limited to a total value of £1500 • Withdrawal of access to specific University services or facilities or specific University premises (particularly any services, facilities or premises abused by the responding student) for a period not exceeding one month • Requirement to remove material published either in hard copy or electronicall"", ""Student Conduct, Complaints and Compliance 5 Risk Assessment Panel Procedures 5.1 A Risk Assessment Panel will be convened where it emerges that there are circumstances involving a student or students which suggest that a formal evaluation is needed of the risks associated with the situation. This is for their own health, safety and/or wellbeing and/or that of others, the wider University community, in the interest of public safety or the reputation of the University or an external partner or agency and/or its proper functioning and/or activities. 5.2 A suitable member of the Student Conduct Team, where applicable and necessary, will seek the views of the reporting student (if applicable) about precautionary measures which would help them to feel safe on campus prior to a Risk Assessment P""]",0.637 | 0.619 | 0.605 | 0.604 | 0.590,5,0,0.0,34,True,11.849461699952371,
S1_basic_rag,nvidia/nvidia-nemotron-nano-9b-v2,V2Q027,What is the purpose of the Stage Two attendance meeting?,paraphrased,medium,"It is an informal meeting to discuss the student's absence in more detail and to agree an action plan for any academic or pastoral support needed, with the expectation that attendance resumes as soon as possible.","Student Attendance Policy — Revised July 2025, Version 1.3","UOL_StudentAttendancePolicy-REVISEDJUL2025,v1.3.pdf_p7_c2","

The purpose of the Stage Two attendance meeting is to discuss the student's absence in detail, allowing the student to explain their circumstances, and for the School (in collaboration with the student) to develop an action plan to address any required academic or pastoral support. This aims to facilitate the student's return to attendance as soon as possible [1][2].
","UOL_StudentAttendancePolicy-REVISEDJUL2025,v1.3.pdf_p7_c2 | UOL_StudentAttendancePolicy-REVISEDJUL2025,v1.3.pdf_p7_c1 | UOL_StudentAttendancePolicy-REVISEDJUL2025,v1.3.pdf_p6_c3 | UOL_StudentAttendancePolicy-REVISEDJUL2025,v1.3.pdf_p7_c3 | UOL_student_conduct1.pdf_p5_c3","[""ts. 4.6 Escalation to Stage Two will involve the student being invited – physically or virtually – to an informal meeting to discuss their absence. The meeting will be an opportunity for the student to discuss their circumstances in more detail, and for the School – in liaison with the student – to draw up an action plan in relation to any further academic and/or pastoral support that might be required. It is expected that the student will resume attendance on their programme at the earliest possible opportunity following agreement of this action plan. Stage Three 4.7 Students will be escalated to Stage Three in one or more of the following circumstances: • Where the student fails to attend the arranged informal meeting, unless exceptional circumstances are offered and accepted by the Scho"", ""STUDENT ATTENDANCE POLICY 4.4 If a student has good underlying reasons96for a lack of attendance then it is vitally important that they inform their School Support Office, where possible using the appropriate system in place for reporting an absence, in order to prevent further escalation and for the correct help and/or course of action to be offered. It is expected that the student will resume attendance on their programme at the earliest possible opportunity following this initiation of contact. Stage Two 4.5 Students will be escalated to Stage Two in the event that their absence extends to eight consecutive unauthorised missed contact points. 4.6 Escalation to Stage Two will involve the student being invited – physically or virtually – to an informal meeting to discuss their absence. Th"", ""4.1 The monitoring of student attendance is a supportive – not a punitive – measure. The intention of the University’s interventions and escalation process is to assist and support students to get the help they might need and, wherever possible, to resume attendance on their programme. 4.2 Students will enter a staged escalation process should five consecutive contact points (as defined in section 2.9) be missed and recorded as unauthorised. Stage One 4.3 Students who reach the threshold identified in section 4.2 (or, where applicable, breach the requirements described in sections 2.12 and 2.15) will be escalated to Stage One. A notification will be sent to the student to alert them to their attendance record, and to signpost them to appropriate mechanisms of support. The student will be"", ""ircumstances: • Where the student fails to attend the arranged informal meeting, unless exceptional circumstances are offered and accepted by the School, in which case a further meeting shall be arranged; • Where the student’s absence extends to fifteen consecutive unauthorised missed contact points. 4.8 Students entering Stage Three will be invited to attend an Attendance Progress Review Meeting. An action plan will be developed – which the student will be expected to adhere to – and attendance on the student’s programme is expected to resume at the earliest possible opportunity. 4.9 If a student fails to resume attendance on their programme after Stage Three has been reached; fails to attend the Attendance Progress Review Meeting; or fails to take any recommended action(s) which have bee"", ""in which case, it is advised that at least 4 working days’ notice is provided. Students can be accompanied at any investigation meeting by one other person for support purposes. Students should be advised in writing that they can seek independent advice and representation from the Liverpool Guild of Students Advice Service. 3.6 Students should be informed of the time and location of the meeting and the people who will be present. This would normally be the relevant designated member of staff and an independent note-taker. The role of the note taker is to list attendees, detail the allegation(s) being made, and summarise the discussion that has taken place. All circumstances surrounding the meeting should be noted, e.g. the behaviour of the student during the meeting. 3.7 Following the meet""]",0.588 | 0.568 | 0.525 | 0.517 | 0.503,5,0,1.0,59,True,7.726377199986018,
S1_basic_rag,nvidia/nvidia-nemotron-nano-9b-v2,V2Q028,"If a student cannot receive meningitis immunisation before starting University, whom should they contact for advice?",procedural,medium,They should contact Student Health for advice. The handbook provides Student Health contact details for students needing guidance on meningitis immunisation.,University of Liverpool Undergraduate Handbook,UOL_undergraduate_handbook.pdf_p15_c7,"

ANSWER: They should contact their family doctor to be immunised [1, 2, 3, 4, 5].
",UOL_undergraduate_handbook.pdf_p15_c7 | UOL_postgraduate_handbook.pdf_p15_c7 | UOL_undergraduate_handbook.pdf_p15_c6 | UOL_postgraduate_handbook.pdf_p15_c6 | UOL_undergraduate_handbook.pdf_p15_c1,"[""e issues. provide advice and support on any of these maximum protection, you should have with information about symptoms from The possession and supply of certain drugs issues or can direct you to specialist clinics. been immunised against Meningitis before Meningitis Now. attending the University and we urge you to is a criminal offence and the University Because of their clinical involvement during see your family doctor to be immunised at For further information contact strictly upholds its legal obligation to their course of study, students in Medicine, least two weeks before starting University. If prevent such activities taking place Student Health T: +44 (0)151 285 4578 Dentistry and Health Sciences have a you are unable to receive immunisation in on its premises. special obligation"", ""e issues. provide advice and support on any of these maximum protection, you should have with information about symptoms from The possession and supply of certain drugs issues or can direct you to specialist clinics. been immunised against Meningitis before Meningitis Now. attending the University and we urge you to is a criminal offence and the University Because of their clinical involvement during see your family doctor to be immunised at For further information contact strictly upholds its legal obligation to their course of study, students in Medicine, least two weeks before starting University. If prevent such activities taking place Student Health T: +44 (0)151 285 4578 Dentistry and Health Sciences have a you are unable to receive immunisation in on its premises. special obligation"", ""our life. If you are concerned about any symptoms, contact to alcohol, smoking, drugs and sex (more (such as needles, syringes, spoons, water, a matter of hours. The Meningitis ACWY a doctor. information on these services can be found filters) are at high risk of HIV infection. vaccine is offered to all young people in the in Chapter Six). The NHS also provides a The risk is minimised by never sharing UK aged 18. This vaccine protects against Remember – early treatment saves lives. wide range of useful information on all of injection equipment. Student Health can Meningitis C and Meningitis W. To achieve You can download a smartphone app these issues. provide advice and support on any of these maximum protection, you should have with information about symptoms from The possession and suppl"", ""our life. If you are concerned about any symptoms, contact to alcohol, smoking, drugs and sex (more (such as needles, syringes, spoons, water, a matter of hours. The Meningitis ACWY a doctor. information on these services can be found filters) are at high risk of HIV infection. vaccine is offered to all young people in the in Chapter Six). The NHS also provides a The risk is minimised by never sharing UK aged 18. This vaccine protects against Remember – early treatment saves lives. wide range of useful information on all of injection equipment. Student Health can Meningitis C and Meningitis W. To achieve You can download a smartphone app these issues. provide advice and support on any of these maximum protection, you should have with information about symptoms from The possession and suppl"", ""Departmental Safety It is also a criminal offence to produce, Meningitis Am I at risk? Coordinators supply, possess with the intent to supply, Meningitis can be caused by a variety Next to children, teenagers and young or import psychoactive substances, as of organisms, only some of which are adults are the group most at risk from Every academic area and student halls of defined under the Psychoactive Substances potentially fatal. For example, viral meningitis. The vast majority of cases are residence will have a Departmental Safety Act 2016. meningitis can cause flu-like symptoms isolated ones and the bacteria can only be Coordinator who advises on health and safety, carries out inspections, and who is All students studying on any campus which are sometimes quite severe but passed on by p""]",0.825 | 0.825 | 0.712 | 0.712 | 0.612,5,0,1.0,15,True,9.12848140008282,
S1_basic_rag,nvidia/nvidia-nemotron-nano-9b-v2,V2Q029,What approach does the University take before applying certain academic sanctions for outstanding programme-fee debt?,paraphrased,medium,It undertakes an annual risk-based review of outstanding programme-fee debts and uses the results to inform decisions before applying the academic sanctions identified in the policy.,University of Liverpool Payment Policy 2026-27,"UOL_payment_policy_2026,2027.pdf_p7_c5","

The University of Liverpool undertakes an annual risk-based review of all outstanding programme fee debts, and the results of this review inform its decision-making process before applying academic sanctions [1].
","UOL_payment_policy_2026,2027.pdf_p7_c5 | UOL_payment_policy_2026,2027.pdf_p7_c4 | UOL_payment_policy_2026,2027.pdf_p7_c3 | UOL_payment_policy_2026,2027.pdf_p7_c1 | UOL_payment_policy_2026,2027.pdf_p3_c3","[""academic sanctions identified in sections 7.5 and 7.6 and will undertake an annual risk-based review of all outstanding programme fee debts, the results of which it will use to inform its decision making before seeking to apply such academic sanctions. 7.8 Where a student in debt to the University for programme fees ceases to be a registered student of the University – and where all other avenues for debt collection have been exhausted – the University Page 7 of 10"", ""financial position. Section 11 provides contact details for help and support. 7.5 Under normal circumstances, students in debt to the University for programme fees at the end of a given academic year will be prevented from registering for a new academic year until such time that all outstanding debts have been paid. 7.6 Under normal circumstances, students in debt to the University for programme fees one calendar month before the date of the award of a degree, diploma or certificate will be deemed ineligible to be presented for such an award. 7.7 The University will in all cases seek to adopt a proportional approach to the application of the academic sanctions identified in sections 7.5 and 7.6 and will undertake an annual risk-based review of all outstanding programme fee debts, the resul"", ""er 1 June 2027 for those whose programmes start in January 2027), where a student fails to make the necessary programme fee payment(s) in accordance with the remainder of their relevant published payment plan, the University will notify the student in writing and give them 5 working days’ notice to settle the outstanding account balance. Where the student fails to make good their outstanding balance within 5 working days, the University will seek to apply sanctions as prescribed in section 7.1. 7.4 Students placed on sanctions are encouraged to contact the Student Fees and Funding Office at the earliest available opportunity to discuss their financial position. Section 11 provides contact details for help and support. 7.5 Under normal circumstances, students in debt to the University for p"", ""not be charged for the month of their leaving where the change in registration takes effect on or before the fourteenth day. 6.7 Any refund due following the application of this policy will be made to the person or account from which the original payment was received. 6.8 Where monies are owed to the University following the application of this policy, students will be made directly liable for all outstanding debt. 7. Academic Sanctions 7.1 Where by 1 February 2027 (or by 1 June 2027 for those whose programmes start in January 2027) a student fails to make the necessary programme fee payment(s) in accordance with their relevant published payment plan, the University will seek to restrict their access to a range of services. This will include access to Library services and the removal of th"", ""hat their programme and/or research support fee is paid. Where a student’s sponsor defaults on any fee payment arrangement, the sponsor’s invoice will be cancelled and the debt will be transferred to the student’s account for immediate payment. Where fees remain outstanding, the University will apply academic sanctions in accordance with section 7. 4. Self-Funding 4.1 Students self-funding all or part of their programme fee must familiarise themselves with the available payment plans before the start of each academic session. Failure to adhere to the correct published payment plan will result in sanctions being applied as described in section 7. 4.2 Where a research support fee is raised, this will be charged collectively with the programme fee and hence students should take account of the""]",0.867 | 0.826 | 0.730 | 0.717 | 0.702,5,0,1.0,30,True,12.493923399946652,
S1_basic_rag,nvidia/nvidia-nemotron-nano-9b-v2,V2Q030,Where can a student experiencing financial hardship seek University support?,procedural,medium,"University support can include discretionary help through the University Hardship Fund, possible short-term loans in some circumstances, and advice on student loans, grants and other support through the relevant student-support services.",University of Liverpool Undergraduate Handbook,UOL_undergraduate_handbook.pdf_p19_c2,"

The student can seek support from the Money Advice and Guidance service or the International Advice and Guidance team, as outlined in the University's Payment Policy 2026-27 [2]. These offices provide direct assistance for financial hardship, including advice on student loans, grants, and hardship funds. Additionally, the University Hardship Fund and Guidance team (mentioned in [1] and [3]) offer discretionary financial help and support for students in need.
","UOL_undergraduate_handbook.pdf_p19_c2 | UOL_payment_policy_2026,2027.pdf_p10_c2 | UOL_postgraduate_handbook.pdf_p19_c7 | UOL_payment_policy_2026,2027.pdf_p2_c1 | UOL_postgraduate_handbook.pdf_p19_c9","[""offer the following services: in safe and welcoming environment. and support needs, which may include: Advise your academic School/ Discretionary financial help through the You will find details of our programme of Programme-centred support Department/Institute about the support University Hardship Fund for students activities on our website: liverpool.ac.uk/ you may need experiencing financial hardship; In some Exam adjustments studentsupport/mental-wellbeing/ Assist and support you to access cases, we can offer short-term loans wellbeing-advice/activities/ Library-related support disability-related funding when other funding has been delayed; Campus accessibility We work closely with our colleagues Provide assistive software and equipment Advise on student loans and grants for Specialis"", ""experiencing financial hardship should contact the following: Money Advice and Guidance, Student Services Centre, Alsop Building, University Square, Liverpool, L3 5TX Tel: +44(0)151 795 1000 Email: money@liverpool.ac.uk 11.4 International students experiencing difficulties should contact the following: International Advice and Guidance, Student Services Centre, Alsop Building, University Square, Liverpool, L3 5TX Tel: +44(0)151 795 1000 Email: iagteam@liverpool.ac.uk Page 10 of 10"", ""as and family visitors, personal and and Guidance team. The team meets Advise your academic School/ Discretionary financial help through the cultural issues, integration, safety and with disabled students to identify and Department/Institute about the support University Hardship Fund for students wellbeing. If IAG cannot help directly, they recommend reasonable adjustments you may need experiencing financial hardship; In some have a wide range of contacts and can and support needs, which may include: Assist and support you to access cases, we can offer short-term loans refer you to another service that can assist. when other funding has been delayed; Programme-centred support disability-related funding IAG offers an induction programme in Advise on student loans and grants for September ca"", ""1.7 Where a suitable arrangement to pay accommodation fees, student fines or student charges has not been made in any given session, in accordance with the relevant section of this Policy, or where a student defaults on any such fee payment arrangement, the University will seek to deploy formal external debt recovery proceedings, which may ultimately result in County Court judgements. 1.8 Where students are experiencing difficulties in making payments, or wish to enquire about fees and/or charges that have been raised and/or fines that have been levied, help and support is available as outlined in section 11. PROGRAMME AND RESEARCH SUPPORT FEES 2. Student Finance (Home Undergraduate Students) 2.1 Depending on where they normally live, all students requiring financial support should make an"", ""ing during/after your studies, visas 1-1 helper support interrupting, withdrawing or repeating to support them to support you. for travelling in Europe, improving English Specialist study support. elements of the course; language skills and how to extend your To learn more about the University's Debt Advice Service – (including liaising student visa. support arrangements for disabled with creditors if necessary); students, please refer to the Policy Advice on eligibility for welfare benefits; Regarding Reasonable Adjustments and One-to-one or group budgeting sessions Support for Disabled Students 2024. Your University – Handbook for Postgraduate Students34 / /35""]",0.671 | 0.656 | 0.651 | 0.644 | 0.619,5,0,1.0,68,True,8.78471699997317,
S1_basic_rag,nvidia/nvidia-nemotron-nano-9b-v2,V2Q031,How is an undergraduate degree classification primarily determined according to the handbook?,factual,easy,"It uses an overall average of weighted marks, including the relevant weighting between later years, with profiling used for students whose averages fall at classification boundaries.",University of Liverpool Undergraduate Handbook,UOL_undergraduate_handbook.pdf_p29_c9,"

The undergraduate degree classification is primarily determined by the average mark/module profile, considering the number of credits and specific rounding rules for borderline cases. If a student meets the required credits (e.g., 300+ for a classified honours degree) and their average mark/profile aligns with the classification criteria (e.g., rounding rules in [3]), they may be awarded a classified degree. The Board of Examiners also evaluates whether the student made a reasonable attempt at assessments [5]. 

[3][5]
",UOL_undergraduate_handbook.pdf_p1_c1 | UOL_undergraduate_handbook.pdf_p30_c11 | UOL_undergraduate_handbook.pdf_p29_c10 | UOL_undergraduate_handbook.pdf_p32_c6 | UOL_undergraduate_handbook.pdf_p30_c3,"[""YOUR UNIVERSITY HANDBOOK FOR UNDERGRADUATE STUDENTS"", ""e. modules have been passed, you will be considered for the award of a classified honours degree. Your University – Handbook for Undergraduate Students56 / /57"", ""he number (decimal places up to point four classified honours degree, must satisfy borderline between classifications. are rounded down, decimal places of point itself that the overall learning outcomes five or more are rounded up). The initial of the programme of study have been indication of degree classification is then achieved and that you have made a reached as follows: reasonable attempt at the assessments that were failed. Your University – Handbook for Undergraduate Students54 / /55"", ""classified honours degree but to whom the than 1% (after rounding), your marks profile and that you have made a reasonable an Integrated Master’s degree having Board of Examiners has declined to award will be considered. For the purpose of attempt at the assessments that were progressed to Year Four, you may be a classified honours degree on the basis determining the average mark for profiling, failed. For example, if you had a mark of considered to have met the academic that they have failed to achieve the overall re-assessment marks will be capped at zero in a module due to non-attendance criteria for the award of a Bachelor’s learning outcomes of the programme or 40% (or 50% for level 7 modules), unless or failure to take the assessments, without degree. Classification of the Bachelor’"", ""l, and be awarded a classified degree, the average mark/module profile does not whose performance in their assessments would result in the award of a degree. relevant professional/statutory/regulatory entitle them to a classified honours degree; is considered by the Board of Examiners However, if you find yourself in this position body will be informed of the first attempt or to have been affected by ill-health or you would be well advised to re-sit all final failure, and that the student has therefore (ii) Students who achieve 300 credits other extenuating circumstances, the year failed modules, as reassessment not met the criteria for accreditation/ but fewer than 330 credits and are only Board of Examiners will decide whether it marks are capped at 40% (or 50% for level recognition. the""]",0.559 | 0.533 | 0.527 | 0.525 | 0.506,5,0,0.0,76,True,10.091082999948412,
S1_basic_rag,nvidia/nvidia-nemotron-nano-9b-v2,V2Q032,What factors are considered when deciding whether conduct has the effect required for harassment?,factual,easy,"Consideration includes the affected person's perception, the surrounding circumstances, and whether it is reasonable for the conduct to have had that effect.","University of Liverpool Diversity, Equality and Opportunity Policy",UOL_diversity-equality-opportunity-policy.pdf_p23_c1,"

The factors considered include whether the conduct is unwanted [2], related to a protected characteristic (e.g., sex, race, religion) [4,5], and whether it violates the person’s dignity or creates an intimidating, hostile, degrading, humiliating, or offensive environment [2].
",UOL_diversity-equality-opportunity-policy.pdf_p21_c1 | UOL_diversity-equality-opportunity-policy.pdf_p22_c3 | UOL_diversity-equality-opportunity-policy.pdf_p21_c2 | UOL_diversity-equality-opportunity-policy.pdf_p22_c2 | UOL_diversity-equality-opportunity-policy.pdf_p21_c3,"[""Harassment can take several forms. Potential examples include (yet are not limited to): Verbal Conduct • Offensive or personal comments such as unwanted comments on appearance, • Inappropriate humour and innuendo, • Unwelcome advances, • Spreading malicious gossip, • Intrusive questioning about a person’s marital status, sexual orientation, ethnic origin, religion, culture or disability without reason, • Intrusion by pestering or unwanted telephone calls, emails or texts at home or at work without reason. Non-verbal Conduct • Distribution of offensive or threatening materials, • Publication of untrue statements, • Offensive graffiti or damage to someone’s property, • The circulation of offensive or sensitive photographs or information, • Hacking, disrupting or impersonating a person’s onli"", ""mply with its duty to take reasonable steps to prevent employees from being sexually harassed at work by the employer or its staff. 3) Less favourable treatment for rejecting or submitting to unwanted conduct The third type of harassment occurs when a person is treated less favourably by the University because they had submitted to, or rejected, unwanted conduct of a sexual nature, or unwanted conduct which is related to sex or gender reassignment, and that unwanted conduct violates the persons dignity or created an intimidating, hostile, degrading, humiliating or offensive environment. For all three types of harassment, if the purpose of subjecting the person to the conduct is to violate their dignity or create an intimidating, hostile, degrading, humiliating or offensive environment then"", ""to someone’s property, • The circulation of offensive or sensitive photographs or information, • Hacking, disrupting or impersonating a person’s online and social media platforms, • Hand or facial gestures including threatening and sexually suggestive gestures, • Whistling in a suggestive or otherwise inappropriate manner. Physical Conduct • Touching someone intentionally and inappropriately without their consent, • Brushing up against another person intentionally and inappropriately without their consent, • Standing so close to someone that they feel uncomfortable, • Blocking a person’s way, following someone, or staring. The above list is not intended to be exhaustive, and harassment can take other forms. The University recognises that specific categories of harassment can be identified"", ""c but is subjected to harassment related to that protected characteristic • The unwanted conduct is not directed at a particular person but at another or no one in particular. • The unwanted conducted is related to their protected characteristic, but not because of their protected characteristic. 2) Sexual Harassment Sexual harassment occurs when a person engages in unwanted conduct which is of a sexual nature. This can include verbal, non-verbal or physical conduct including unwelcome advances, touching, forms of sexual assault, sexual jokes, displays of pornography, emails of a sexual nature, or other similar conduct. The University will comply with its duty to take reasonable steps to prevent employees from being sexually harassed at work by the employer or its staff. 3) Less favourable"", ""not intended to be exhaustive, and harassment can take other forms. The University recognises that specific categories of harassment can be identified depending on the nature of the conduct, such as Sexual harassment (where the conduct is of a sexual nature); Racial harassment (conduct relating to race); Antisemitic harassment (conduct directed towards Jewish people or related to Judaism or Jewish heritage). Additionally, the University recognises the terms Harassment ‘by perception’ and Harassment ‘by association’. Harassment ‘by perception’ occurs where a person is subjected to unacceptable behaviour because they are perceived to have a protected characteristic. Harassment ‘by association’ occurs where a person is subjected to unacceptable behaviour because of their association with a pe""]",0.758 | 0.706 | 0.689 | 0.683 | 0.678,5,0,0.0,38,True,14.81317609990947,
S1_basic_rag,nvidia/nvidia-nemotron-nano-9b-v2,V2Q033,When might an international student need a new or updated ATAS certificate during their studies?,paraphrased,medium,"They may need a new or updated ATAS certificate if they transfer programme, change research area, or need a visa extension of more than three months where ATAS applies.",Student Guide for UK Visa Holders 2026,UOL_student_guide_visa_holders.pdf_p4_c6,"

An international student might need a new or updated ATAS certificate in the following situations:  
1. If they extend their studies or research for more than three months [1].  
2. If they transfer to a new programme of study or change their research discipline to a subject area requiring ATAS clearance [2].  
3. If they apply for a new Student visa or an extension/suspension of their current visa [4].  
4. If they resume or remain on an ATAS-applicable programme after an extension or suspension [5].  

These requirements are explicitly stated in the evidence provided.
",UOL_UKVI_complience.pdf_p12_c4 | UOL_UKVI_complience.pdf_p12_c3 | UOL_student_guide_visa_holders.pdf_p4_c5 | UOL_student_guide_visa_holders.pdf_p11_c1 | UOL_student_guide_visa_holders.pdf_p11_c3,"[""ubject area that requires ATAS clearance must apply for a new ATAS certificate to cover the new subject area and provide the University with the correct ATAS certificate. 13.7 Currently registered international students on an ATAS-applicable programme who extend their studies or research for more than three months must obtain a new ATAS certificate to cover the extension. 13.8 The University will retain a copy of the ATAS certificate on all applicable students’ records. 14. Student Route visa refusals and rejections 14.1 Currently registered international students whose application for extended leave to remain in the UK is refused or rejected must inform Student Life immediately and seek advice from IAG. 14.2 Students must provide the University with a copy of their visa refusal or rejecti"", ""gramme of study/research that an applicant has applied to for clearance. The ATAS certificate must match the HEI and programme detailed on the student’s CAS for the Student Route application to be considered. 13.5 International students residing inside or outside the UK who require an extension to their existing leave to remain in the UK in order to resume and/or remain on their ATAS-applicable current programme must re-apply for ATAS clearance and provide a new ATAS certificate together with their request for a new CAS. 13.6 Currently registered international students who transfer programme of study or change their research discipline to a subject area that requires ATAS clearance must apply for a new ATAS certificate to cover the new subject area and provide the University with the corre"", ""ent visa (if issued). In most cases, per month, for research all of these steps have been this would require you to leave the UK. students completed. Copies of entry qualifications, Collected before arrival No updates required Continuing international students references and English or seen at registration if All students are required to re-register Language certificates requested If you fail to complete registration on at the beginning of each academic year Copy of Academic Must be seen before arrival You must apply for a new time (normally within two weeks of during the registration period. Students Technology Approval (before a CAS can be issued). ATAS certificate and provide your start date), the Admissions Team on taught programmes are required to Scheme (ATAS) certificate, ATAS is on"", ""18 19 Academic Technology Graduate Approval Scheme Route (ATAS) Visa ATAS is a UK Government scheme An ATAS certificate will display the The Graduate route visa is an designed to prevent those undertaking University and the programme of study/ immigration route designed to give postgraduate study from acquiring research that an applicant has applied to Student visa holders who have been knowledge that could be used in for clearance. Current students applying awarded an eligible qualification an Weapons of Mass Destruction (WMD) for a new Student visa for any reason additional 18 month or 3-year visa in activities. Applicants for certain subject (e.g. an extension or suspension) must which to look for and engage in areas must obtain an ATAS certificate re-apply for ATAS clearance and provid"", ""rpool.ac.uk/postgraduate-taught/ programme, change their The Graduate route visa is independent applying/atas/ research discipline or get an from the University. A graduate from the extension of more than 3 months University is responsible for ensuring they Applicants whose subject area requires must apply for a new ATAS meet the requirements of the visa and ATAS clearance must provide the correct certificate to cover their new applying for the visa when eligible, if ATAS certificate before the University subject area and provide the they wish to. will issue a CAS for a Student visa. University with the new ATAS Students can only apply for this visa certificate. after being successfully awarded an eligible qualification and after receiving confirmation from the University that a report has""]",0.717 | 0.713 | 0.630 | 0.629 | 0.608,5,0,0.0,94,True,11.065465499996208,
S1_basic_rag,nvidia/nvidia-nemotron-nano-9b-v2,V2Q034,What are Schools or Institutes expected to ensure about assessment arrangements?,procedural,medium,"They are expected to ensure assessment processes are appropriate, fair, rigorous, consistently operated, compliant with institutional regulations and guidelines, and, where relevant, meet professional, statutory or regulatory accreditation requirements.",University of Liverpool Undergraduate Handbook,UOL_undergraduate_handbook.pdf_p23_c10,"

Schools or Institutes are expected to ensure that assessment arrangements are appropriate, fair, rigorous, and fairly operated. This is explicitly stated in [1], which outlines that assessment processes in Departments and Schools/Institutes must meet these criteria to ensure validity and reliability.
",UOL_undergraduate_handbook.pdf_p23_c9 | UOL_undergraduate_handbook.pdf_p30_c1 | UOL_undergraduate_handbook.pdf_p22_c4 | UOL_postgraduate_handbook.pdf_p26_c5 | UOL_undergraduate_handbook.pdf_p23_c3,"[""semesters in each year of study, before B can be taken. standards of its awards are comparable The marks scale and marking descriptors i.e.: modules totalling 60 credits in each semester. However, programmes may Co-requisite. Module A is a co-requisite with similar subjects and awards in other are not applicable to unweighted pass/fail be designed with imbalances of up to for module B if it must be taken along UK universities. They ensure that the assessment components, as the learning 15 credits between semesters, eg 52.5 with module B. assessment processes in Departments outcomes of such assessment must be credits in Semester One and 67.5 and Schools/Institutes are appropriate, of a nature where they can be met credits in Semester Two. fair, rigorous, fairly operated and are in or not, w"", ""Final year re-assessments The marks for the modules in which Students permitted re-assessment Professional/statutory body Final year examinations/assessments examinations/assessments have been of research and independent study requirements may be re-sat re-sat at the next ordinary reassessed will be capped at 40% (or 50% modules will be notified of the submission Some professional, statutory or regulatory sitting of the examinations/assessments for level 7 modules) for the purpose of requirements and their entitlement to bodies may not allow an accredited/ for those modules by students who fail calculating the average for the degree supervision. recognised degree to be awarded to modules on the following basis: classification. students who do not pass their final year at Students may opt n"", ""take, the type and time The Code of Practice on Assessment is second year and level 6 in their final year as the year of study; that is, the majority of your learning sessions, the learning an important document and applies of study. Integrated Master’s students will of credit in Year One of a programme will resources you will need to use, the institution-wide. It also reflects the external normally take level 4 in their first year, level usually be at level 4 and the majority in assessments and the detailed assessment reference points that the University has to 5 in their second year, level 6 in their third Year Two will be at level 5. In the combined criteria will be available from your School/ accord with such as the Quality Assurance year of study and level 7 in their final year degre"", ""two-year period, the approved programme of study. Where electronic submission may be requested by Whenever an examination/assessment is deadline should be set at the end of two a student has successfully completed the Department or School/Institute but the reassessed, the mark achieved in the re- years from the formal start date of the modules, which exceed the required cost of the additional hard copy must be assessment always supersedes any earlier programme. credit for the award the calculation of the met by the Department or School/Institute mark, even when the earlier mark is higher. overall average mark and determination concerned and not by the student. In these Where a student is required to be Unless there are approved extenuating of classification will be based on the situations"", ""h a pattern of study, you are responsible for marking the assessment make contact directly with the external are additional to the 120 credits of level should be aware that the uneven workload in relation to the stated criteria for the examiners. If you have any queries 7 modules that are required; i.e.: it is will not be regarded as an extenuating assessment, any agreed marking scheme about their involvement in your degree permitted to have a maximum of 150 level factor in the case of failure in assessments and the qualitative marking descriptors programme or assessment you should 7 credits across Years Three and Four, and consequent failure to progress to the and marks scale. seek advice from your Department or provided that 30 of these level 7 credits next year of study. School/Institut""]",0.589 | 0.577 | 0.567 | 0.562 | 0.561,5,0,0.0,41,True,17.54810490005184,
S1_basic_rag,nvidia/nvidia-nemotron-nano-9b-v2,V2Q035,"If an assessment is re-taken as an uncapped first attempt because of accepted extenuating circumstances, how is the new mark treated?",reasoning,hard,The reassessment mark replaces the previous mark even if it is lower. The original extenuating-circumstances claim is not then taken into account again when considering progression or final classification for that reassessment.,University of Liverpool Extenuating Circumstances Policy,UOL_extenuating_circumstances_policy.pdf_p15_c5,"

The new mark from a re-assessment taken as an uncapped first attempt replaces the original mark, even if the original was higher [1]. Additionally, the re-assessment is treated as a first attempt, meaning the Board of Examiners will not consider the original claim of extenuating circumstances when evaluating progression or final degree classification [5].
",UOL_extenuating_circumstances_policy.pdf_p15_c5 | UOL_extenuating_circumstances_policy.pdf_p15_c4 | UOL_extenuating_circumstances_policy.pdf_p13_c2 | UOL_extenuating_circumstances_policy.pdf_p15_c2 | UOL_extenuating_circumstances_policy.pdf_p13_c4,"[""the Extenuating Circumstances Committee to be taken as a first attempt that is uncapped, the Board of Examiners will not take into account the original claim of extenuating circumstances when considering progression or final degree classification. Whenever an examination/assessment is re-assessed, the mark achieved in the re-assessment always replaces any previous mark - even when the earlier mark is higher. 8. EXTENUATING CIRCUMSTANCES AND ELEMENTS OF ASSESSED WORK Where elements of the work making up the final mark are missing (for example, coursework) and the extenuating circumstances are accepted, the Extenuating Circumstances Committee will advise on what work must be completed in order that the final mark can be awarded. Where an assessment or assessments have been missed by a studen"", ""i) You will be permitted one re-sit/re-take of each of the examinations/assessments judged by the Extenuating Circumstances Committee to have been affected by extenuating circumstances. This re-assessment will be treated as a ‘first attempt’ and will be uncapped. (ii) If this re-assessment itself is then affected by extenuating circumstances, then you may be permitted further re-assessment as an uncapped, first attempt. This will require you to submit a new claim for extenuating circumstances which must be as carefully documented as any prior claim and submitted using the same procedure. (iii) Following any re-assessment that is permitted by the Extenuating Circumstances Committee to be taken as a first attempt that is uncapped, the Board of Examiners will not take into account the origina"", ""may permit you to: either: be re-assessed in the relevant examination(s)/assessment(s) with the possibility of improving the mark (see section 7 below); or: keep the original mark but the Board of Examiners will take account of the fact that the performance represented by the mark was affected by extenuating circumstances when the degree classification is determined at the end of the final year. c) Extenuating circumstances that affect a re-assessment of an examination or assessment If extenuating circumstances have affected a re-assessed examination or assessment, the Extenuating Circumstances Committee may recommend that you should be allowed to re-sit/retake the examination/assessment again. This may be effected either by allowing you to ‘carry’ the failed credit (normally no more than"", ""t the end of the final year and will make an appropriate recommendation to the Board of Examiners as to the classification of degree you should be awarded. 6. ASSESSMENT MARKS A mark can only be increased if you re-sit/re-take the examination or assessment and achieve a better performance; however, your performance in a resit may result in a lower mark being achieved and recorded as your final mark. If your claim is successful but you choose not to be re-assessed, the mark will not be altered, but the Extenuating Circumstances Committee will consider the impact of the affected mark on your overall results at the end of the final year and will make an appropriate recommendation to the Board of Examiners on the classification of your degree. If you have had extenuating circumstances accepted"", ""it. The usual rules with regard to marks achieved in re-assessments will apply (unless the reassessments are being regarded as ‘first attempts’ on account of extenuating circumstances). When an assessment is re-sat/re-taken as a ‘first attempt’ all the options available in relation to first attempts will be available to the Extenuating Circumstances Committee and the Board of Examiners i.e. your examination/assessment will be treated as if you had never previously taken the exam or attempted the assessment. Where the failed credit is ‘carried’ into the next year of study and then re-assessed, the Board of Examiners will not take into account the original claim of extenuating circumstances when considering progression or final degree classification. 5.3 Undergraduate programmes, final year""]",0.730 | 0.708 | 0.692 | 0.688 | 0.671,5,0,1.0,54,True,11.067802900099196,
S1_basic_rag,nvidia/nvidia-nemotron-nano-9b-v2,V2Q036,What kind of unwanted behaviour may amount to harassment under the University's equality policy?,paraphrased,medium,"Unwanted conduct related to a protected characteristic, or of a sexual nature, may amount to harassment where it violates dignity or creates an intimidating, hostile, degrading, humiliating or offensive environment. Less favourable treatment for rejecting or submitting to certain unwanted conduct can also qualify.","University of Liverpool Diversity, Equality and Opportunity Policy",UOL_diversity-equality-opportunity-policy.pdf_p20_c4,"

The University's equality policy defines harassment as unwanted conduct related to a protected characteristic (e.g., age, disability, gender, race, religion, sex, sexual orientation, or transgender status) or of a sexual nature [2]. Additionally, harassment may include situations where the victim is associated with someone who has a protected characteristic, is wrongly assumed to have one, or is targeted despite not having the characteristic [3]. This aligns with the Equality Act 2010 definition adopted by the University [4].
",UOL_diversity-equality-opportunity-policy.pdf_p23_c2 | UOL_diversity-equality-opportunity-policy.pdf_p20_c3 | UOL_diversity-equality-opportunity-policy.pdf_p22_c1 | UOL_diversity-equality-opportunity-policy.pdf_p6_c1 | UOL_diversity-equality-opportunity-policy.pdf_p5_c3,"[""o be harassment, etc. For the avoidance of doubt, behaviour which does not relate to a protected characteristic and is not of a sexual nature but still ‘has the purpose or effect of violating a person’s dignity, or creating an intimidating, hostile, degrading, humiliating or offensive environment’ will not amount to harassment under the Equality Act definition, but is nevertheless likely to amount to bullying as set out above, and therefore unacceptable behaviour under the University’s Bullying & Harassment Policy. Indirect discrimination Indirect discrimination occurs when a provision, criterion or practice is neutral on the face of it, but its impact particularly disadvantages people with a protected characteristic. For Indirect Discrimination to take place, four requirements must be met"", ""n chaplaincy etc.) Discrimination arising from a disability Discrimination arising from a disability occurs when you treat a disabled person unfavourably because of something connected with their disability and cannot justify such treatment as a proportionate means of achieving a legitimate aim. This is different to direct and indirect discrimination. Harassment Harassment that is related to a ‘protected characteristic’ (see below) is against the law. For the purpose of the Bullying & Harassment Policy, the University has adopted the definition of harassment contained within Section 26 of the Equality Act. Drawing from this, the University considers the following behaviour may potentially amount to harassment: Unwanted conduct related to a relevant protected characteristic or of a sexual n"", ""There are three specific types of harassment identified within the Equality Act; 1) Harassment related to a protected characteristic Potential examples of harassment include: • Ageism • Disability related harassment • Homophobia • Racism • Religious related harassment • Sexism • Transphobia Harassment may also include situations where the victim does not have the protected characteristic but is subject to unlawful behaviour. This includes when: • The person is associated with someone with a protected characteristic • The person is wrongly assumed to have a protected characteristic. • The person is known not to have the protected characteristic but is subjected to harassment related to that protected characteristic • The unwanted conduct is not directed at a particular person but at another"", ""2.0 Legal Framework The University recognises its requirements to eliminate the following types of unlawful discrimination, as outlined within the Equality Act 2010: • Direct discrimination • Direct discrimination based on perception and association • Indirect discrimination • Discrimination arising from a disability • Failure to make a disability related reasonable adjustment • Harassment • Harassment based on perception and association • Victimisation • Instruct, induce or cause discrimination Definitions of these terms are provided in Appendix B. In addition, the University is recognised as a Public Authority and therefore is required to comply with the Public Sector Equality Duty1, which requires the University to have due regard to the need to: • eliminate discrimination, harassment,"", ""l found to be responsible for perpetrating forms of discrimination and other forms of unacceptable behaviour, as outlined in the Bullying & Harassment Policy (see Appendix B for a glossary of useful terms). Individual members of staff and students have a responsibility to draw any incidences of harassment, bullying, direct or indirect discrimination or victimisation to the attention of their; line manager, Head of Department, HR Business Partner and or programme leader, to ensure appropriate action can be taken. Staff and students can also use the University’s Report and Support provision to relay incidents (named or anonymously) and seek further advice and guidance. 5""]",0.767 | 0.742 | 0.719 | 0.713 | 0.696,5,0,0.0,77,True,14.442373699974269,
S1_basic_rag,nvidia/nvidia-nemotron-nano-9b-v2,V2Q037,How often must postgraduate research students normally record meetings with their supervisor?,factual,easy,At least one supervisor meeting per month is required and should be recorded through the PGR Toolbox.,Student Guide for UK Visa Holders 2026,UOL_student_guide_visa_holders.pdf_p6_c3,"

The evidence does not contain information about how often postgraduate research students must record meetings with their supervisor. [4] mentions that postgraduate research students may escalate supervision-related issues to the Review Stage within 10 working days if unresolved, but it does not specify requirements for recording meetings.
",UOL_student_conduct1.pdf_p19_c3 | UOL_undergraduate_handbook.pdf_p42_c10 | UOL_student_conduct1.pdf_p12_c2 | UOL_postgraduate_handbook.pdf_p38_c10 | UOL_student_conduct1.pdf_p5_c3,"[""ppear when they are called. It is anticipated that witnesses will be provided with a rough time to be available from, although it is not possible to run a hearing to a strict timetable. 12.4 In cases where there is a reporting student, it is expected that they will be available to attend the University Disciplinary Panel Hearing. 12.5 Reporting students or witnesses in cases of a traumatic nature (such as sexual misconduct, violent or abusive conduct) will be asked if there are any reasonable adjustments the University can make to facilitate their participation in the hearing. Such adjustments could include providing a statement by video link, by pre-recorded video or audio, or a written statement; providing separate waiting rooms for the reporting student/witness and the responding studen"", ""being sought. an informal basis. unless the student escalates the complaint For postgraduate research students, to the Review Stage of this Procedure within issues relating to their supervision may be 10 working days of the date on which the raised with their Departmental or School/ written response is sent to the student. Institute Director of Postgraduate Research if the issue cannot be raised with their supervisory team. Your University – Handbook for Undergraduate Students80 / /81"", ""their own expense and their statements can be compiled on their behalf by persons legally qualified. 7.7 The Investigating Officer may hold one or more investigation meetings (in person or virtual) with the reporting party, the responding student and any witnesses. It is anticipated that the reporting student and witnesses will be spoken to before the responding student. A minimum of 3 working days’ notice will be given for the meeting. It is encouraged that both the reporting and responding student seek advice from the Guild of Students Advice Service guildadvice@liv.ac.uk. 7.8 Reporting parties and witnesses wishing to participate in a misconduct investigation will be expected to engage fully with the procedure and this includes attending investigation meetings, agreeing meeting notes o"", ""being sought. an informal basis. unless the student escalates the complaint For postgraduate research students, to the Review Stage of this Procedure within issues relating to their supervision may be 10 working days of the date on which the raised with their Departmental or School/ written response is sent to the student. Institute Director of Postgraduate Research if the issue cannot be raised with their supervisory team. Your University – Handbook for Postgraduate Students72 / /73"", ""in which case, it is advised that at least 4 working days’ notice is provided. Students can be accompanied at any investigation meeting by one other person for support purposes. Students should be advised in writing that they can seek independent advice and representation from the Liverpool Guild of Students Advice Service. 3.6 Students should be informed of the time and location of the meeting and the people who will be present. This would normally be the relevant designated member of staff and an independent note-taker. The role of the note taker is to list attendees, detail the allegation(s) being made, and summarise the discussion that has taken place. All circumstances surrounding the meeting should be noted, e.g. the behaviour of the student during the meeting. 3.7 Following the meet""]",0.515 | 0.512 | 0.511 | 0.508 | 0.502,5,0,0.0,47,True,7.7740809000097215,
S1_basic_rag,nvidia/nvidia-nemotron-nano-9b-v2,V2Q038,Why does the Postgraduate Handbook tell students to use the correct academic regulations and codes for their cohort and degree?,reasoning,hard,Because regulations and codes change over time and postgraduate programmes have level-specific expectations. Using the framework that applies to the student's cohort and degree ensures the correct rules are applied.,University of Liverpool Postgraduate Handbook,UOL_postgraduate_handbook.pdf_p22_c7,"

The Postgraduate Handbook advises students to use the correct academic regulations and codes for their cohort and degree because these regulations are tailored to the specific level and type of postgraduate program they are enrolled in. This ensures that the academic standards, intellectual development, and requirements are appropriate for their degree (e.g., Master’s) and align with the framework of their cohort [2].
",UOL_postgraduate_handbook.pdf_p1_c1 | UOL_postgraduate_handbook.pdf_p22_c7 | UOL_UKVI_complience.pdf_p3_c3 | UOL_postgraduate_handbook.pdf_p37_c7 | UOL_postgraduate_handbook.pdf_p37_c8,"[""YOUR UNIVERSITY HANDBOOK FOR POSTGRADUATE STUDENTS"", ""point at academic-codes-of-practice/code-ofbehaviour and academic conduct. challenge reflects the level of further which the student registered for the first practice-on-assessment/ Appendix C is intellectual development appropriate to module which contributes credit towards Over the years, changes are made to these particularly relevant to the postgraduate the equivalent of 12 months’ full-time the award. regulations and codes of practice, and it programmes. advanced study beyond Honours degree is essential that you refer to the correct level. A Master’s degree will provide an framework for your cohort and your type appropriate foundation for research of degree. The information in this section degree registration and/or the qualities is relevant to those students starting and transferable"", ""ts agree to abide by all its policies and procedures. Other University policies, procedures and documentation which are connected to the Policy on UKVI Student Route Compliance are set out below: a) Student Charter b) Student Attendance Policy c) Fee Assessment Procedure for Applicants d) Code of Practice on Assessment and its appendices e) Postgraduate Research Code of Practice and its appendices f) Undergraduate Admissions Policy g) Postgraduate Taught Admissions Policy h) CAS Conditions of Issue i) Your University student handbook, as applicable to cohort 1.6 As a licensed sponsor, the University is required to keep accurate records for all international students, including: a) Copies of passport pages b) Copies of e-visa and proof of date of arrival into the UK (where appropriate) c) U"", ""disputes the academic judgement By awarding degrees and thus granting clinical staff to consider, whether there is Procedure which is applicable to all cohorts of the Board of Examiners, including those students the permissions described, the a valid case to be investigated.If a valid of students studying taught programmes which simply constitute an expression University has a very clear responsibility to case is considered to have been made, (undergraduates and Postgraduate Taught of dissatisfaction with the decision properly handle any conduct, behaviour the Executive Pro-Vice-Chancellor shall students). The relevant procedures can that has been taken; or other matters that could bear on a appoint a senior member of academic be found under Appendix F of the Code of That have already bee"", ""s been taken; or other matters that could bear on a appoint a senior member of academic be found under Appendix F of the Code of That have already been considered or student’s suitability for fitness to practise or clinical staff as an Investigating Officer Practice on Assessment Code of Practice re-considered by the Board of Examiners or dealing with patients which comes to to conduct a formal investigation. on Assessment - Academic Quality and or via another policy or procedure light during the student’s programme. Standards Division - University of Liverpool. (such as Additional Considerations Where there are concerns about a On account of this responsibility, the Policy or Student Complaints Policy); student’s suitability for professional Further information including appeals Universit""]",0.607 | 0.533 | 0.532 | 0.529 | 0.525,5,0,1.0,62,True,7.253737599938177,
S1_basic_rag,nvidia/nvidia-nemotron-nano-9b-v2,V2Q039,How does the Student Loans Company pay a 2026–27 programme-fee loan to the University?,paraphrased,medium,"The loan is paid in three disbursements tied to liability dates: 25% on 28 September 2026, another 25% on 11 January 2027, and the remaining 50% on 5 April 2027, subject to attendance confirmation.",University of Liverpool Payment Policy 2026-27,"UOL_payment_policy_2026,2027.pdf_p2_c3","

The Student Loans Company (SLC) pays a 2026–27 programme-fee loan to the University in three disbursements, as outlined in [1]. These payments occur on specific dates with corresponding proportions of the full fee: 25% on 28 September 2026, 25% on 11 January 2027, and 50% on 5 April 2027. [1]
","UOL_payment_policy_2026,2027.pdf_p2_c3 | UOL_payment_policy_2026,2027.pdf_p1_c1 | UOL_payment_policy_2026,2027.pdf_p8_c4 | UOL_payment_policy_2026,2027.pdf_p4_c3 | UOL_payment_policy_2026,2027.pdf_p8_c3","[""cases be entitled to receive a non-means assessed loan from the Student Loan Company (SLC) to cover the full programme fee. 2.3 Where a student is receiving a loan from the SLC for all or part of their 2026/27 programme fee, the SLC will make payment to the University in three disbursements, based on the loan liability points illustrated in the table below2: Loan liability date Proportion of full year’s Cumulative for proportion of fee fee paid to the loan loan University by SLC liability 28 September 2026 25% 25% 11 January 2027 25% 50% 5 April 2027 50% 100% 2.4 Students receiving a fee loan from the SLC will become liable for the proportions of loan identified in section 2.3 when they are confirmed as in attendance on each of the three liability dates. Interest will begin to accrue on e"", ""PAYMENT POLICY 2026/27: STUDENT PROGRAMME FEES, ACCOMMODATION FEES, FINES AND CHARGES 1. Introduction 1.1 Programme fees are charged for the educational services and facilities provided in the delivery of a programme of study, subject to the Programme Terms and Conditions relevant to the year of entry (‘the student contract’). The fee is an annual, consolidated charge for the provision of tuition, registration, learning resources, infrastructure, examination, assessment and graduation. In some cases, an additional research support1 (bench) fee is charged. All academic fees are subject to annual increase. 1.2 All programmes of study which lead to a University award incur a programme fee. Programme fees are charged for all academic years of study, including failed academic years repeated in"", ""nding payments will become due immediately. In these cases, the University will initiate formal debt collection procedures, before seeking to deploy formal external debt recovery proceedings once all avenues for collection have been exhausted. External proceedings may ultimately result in County Court judgements. 8.8 A charge of £50.00 may be levied in all cases where a Direct Debit instruction is cancelled without the prior agreement of the Student Fees and Funding Office. 9. Sponsorship 9.1 Where an external organisation (e.g. a company or overseas government embassy; not a friend or relative) is responsible for payment of all or part of a student’s residence fee (for those in University owned accommodation), the University will invoice the organisation directly. 9.2 All sponsors must pa"", ""programmes start in January 2027, payment may be made in three equal instalments on 15 February 2027, 15 April 2027 and 15 June 2027. 4.11 Where a student fails to make the necessary payment(s) in accordance with the arrangements prescribed under sections 4.5 through 4.10, sanctions will be applied in accordance with section 7. 5. Programme Fee Deposits (Overseas Taught Postgraduate Students)6 5.1 All overseas applicants planning to enter the University in session 2026/27 to begin study on a postgraduate taught programme, barring the exceptions stipulated in section 5.14, will be required either to pay a non-refundable programme fee deposit of up to £5,000 or to provide formal confirmation of third-party sponsorship and/or a University scholarship which covers the full programme fee. 5.2"", ""DL) through Student Finance England or Student Finance Wales, and where the Student Fees and Funding Office has confirmed the student’s registration to the appropriate agency through the relevant portal, an alternative payment plan to that prescribed in section 8.4 may be made available. Eligible students should contact the Student Fees and Funding Office in order to arrange this payment plan. 8.6 Further information regarding payment in instalments can be found at www.liverpool.ac.uk/feespayment. 8.7 Where a student defaults on any fee payment arrangement, prescribed under sections 8.4 or 8.5, the arrangement will be cancelled and all outstanding payments will become due immediately. In these cases, the University will initiate formal debt collection procedures, before seeking to deploy f""]",0.723 | 0.705 | 0.675 | 0.674 | 0.671,5,0,1.0,50,True,8.634477899991907,
S1_basic_rag,nvidia/nvidia-nemotron-nano-9b-v2,V2Q040,Can complaints about harassment or sexual misconduct be handled under policies other than the Student Complaints Policy?,factual,easy,"Yes. Such complaints may be dealt with through relevant policies, including student-conduct, bullying and harassment, or staff disciplinary procedures, depending on the circumstances.",Student Complaints Policy and Procedure,"UOL_Student,Complaints,Policy,and,Procedure.pdf_p2_c2","

Yes, complaints about harassment or sexual misconduct can be handled under policies other than the Student Complaints Policy. For example:  
- Complaints by students against students involving harassment or sexual misconduct are addressed under the **Student Conduct Policy** [1].  
- Complaints by students against staff involving harassment or sexual misconduct are considered under the **Bullying and Harassment Policy** or **Staff Disciplinary Procedures** [1].  
- The **Bullying and Harassment Policy** is explicitly listed as a connected policy to the Student Complaints Policy [2].  

Thus, these complaints may be processed under the Student Conduct Policy, Bullying and Harassment Policy, or Staff Disciplinary Procedures.
","UOL_Student,Complaints,Policy,and,Procedure.pdf_p9_c1 | UOL_Student,Complaints,Policy,and,Procedure.pdf_p4_c4 | UOL_Student,Complaints,Policy,and,Procedure.pdf_p2_c2 | UOL_student_conduct1.pdf_p11_c1 | UOL_postgraduate_handbook.pdf_p36_c1","[""Student Conduct, Complaints and Compliance (ix) Complaints made by students against students - see Student Conduct Policy this includes complaints about harassment and/ or sexual misconduct be another student; (x) Complaints made by staff against students - see Student Conduct Policy. (xi) Complaints made by students relating to incidents of harassment and/or sexual misconduct by staff towards students. Advice will be sought from HR in such cases and the complaint will usually be considered under the Bullying and Harassment Policy or Staff Disciplinary Procedures. 5. Rights, Entitlements and Responsibilities a) Under this Policy and in line with the Student Charter and other University policies, the University acknowledges the rights of students and sets out expectations of how students wi"", ""held, we will seek to put things right for a student where possible. If a complaint is not upheld, we will give reasons for the decision. e) Other University policies and procedures which are connected to the Student Complaints Policy and Procedure are set out below: • Student Charter – available in the Your University Handbooks • Bullying and Harassment Policy • Student Conduct and Student Disciplinary Procedures • Staff Disciplinary Procedures • Fitness to Practise Procedures 3"", "") and to ensure that it meets the requirements of Section 26(1) of the Counter-Terrorism and Security Act 2015 to have due regard to the need to prevent people from being drawn into terrorism. Any complaints received relating to freedom of speech and academic freedom may be considered under the Student Complaints Policy and will be done so in line with the above requirements so as not to impede either freedom of speech or academic freedom. 3. Does this policy comply with OfS condition of registration in relation to Harassment and Sexual Misconduct? (effective from August 2025). Any complaints received in relation to incidents of harassment and/or sexual misconduct (including the conduct of staff towards students and/or the conduct of students towards students), may be dealt with via releva"", ""Student Conduct, Complaints and Compliance Student Conduct Team must decide if the allegation can be dealt with under the University Disciplinary Procedure by referring to the Student Conduct Policy, section 8.3 which illustrates examples of what types of misconduct would be considered at this level. They can also refer to Appendix B – Student Conduct Breaches and Sanctions which sets out a non-exhaustive list of breaches and what category they fall into. Further advice can be sought from the Student Conduct Team if required. 6.3 For serious allegations of misconduct or where there is on-going police involvement, the matter should be referred to the Student Conduct Team who will decide in conjunction with the Head of Student Conduct, Complaints and Compliance, or their nominee, if a Risk A"", ""The University has three stages for Their authority under local disciplinary In certain cases, the Student Conduct The Student Conduct Policy sets out managing alleged student misconduct: action enables them to issue sanctions Manager (or nominee) may determine the right of appeal by students against 1. Informal Resolution which include a formal written warning that the misconduct is suitable to be dealt decisions taken under University or a final written warning for a repeated with via Chair’s Action. In cases where the Disciplinary Procedures. 2. Local Disciplinary Action breach, a fine not exceeding £200, a student admits the misconduct and the 3. University Disciplinary Action – The full Student Conduct Policy can be requirement in the event of non-accidental facts of the matter are no""]",0.773 | 0.759 | 0.686 | 0.686 | 0.668,5,0,1.0,101,True,10.238656100002117,
S1_basic_rag,nvidia/nvidia-nemotron-nano-9b-v2,V2Q041,What may happen if accepted extenuating circumstances affect an undergraduate student's final-year performance but enough assessed work exists to determine an award?,factual,easy,"The Extenuating Circumstances Committee may recommend an award, including its classification where appropriate. The student may be offered a choice between accepting the award and re-taking or re-sitting affected assessment.",University of Liverpool Extenuating Circumstances Policy,UOL_extenuating_circumstances_policy.pdf_p13_c5,"

If accepted extenuating circumstances affect an undergraduate student's final-year performance but enough assessed work exists to determine an award, the Extenuating Circumstances Committee may recommend that the student either accept the appropriate award (e.g., pass, merit, or distinction) [1][5] or re-take/re-sit the missed/affected assessments as a ‘first attempt’ at the next ordinary sitting [1][5]. The specific outcome depends on the committee’s assessment of how the circumstances impacted performance.
",UOL_extenuating_circumstances_policy.pdf_p13_c5 | UOL_extenuating_circumstances_policy.pdf_p14_c4 | UOL_extenuating_circumstances_policy.pdf_p14_c5 | UOL_undergraduate_handbook.pdf_p30_c2 | UOL_extenuating_circumstances_policy.pdf_p13_c6,"[""the original claim of extenuating circumstances when considering progression or final degree classification. 5.3 Undergraduate programmes, final year a) Enough assessed work has been completed to determine an award If extenuating circumstances are judged by the Extenuating Circumstances Committee to have affected your performance in the final year of an undergraduate programme, the Extenuating Circumstances Committee will decide whether there is enough assessed work to determine that an award should be made. If the Extenuating Circumstances Committee considers that there is enough work, they will recommend the award which should be made (including the class of the award, if appropriate). You may be offered the option of: either: accepting that award; or: of re-taking/re-sitting the missed/"", ""ommittee will recommend that you be offered the option of accepting the appropriate award. Due account will be taken of the extenuating circumstances in determining whether the award should be at pass, merit or distinction level. Alternatively, you may be offered the option of being re-assessed in the affected assessments with the possibility of improving the mark (see section 7 below). b) Award criteria has NOT been met If you have failed any of the assessments such that you have not met the criteria for the award, the Extenuating Circumstances Committee will recommend that you be allowed to be reassessed in the failed assessments as ‘first attempts’ (see section 7 below). In exceptional circumstances, the Extenuating Circumstances Committee may also recommend that an award be made notwit"", ""attempts’ (see section 7 below). In exceptional circumstances, the Extenuating Circumstances Committee may also recommend that an award be made notwithstanding any failed assessments. 5.5 Situations where no re-sit opportunity is available If you have failed an assessment for which no re-sit opportunity is available (e.g. the assessment of practical laboratory work) and as a result fail the module, the Extenuating Circumstances Committee will recommend to the Board of Examiners that you should be allowed to re-take the assessments the following year: either: by re-taking the year of study; 1 An aegrotat degree is awarded in very exceptional circumstances where, owing to ill health, a student has not completed enough assessed work to be awarded an honours or non-honours degree and is unlike"", ""on. recognised degree to be awarded to modules on the following basis: classification. students who do not pass their final year at Students may opt not to be re-assessed in the first attempt. In these circumstances, (i) Students who achieve the minimum Where a student who, owing to ill-health all their failed final year modules but rather although students may be allowed re- 330 credits requirement for the award of or other extenuating circumstances, to re-sit/ re-take the requisite number assessment of failed final year modules a classified honours degree but whose has not completed all assessments or which, if passed at an appropriate level, and be awarded a classified degree, the average mark/module profile does not whose performance in their assessments would result in the award of a"", ""uding the class of the award, if appropriate). You may be offered the option of: either: accepting that award; or: of re-taking/re-sitting the missed/affected assessments as a ‘first attempt’ at the next ordinary sitting (see section 7, below) In considering the award to be made, the Extenuating Circumstances Committee will take account of the extent to which your performance in the assessed work which is available is judged to have been affected by extenuating circumstances.""]",0.718 | 0.596 | 0.577 | 0.576 | 0.573,5,0,1.0,68,True,7.598341100034304,
S1_basic_rag,nvidia/nvidia-nemotron-nano-9b-v2,V2Q042,How is unauthorised use of University premises classified in the indicative student-conduct sanctions table?,factual,easy,Unauthorised entry onto or unauthorised use of University premises is listed as a Category 1 or Category 2 breach.,Student Conduct Breaches and Indicative Sanctions — Appendix B,UOL_student_conduct2.pdf_p9_c4,"

The unauthorized use of University premises is classified as a breach under ""misuse of University property"" in the indicative student-conduct sanctions table. This is explicitly stated in [3] (University of Liverpool Postgraduate Handbook, page 35), which identifies ""misuse of University property"" as a conduct breach. The specific category (e.g., minor, major) would depend on the severity and context, as outlined in Appendix B (referenced in [2] and [5]), but the provided evidence does not specify the exact category for this breach.
",UOL_student_conduct2.pdf_p1_c1 | UOL_student_conduct1.pdf_p4_c4 | UOL_postgraduate_handbook.pdf_p35_c8 | UOL_undergraduate_handbook.pdf_p40_c10 | UOL_student_conduct2.pdf_p2_c1,"[""University of Liverpool Appendix B – Student Conduct Breaches and Indicative Sanctions"", ""Sanctions. 3.2 Where an allegation about another student is made to a designated member of staff, or misconduct has been identified in some other way, they must decide if the misconduct can be dealt with under Local Disciplinary Action by referring to the Student Conduct Policy, section 8 which illustrates examples of what types of misconduct can be considered locally. They can also refer to Appendix B – Student Conduct Breaches and Sanctions which sets out a non-exhaustive list of breaches and what category they fall into. Where the conduct under consideration may relate to Freedom of Speech, advice should be sought from the Student Conduct Team. They can also provide advice on which category a APPENDIX A – STUDENT CONDUCT POLICY PROCEDURES"", ""uthorised use speech or activity that would place any Failure to comply with any penalties or misuse of University property, or the For this purpose, the University has person at risk of harm. or sanctions imposed because of the property of its students, staff or visitors developed some rules regulating the Any behaviour which could constitute University’s Disciplinary or risk whilst on University premises or engaged conduct of students and the following discrimination or harassment on the assessment procedures or contempt in University business. provides a substantive but not exhaustive grounds of sex, sexual orientation, of those procedures. Falsification of student attendance list of activities which the University regards gender, gender re-assignment, race, Any conduct which may be dis"", ""to Local Disciplinary Action. In good, either in whole or in part. Appendix B Offences Declaration Form can be found Department, Deans of Academic Schools such cases responding students will be – Student Conduct Breaches and Indicative on the Conduct and Discipline webpage on and Institutes, Directors of Professional informed regarding the alleged breach of Sanctions provides further details regarding the University website. Students need not Services, Head of Accommodation, the Student Conduct Policy being made the sanctions that can be issued by a declare parking or speeding offences Hall Managers and Wardens, as well as against them and the final decision with University Disciplinary Panel. which are subject to fixed penalties. organisations or individuals acting on regard to how the ca"", ""Student Conduct, Complaints and Compliance 1. Categories of Breaches 1.1. The way in which the University of Liverpool categorises breaches of the Student Conduct Policy is by consideration of both the severity of the breach and the appropriateness of certain sanctions to certain types of breach. Sanctions listed are indicative only, non-exhaustive and will be applied on a case-by-case basis (i.e., considering the context of each breach), at the discretion of the disciplinary authorities. 1.2. There may be some circumstances where, if aggravating factors are present as outlined in section 2 of this document, the category of a breach may be increased and therefore subject to more severe sanctions. Similarly, there may be circumstances where, if mitigating factors are present as outlined in""]",0.730 | 0.714 | 0.708 | 0.690 | 0.685,5,0,0.0,81,True,21.686917699989863,
S1_basic_rag,nvidia/nvidia-nemotron-nano-9b-v2,V2Q043,"During a Master's dissertation or PhD writing-up period, how should a Student visa holder treat that period for work and residence purposes?",procedural,medium,It still counts as term time. The student should not plan to work more than 20 hours per week and should remain living in the Liverpool area during their studies.,Student Guide for UK Visa Holders 2026,UOL_student_guide_visa_holders.pdf_p2_c4,"

During a Master's dissertation or PhD writing-up period, a Student visa holder should treat this time as term time. They must not work more than 20 hours per week [3] and should remain living in the Liverpool area during their studies [3]. This period is considered part of their academic term, not a vacation, so full-time work or leaving the UK would violate visa conditions.
",UOL_student_guide_visa_holders.pdf_p10_c3 | UOL_student_guide_visa_holders.pdf_p10_c1 | UOL_student_guide_visa_holders.pdf_p2_c4 | UOL_student_guide_visa_holders.pdf_p10_c2 | UOL_student_guide_visa_holders.pdf_p3_c3,"[""the winter and spring University breaks. allowed to keep their existing You are still classed as full time during the visa whilst intercalating summer until the end date of your course. at another University on Postgraduate Research: There are no set vacation times. Any vacation periods certain programmes. should be approved by your supervisor. You are still classed as full time up until During this time, the new institution you have had your viva and submitted will be responsible for ensuring Student your final thesis, including any corrections compliance. Students will be required to you were required to make. provide evidence of enrolment to Student There are also restrictions on what type Administration. of work you can do, you should find out Student visa holders coming to The what th"", ""16 17 Work placements Working during Student visa holders undertaking work Student visa holders whose work placements as an integral part of their placement does not form an essential programme, whether based inside or part of their programme would need to your studies outside the UK, are allowed to keep their interrupt their studies for the duration of If your visa conditions state existing Student visa for the duration of the placement(s). This would be reported their work placement(s). to UKVI as a ‘withdrawal of sponsorship’ you are allowed to work full and would cancel the student’s current The University must continue to monitor time during vacation time and visa. attendance and engagement during the on completion of your course work placement. Where poor attendance The student would"", ""are doing your Masters www.ukcisa.org.uk/Information- dissertation; writing-up your PhD thesis -Advice/Visas-and-Immigration/ or making corrections following your Protecting-your-Student-status viva then this still counts as term time. Do not plan to travel or work more than 20 hours per week during this time. You should remain living in the Liverpool area during your studies."", ""ring vacation time and visa. attendance and engagement during the on completion of your course work placement. Where poor attendance The student would need a new CAS in is reported, the academic department order to apply for a new Student visa then you need to check your will investigate this and, where applicable, to return to their studies. term dates here: liverpool.ac.uk/ action will be taken. term-dates/. They are different depending on the level of programme you are on. Undergraduate: Vacation includes the winter, spring and summer University breaks. Intercalating students Student visa holders are Postgraduate taught: Vacation includes the winter and spring University breaks. allowed to keep their existing You are still classed as full time during the visa whilst intercalating summer"", ""ll be reported to the Deferral, suspension or interruption Home Office by the University. of studies Please remember to read the Repeating study with or without government’s full guidance for Student attendance, where you will not be visa holders: www.gov.uk/student-visa required to be in attendance for a period of more than 60 days We recommend you read the general Transfer of programme or research area good practice guide from UKCISA: www.ukcisa.org.uk/Information- Earlier than expected completion -Advice/Visas-and-Immigration/ of programme Protecting-your-Student-status Change of programme location (e.g. a work placement/study abroad) There is also a glossary of terms and abbreviations at the end of this Where it is known or suspected that a document for you to refer to. student is brea""]",0.605 | 0.570 | 0.567 | 0.564 | 0.513,5,0,1.0,65,True,9.433090099948458,
S1_basic_rag,nvidia/nvidia-nemotron-nano-9b-v2,V2Q044,Can the University start a student-conduct investigation from an anonymous report?,reasoning,hard,"Yes, but there needs to be evidence supporting a potential policy breach, such as CCTV or social-media material. The procedures also aim to avoid formal investigations for minor matters where another route is more suitable.",Student Conduct Procedures — Appendix A,UOL_student_conduct1.pdf_p3_c3,"

Yes, the University can start a student-conduct investigation from an anonymous report, but only if there is evidence to support a potential breach of the Student Conduct Policy (e.g., CCTV footage or social media posts) [2].
","UOL_student_conduct1.pdf_p3_c2 | UOL_student_conduct1.pdf_p3_c3 | UOL_Student,Complaints,Policy,and,Procedure.pdf_p7_c4 | UOL_student_conduct1.pdf_p3_c4 | UOL_student_conduct1.pdf_p13_c3","[""s a cause for concern, advice on how to proceed may, in the first instance, be sought from the Student Conduct Team. If it is determined that the responding student’s conduct could constitute a breach of the Student Conduct Policy, then a decision as to the potential seriousness of the breach is required to agree which process to follow. 1.3 It is not always possible to investigate anonymous allegations, however where there are exceptional circumstances such as genuine fear or risk of reprisals, it may be possible to discuss the option of withholding the reporting student’s identity from the responding student. This will be assessed on a case-by-case basis and will be the exception rather than the norm. A report cannot be investigated if the reporting party does not wish the substance of t"", ""-by-case basis and will be the exception rather than the norm. A report cannot be investigated if the reporting party does not wish the substance of the allegation to be made known to the responding party. 1.4 An investigation may be initiated from an anonymous complaint if there is evidence to support a potential breach of the policy has occurred, e.g. CCTV footage or social media posts. 1.5 Wherever possible, sufficient initial investigation into the conduct of the responding student(s) should be undertaken, to avoid initiating formal investigation procedures for either minor issues, or where other procedures of the University might better be followed. Informal Resolution or Local Disciplinary Action should be instigated for less serious breaches. 1.6 If no formal disciplinary action is"", ""there is good reason why a complaint is anonymous, we may investigate but this may limit both the investigation and also how we can respond to and support students. If a member of staff receives an anonymous complaint, they will be expected to seek advice from their line manager as to how the complaint should be dealt with. d) The University expects that a complaint will normally be made by the student concerned. Where the student wishes a third party (e.g. family member) to make the complaint on their behalf, they must provide the University with written permission to correspond with that third party to ensure that the University is not in breach of its duties and responsibilities under the Data 6"", ""be followed. Informal Resolution or Local Disciplinary Action should be instigated for less serious breaches. 1.6 If no formal disciplinary action is being taken, with the consent of the reporting party, the University may advise a student that concerns have been raised regarding their conduct in the hope that such conduct (if it had occurred) will not be repeated. 1.7 This procedure does not seek to reproduce elements of criminal law and is not a formal legal process. Students should be aware that the University does not have the legal investigatory powers of Police and cannot make any determination on criminal guilt. Any internal investigation is focused on whether a breach of the Student Conduct Policy has occurred. This internal process cannot be regarded APPENDIX A – STUDENT CONDUCT P"", ""on, the Investigating Officer will produce an investigation report and evidence base and will make a recommendation to the Student Conduct Manager or nominee, that: • There is no case to answer, no further action should be taken but a note of the investigation should be kept on the responding student’s record until they graduate in case of complaint of further allegation(s); or • There is evidence to support a breach of the Student Conduct Policy has likely occurred but that the potential breach is not sufficiently serious to be referred to University Disciplinary Action and can be dealt with under Informal Resolution or Local Disciplinary Action; or • There is evidence to suggest a breach of the Student Conduct Policy has likely occurred, and the potential breach is of a serious nature su""]",0.746 | 0.731 | 0.669 | 0.644 | 0.635,5,0,1.0,36,True,5.571739999926649,
S1_basic_rag,nvidia/nvidia-nemotron-nano-9b-v2,V2Q045,What must an international student do when their personal contact details change?,paraphrased,medium,They should update the University through the relevant online portal as soon as reasonably practicable. The University may also request evidence that the student is complying with their visa conditions.,Policy on UKVI Compliance — Student Route,UOL_UKVI_complience.pdf_p14_c1,"

When an international student's personal contact details change, they must inform the University via completion of the relevant online portal as soon as it is reasonable and practicable for them to do so [1].
",UOL_UKVI_complience.pdf_p14_c1 | UOL_UKVI_complience.pdf_p4_c4 | UOL_UKVI_complience.pdf_p5_c5 | UOL_UKVI_complience.pdf_p6_c3 | UOL_UKVI_complience.pdf_p6_c4,"[""POLICY ON UKVI - STUDENT COMPLIANCE including regular requests to verify and/or update their personal contact details. Students are expected to inform the University, via completion of the relevant online portal, of any changes to their personal contact details as soon as it is reasonable and practicable for them to do so. 15.3 The University reserves the right to request appropriate evidence from a student that they are complying with the conditions of the visa upon which they hold leave to remain in the UK, as it sees fit. 15.4 Where an international student is found to be, or with reasonable grounds is suspected of, failing to comply with the conditions of their visa, or where an international student is found to be, or with reasonable grounds is suspected of, failing to hold current le"", ""will be monitored for Student Route compliance purposes. Section 8 provides more information regarding these expected interactions. 3.2 Initial registration requires international students to formally register their personal and academic details on the University’s student record system (and in so doing agree to abide by all University policies, regulations and procedures), to confirm their arrival on a University campus via a secure, location-based system, and to provide original immigration and qualification documentation that satisfies the requirements of this Policy. International students will not be considered fully registered until all of these steps have been completed. 3.3 Where an expected international student entrant fails to register their details on the student record system"", ""be reported to UKVI via the SMS. In so doing, the University will withdraw the existing CAS and hence its current sponsorship of the student. In most cases, this would require the student to leave the UK. Any later entry point or further application to study at the University would require the student to be issued with a new CAS in order to apply for a new Student Route visa to enter the UK. Continuing international students 3.9 All students are required to re-register at the beginning of each academic year of study within the prescribed enrolment period. Students on taught programmes of study are required to confirm their arrival on a University campus via a secure, location-based system and confirm/update their personal contact details. Students on research programmes are required to ha"", ""n and the responsibility for ensuring compliance with this requirement falls within Student Life. Student Life provides guidance and training annually (and upon request) to staff involved this activity. 4.5 Where an international student is issued with a new passport or immigration document for any reason and at any stage during their studies, they must provide all documentation to the Student Life team for verification and retention. 4.6 Student Life is responsible for the regular monitoring of all international students’ right to remain in the UK and, where necessary, will contact students for further information, documentation and/or clarification as to their current immigration status. Students are expected to comply with all reasonable requests for information and/or documentation whe"", ""fication as to their current immigration status. Students are expected to comply with all reasonable requests for information and/or documentation when asked to do so. Where cooperation is not forthcoming, and in order to protect its Student sponsor licence, the University reserves the right to restrict international students’ access to some University services until such time that they provide the information requested, or to de-register any student who either fails to cooperate or is unable to produce acceptable evidence of their right to remain in the UK. 5. Academic qualifications 5.1 International students are required to have the following documentation verified upon registering with the University: a) Degree certificate, including translations where appropriate; and, b) Full academi""]",0.596 | 0.569 | 0.559 | 0.552 | 0.538,5,0,1.0,34,True,6.501234300085343,
S1_basic_rag,nvidia/nvidia-nemotron-nano-9b-v2,V2Q046,How can a student contact the Student Administration Centre?,factual,easy,"The guide lists the Student Administration Centre live chat, telephone number 0151 794 6758, and email address studentcentre@liverpool.ac.uk.",Student Guide for UK Visa Holders 2026,UOL_student_guide_visa_holders.pdf_p13_c1,"

The evidence provided does not contain specific information about how to contact the ""Student Administration Centre."" The available references mention contacting the Student Services Centre, Student Fees and Funding Office, or named contacts within Schools/Institutes, but none explicitly reference the Student Administration Centre. 

Answer: The evidence does not provide details on contacting the Student Administration Centre.
","UOL_undergraduate_handbook.pdf_p18_c7 | UOL_payment_policy_2026,2027.pdf_p10_c2 | UOL_payment_policy_2026,2027.pdf_p10_c1 | UOL_undergraduate_handbook.pdf_p18_c8 | UOL_postgraduate_handbook.pdf_p5_c9","[""here Within the School’s or Institute’s Professional studentserviceshub.liverpool.ac.uk/ to find services in the area, 24 hours a day, Services support team there will also be visit nhs.uk If you would like to contact any of the a named person to act as a first point of individual teams you can find their details contact if you are experiencing difficulties on the following pages: liverpool. ac.uk/ with any aspect of University life. studentsupport/ This named contact within the School/ The rest of this chapter details the range of Institute will provide both advice on School/ support services offered by the University, Institute level procedures and signposting both as part of the Student Services Centre to central and specialised support services and across the wider University community"", ""experiencing financial hardship should contact the following: Money Advice and Guidance, Student Services Centre, Alsop Building, University Square, Liverpool, L3 5TX Tel: +44(0)151 795 1000 Email: money@liverpool.ac.uk 11.4 International students experiencing difficulties should contact the following: International Advice and Guidance, Student Services Centre, Alsop Building, University Square, Liverpool, L3 5TX Tel: +44(0)151 795 1000 Email: iagteam@liverpool.ac.uk Page 10 of 10"", ""11. Help and Support 11.1 Students experiencing difficulties in making fee payments or who have any questions regarding the payment of fees or the programme fees that have been raised should contact the following: Student Fees and Funding Office Tel: +44(0)151 794 6777 Monday – Friday, 10:00 – 16:00 Email: feesenq@liverpool.ac.uk 11.2 Students wishing to enquire about fines that have been levied or non-programme charges that have been raised against their account should contact the following: Accommodation Office, Crown Place, 202 Brownlow Hill, Liverpool, L3 5UE Tel: +44(0)151 795 0319 Email: accommodation@liverpool.ac.uk 11.3 Home students experiencing financial hardship should contact the following: Money Advice and Guidance, Student Services Centre, Alsop Building, University Square, L"", ""ures and signposting both as part of the Student Services Centre to central and specialised support services and across the wider University community. for students. For more information, please visit the Student Support Office within your School/Institute. Your University – Handbook for Undergraduate Students32 / /33"", ""s at both a local undertaking the responsibilities within the The name of their Academic Adviser, who and national level through lobbying, Student Charter, we can all contribute to, is their first point of contact for support campaigning, representation and policy and take pride in, the ongoing development Policies and procedures, including formation of a vibrant university community. programme and assessment regulations, appeals and complaints procedures Your University – Handbook for Postgraduate06 / Students/07""]",0.564 | 0.550 | 0.549 | 0.547 | 0.545,5,0,0.0,56,False,6.567947000032291,
S1_basic_rag,nvidia/nvidia-nemotron-nano-9b-v2,V2Q047,"If a module affected by an accepted Personal Extenuating Circumstances claim is passed, can the student normally re-sit it simply to improve the mark?",reasoning,hard,"No. Under the changes described, passed modules affected by accepted PECs do not normally receive a reassessment opportunity merely to improve the mark. Mitigation is instead handled through adjusted overall-average rules, subject to stated exceptions.",University of Liverpool Code of Practice on Assessment and Appendices 2025-26 — Summary of Changes,"UOL_Code,of,Practice,on,Assessment,and,Appendices,2025-26,Summary,of,Changes.pdf_p1_c4","

The evidence does not provide information about whether a student can re-sit a module affected by an accepted Personal Extenuating Circumstances (ECC) claim solely to improve their mark. The policies focus on the process of submitting ECC claims, conditions for considering claims after results are confirmed, and how resits might be treated as first attempts under specific circumstances [2]. However, there is no explicit mention of re-sitting for grade improvement after an accepted ECC. 

ANSWER: The evidence does not address this scenario. It is unclear from the provided policies whether re-sitting a module after an accepted ECC claim is permitted for grade improvement.
",UOL_extenuating_circumstances_policy.pdf_p5_c3 | UOL_extenuating_circumstances_policy.pdf_p16_c5 | UOL_extenuating_circumstances_policy.pdf_p16_c3 | UOL_extenuating_circumstances_policy.pdf_p16_c2 | UOL_extenuating_circumstances_policy.pdf_p5_c5,"[""ll modules/assessment components which you consider have been affected. If you submit a claim in one semester or in one year, it does not automatically carry forward to the next semester or year and you will need to submit a new claim if you consider that you have an ongoing condition or other circumstances. Please note that, if you have previously declared in a claim to the Extenuating Circumstances Committee an illness or other physical or mental condition which has affected you for six or more months or if you have previously been advised to interrupt your studies because of your circumstances, the Extenuating Circumstances Committee may decide that your circumstances can no longer be considered as ‘unforeseeable.’ If you have an ongoing illness or other physical or mental health condit"", ""claim before the results of your first attempt were confirmed and that there is sufficient evidence to suggest that your performance at the first attempt was affected by the claimed circumstances. In this situation, the Extenuating Circumstances Committee may recommend to the Board of Examiners that the resit attempt be regarded as a ‘first attempt.’ b) If, subsequent to a resit period, you consider that the resit attempt was affected by extenuating circumstances and that there are valid reasons why you could not have submitted an extenuating circumstances claim before the Board of Examiners met, any decision which the Board of Examiners has taken in relation to the requirement for you to repeat a failed module or component in the following academic session shall normally stand but you ma"", ""in the module to pass the module or you can demonstrate that the learning outcomes of the programme have been achieved 9. EXTENUATING CIRCUMSTANCES CASES SUBMITTED AFTER THE BOARD OF EXAMINERS 9.1 Extenuating Circumstances which are submitted after the Board of Examiners has met can only be considered if the nature of the extenuating circumstances themselves could be considered to have prevented you from submitting a claim to the Board of Examiners. You should be aware that a claim cannot be delayed, nor can evidence relating to it be delayed, on the grounds of sensitive personal, family or cultural reasons. Extenuating Circumstances which are submitted after the Board of Examiners may be considered in the following ways: a) If, prior to a resit period, you consider that your first attempt"", ""to be regarded as authorised. If you have provided prior notification, it is open to the examiner to excuse you from the assessment without the involvement of the extenuating circumstances committee provided that it is possible for you to demonstrate the achievement of the learning outcomes of the module through the other assessments/examinations. If you have not provided prior notification that you will be unable to complete an assessment which counts towards the final assessment of the module, the Board of Examiners may excuse you from attempting that assessment provided that you have already gained sufficient marks from other assessments in the module to pass the module or you can demonstrate that the learning outcomes of the programme have been achieved 9. EXTENUATING CIRCUMSTANCES CA"", ""t is, of course, appropriate to submit an Extenuating Circumstances claim. 3.2 Submit the extenuating circumstances form together with supporting evidence The extenuating circumstances form and supporting evidence must be submitted as soon as possible (normally within five working days) after the events under consideration occur, and no later than the earlier of: a) a date that may be specified by the Extenuating Circumstances Committee, or b) one week before the meeting of the Board of Examiners at which the results of the assessments concerned will be considered. (See also section 1 above concerning the requirement for you to inform your department/school in advance if you are unable to attend an examination or submit an assessment which counts towards the final mark of a module.) It is""]",0.638 | 0.616 | 0.613 | 0.587 | 0.584,5,0,0.0,103,True,12.646970900008455,
S1_basic_rag,nvidia/nvidia-nemotron-nano-9b-v2,V2Q048,Which University service provides specialist immigration advice and support to international students?,factual,easy,"International Advice and Guidance (IAG), based in Student Services, provides professional and expert immigration-related advice and support.",Policy on UKVI Compliance — Student Route,UOL_UKVI_complience.pdf_p14_c2,"

The University service that provides specialist immigration advice and support to international students is **International Advice and Guidance (IAG)**. This is explicitly stated in the evidence:  
- [1] describes IAG as a team offering ""professional and expert immigration advice to international students.""  
- [2] and [3] further confirm IAG's role in advising on visa extensions, leave to remain, and compliance with UKVI regulations.  
- [4] also references IAG in the context of immigration status verification.  

Answer: International Advice and Guidance (IAG) [1, 2, 3, 4].
",UOL_UKVI_complience.pdf_p2_c3 | UOL_UKVI_complience.pdf_p14_c2 | UOL_UKVI_complience.pdf_p14_c3 | UOL_UKVI_complience.pdf_p6_c4 | UOL_postgraduate_handbook.pdf_p19_c9,"[""categorised by the University as ‘overseas’ for fee payment purposes. An international student may not be residing in the UK on a Student Route visa, and may hold any nationality, including British and/or other EU/EEA member states. IAG International Advice and Guidance. A team providing professional and expert immigration advice to international students as well as support in other areas. Liverpool Life Online portal which, amongst other things, allows prospective and current international students to register on a programme of study, confirm their arrival on a UK campus and maintain their personal contact details. PGR Toolbox Online facility where, amongst other things, students on research programmes can record their monthly meetings with their research supervisors. Student Life Central"", ""the conditions of their visa, or where an international student is found to be, or with reasonable grounds is suspected of, failing to hold current leave to remain in the UK which allows them to study on a University programme, or where an international student is otherwise deemed to be endangering the University’s Student sponsor licence, the University reserves the right to administratively interrupt or withdraw the student from their programme of study, in order to protect its Student sponsor licence. 16. Support for international students 16.1 International Advice and Guidance (IAG), based in Student Services, provides professional and expert advice and support to international students. Staff are qualified to advise international students who require an extension to their current leav"", ""pert advice and support to international students. Staff are qualified to advise international students who require an extension to their current leave to remain in the UK, as well as to international students who wish to come to the UK with their families. International students should contact IAG if they require any advice regarding their ability to stay in the UK to study at the University. International Advice and Guidance, Student Services Centre, Alsop Building, Brownlow Hill, Liverpool Tel: +44(0)151 795 1000 Email: iagteam@liverpool.ac.uk In Person: Details of drop in services can be found on the website (https://www.liverpool.ac.uk/studentsupport/visas-and-immigration/) Policy on UKVI - Student Route Compliance Page 14 of 14"", ""fication as to their current immigration status. Students are expected to comply with all reasonable requests for information and/or documentation when asked to do so. Where cooperation is not forthcoming, and in order to protect its Student sponsor licence, the University reserves the right to restrict international students’ access to some University services until such time that they provide the information requested, or to de-register any student who either fails to cooperate or is unable to produce acceptable evidence of their right to remain in the UK. 5. Academic qualifications 5.1 International students are required to have the following documentation verified upon registering with the University: a) Degree certificate, including translations where appropriate; and, b) Full academi"", ""ing during/after your studies, visas 1-1 helper support interrupting, withdrawing or repeating to support them to support you. for travelling in Europe, improving English Specialist study support. elements of the course; language skills and how to extend your To learn more about the University's Debt Advice Service – (including liaising student visa. support arrangements for disabled with creditors if necessary); students, please refer to the Policy Advice on eligibility for welfare benefits; Regarding Reasonable Adjustments and One-to-one or group budgeting sessions Support for Disabled Students 2024. Your University – Handbook for Postgraduate Students34 / /35""]",0.642 | 0.630 | 0.630 | 0.600 | 0.597,5,0,1.0,85,True,10.298504299949855,
S1_basic_rag,nvidia/nvidia-nemotron-nano-9b-v2,V2Q049,What does an Undergraduate Student Route visa holder normally need before returning to study after an interruption?,factual,easy,"They normally need a new Confirmation of Acceptance for Studies from the University, requested around three months before returning, so they can apply for and obtain a new Student Route visa.",University of Liverpool Undergraduate Handbook,UOL_undergraduate_handbook.pdf_p37_c10,"

The answer is that an Undergraduate Student Route visa holder normally needs to request a Confirmation of Acceptance for Studies (CAS) from Student Life at least three months before they expect to return to their studies after an interruption. This is specified in evidence [1], which states: ""7.3 International students who require a new Student Route visa in order to resume their current programme (e.g. following an interruption) must request a CAS from Student Life at least three months before they expect to return to their studies."" [1]
","UOL_UKVI_complience.pdf_p8_c3 | UOL_UKVI_complience.pdf_p10_c4 | UOL_UKVI_complience.pdf_p10_c3 | UOL_StudentAttendancePolicy-REVISEDJUL2025,v1.3.pdf_p9_c5 | UOL_UKVI_complience.pdf_p8_c2","[""nal students who require an extension to their Student Route visa in order to remain on their current programme must request a CAS from Student Life at least three months before their existing leave expires. 7.3 International students who require a new Student Route visa in order to resume their current programme (e.g. following an interruption) must request a CAS from Student Life at least three months before they expect to return to their studies. 7.4 As part of any request for a CAS, international students will be required to complete a questionnaire and provide supporting documentation in relation to their immigration status and history. 7.5 Where necessary, an international student may be asked to provide IAG with additional documentation that relates to their Student Route visa appli"", ""ted to retain their existing Student Route visa and will continue to be sponsored by the University for the duration of their placement(s). 10.2 Responsibility for monitoring the engagement of those students undertaking a work placement as part of their programme of study falls to the Dean of School, in accordance with the Student Attendance Policy. Where poor attendance is reported, investigation would be undertaken in accordance with normal departmental procedures and, where applicable, action would be taken under the authority prescribed within Appendix E of the Code of Practice on Assessment (Guide on the Progress of Students on Taught Programmes). 10.3 Student Route visa holders whose work placement does not form an integral part of their programme, and who therefore interrupt their s"", ""a risk assessment, where it is identified and/or suspected that the required monitoring duties cannot be fulfilled at the study abroad location for any given Student Route visa holder, the University reserves the right to withdraw its current sponsorship of the student (so cancelling their UK Student Route visa). Subsequent resumption of study would require the student to be issued with a new CAS in order to apply for a new Student Route visa to enter the UK. 10. Work placements 10.1 Student Route visa holders undertaking work placements as an integral and assessed part of their programme, whether based within or outside of the UK, are permitted to retain their existing Student Route visa and will continue to be sponsored by the University for the duration of their placement(s). 10.2 Respo"", ""red through the various intervention points. 5.13 Student Route visa holding students who reach stage 3 and do not meet the conditions of reengagement following the meeting, as outlined in section 4.12, must be referred to the UKVI Attendance Compliance Panel (rather than a formal Progression Board of Examiners or Progress Panel acting on behalf of a Board of Examiners). The UKVI Attendance Compliance Panel should be convened within a further ten working days. The student is not required to attend the meeting, unless they are specifically invited to do so. Student Attendance Policy Page 9"", ""rocessed. The reporting of the circumstances identified in section 6.3 will have no material effect on the Student Route visa. 6.5 Student Life will not report the following non-exhaustive list of events to UKVI: a) Any explained and authorised short-term2 absence from study or research b) Any isolated instance or limited sequence of absence from timetabled activity3 7. Student Route visa applications for currently registered students 7.1 International students who require an extension to their Student Route visa in order to undertake a new programme at the University will be issued with a CAS as part of the admissions process. 7.2 International students who require an extension to their Student Route visa in order to remain on their current programme must request a CAS from Student Life a""]",0.680 | 0.640 | 0.638 | 0.632 | 0.623,5,0,0.0,88,True,6.00590300001204,
S1_basic_rag,nvidia/nvidia-nemotron-nano-9b-v2,V2Q050,A student's complaint cannot be resolved informally. What escalation route does the handbook describe?,reasoning,hard,"The Student Complaints Procedure has three stages—Early Resolution, Formal Complaint and Review—allowing escalation when the student believes the issue has not been resolved satisfactorily.",University of Liverpool Postgraduate Handbook,UOL_postgraduate_handbook.pdf_p38_c4,"

The handbook describes that if a complaint cannot be resolved informally (Early Resolution), it should be escalated to the **Formal Complaint stage**. This is explicitly stated in Evidence [1], which outlines that unresolved issues after Early Resolution must be escalated to the formal process. [1]
","UOL_Student,Complaints,Policy,and,Procedure.pdf_p12_c1 | UOL_Student,Complaints,Policy,and,Procedure.pdf_p16_c3 | UOL_Student,Complaints,Policy,and,Procedure.pdf_p14_c1 | UOL_undergraduate_handbook.pdf_p42_c4 | UOL_postgraduate_handbook.pdf_p38_c4","[""Student Conduct, Complaints and Compliance (g) If the person with whom an issue has been raised considers action is required, they must communicate to the student what action has been taken. (h) It is envisaged that this Early Resolution is for low level concerns and would not require an investigation. If a complaint requires an investigation it shall be escalated to the formal stage below. 7. Formal Complaint (a) If a student is dissatisfied with the response they receive from Early Resolution, or if they feel unable to approach a person directly against whom they have a complaint, or they feel the complaint is serious enough to not be able to be resolved informally, they should submit a formal complaint as follows: • For students on taught programmes of study, complaints relating to an a"", ""ew; • the nature of the complaint; • all correspondence received by or provided by the student under either the Early Resolution and/or Formal Stage of this Procedure, including the University’s written response to the complaint; • a statement as to why the student remains dissatisfied; • and, without prejudice to any formal remedy which might be determined, the remedy they are seeking. The student should provide with the complaint all relevant documentation or other evidence which they wish to be taken into consideration. A student whose complaint has previously been considered under the Formal Stage is not expected to raise at the Review Stage any additional issues not previously raised, except where the issues relate to the procedural conduct of the Formal complaint consideration. 15"", ""Student Conduct, Complaints and Compliance h) If a student has raised a complaint under Early Resolution and remains dissatisfied, they should submit a formal complaint within one month of receiving a response under Early Resolution, except where a fair and reasonable extended deadline has been agreed by both parties. The University reserves the right to refuse an extended deadline and complaints shall not normally be considered if they relate to actions (or lack of actions) more than three months before the date that the issue is first raised. f) If a student is raising a formal complaint without attempting Early Resolution, the raising of any issue must normally be done within one month of the actions (or lack of actions) which prompted the complaint. Issues shall not normally be conside"", ""tails under which a review can be Quality and Standards Division - investigation is warranted. manager for the service shall investigate requested, please see Student complaints University of Liverpool. the complaint or appoint a member of There are three stages contained within the - Student Administration - University of their staff to investigate the complaint Complaints Student Complaints Policy and Procedure on their behalf (‘the investigator’) and Liverpool (Early Resolution, Formal Complaint and The Student Charter, published at the shall submit a written response to the The Student Complaints Policy and Review) to allow escalation should a student front of this handbook, sets out the student normally within 25 working days Procedure does not cover the following consider that such a"", ""tails under which a review can be Quality and Standards Division - investigation is warranted. manager for the service shall investigate requested, please see Student complaints University of Liverpool. the complaint or appoint a member of There are three stages contained within the - Student Administration - University of their staff to investigate the complaint Complaints Student Complaints Policy and Procedure on their behalf (‘the investigator’) and Liverpool (Early Resolution, Formal Complaint and The Student Charter, published at the shall submit a written response to the The Student Complaints Policy and Review) to allow escalation should a student front of this handbook, sets out the student normally within 25 working days Procedure does not cover the following consider that such a""]",0.730 | 0.714 | 0.692 | 0.678 | 0.678,5,0,1.0,45,True,6.804293000022881,
S1_basic_rag,nvidia/nvidia-nemotron-nano-9b-v2,V2Q051,What should a Student visa holder do to protect their immigration status while studying at Liverpool?,procedural,medium,"They should comply with the responsibilities described in the visa-holder guidance, keep required immigration documentation up to date, and inform the University of relevant changes because the University has sponsor-reporting duties to UKVI.",Student Guide for UK Visa Holders 2026,UOL_student_guide_visa_holders.pdf_p3_c1,"

To protect their immigration status while studying at Liverpool, a Student visa holder should:  
1. Maintain full-time attendance and engagement in their course, as the Student visa is only valid if studying ""with attendance"" on a full-time course [4].  
2. Provide accurate immigration documentation (e.g., passport, e-visa, arrival proof) to the University as part of registration, as required by Student Life [3].  
3. Inform Student Administration immediately if there are changes to their visa conditions, appeals, or administrative reviews, to ensure compliance [5].  
4. Avoid working more than 20 hours per week during term time, as exceeding this limit could invalidate the visa [4].  

These steps are critical to avoid visa cancellation or withdrawal of sponsorship [2, 5].
",UOL_UKVI_complience.pdf_p6_c1 | UOL_student_guide_visa_holders.pdf_p9_c4 | UOL_UKVI_complience.pdf_p6_c2 | UOL_student_guide_visa_holders.pdf_p2_c1 | UOL_student_guide_visa_holders.pdf_p8_c3,"[""POLICY ON UKVI - STUDENT COMPLIANCE visa) and the student will be required to leave the UK (where the student remains in the UK). Any later agreement to recommence study at the University would require the student to be issued with a new CAS in order to apply for a new Student Route visa to enter the UK. 4. Immigration documentation 4.1 For all international students, the University is required to verify and retain copies of their: a) Current passport, showing all personal identity (including biometric) details, stamps and/or immigration status documents; and, b) e-visa showing their right to be in the UK and right to study c) Proof of the arrival date into the UK 4.2 All Student Route visas must confirm the student’s entitlement to study with the University of Liverpool. This will be norm"", ""e are going to study in. and Guidance, Alsop Building, Brownlow Hill, Liverpool The University must continue to monitor T: +44(0)151 795 1000 attendance and engagement on the E: iagteam@liverpool.ac.uk course, so if the required monitoring duties cannot be fulfilled at the study In Person: see IAG’s wepage: abroad location, the University reserves liverpool.ac.uk/studentsupport/ the right to withdraw its sponsorship visas-and-immigration/ of the student (so cancelling their UK for details of their drop-in times. Student visa)."", ""rival date into the UK 4.2 All Student Route visas must confirm the student’s entitlement to study with the University of Liverpool. This will be normally be indicated by the inclusion of the University’s Sponsor Licence Number (SLN), N5WWG40J6. 4.3 The requirement to provide the University with their immigration documentation as part of the registration process applies to all international students, not just those residing in the UK on a Student Route visa. This requirement is made clear to all international students in their pre-arrival and registration guidance documentation. 4.4 The task of verifying and retaining immigration documentation and the responsibility for ensuring compliance with this requirement falls within Student Life. Student Life provides guidance and training annually"", ""01 Getting Started Your Quick Guide Check your new visa for errors including Keep your Liverpool address, telephone the expiry date. The expiry date is number and personal email address usually four months after the end date up-to-date on Liverpool Life. of your course. If there are any errors, Your Student visa is only valid if contact International Advice and you are studying ‘with attendance’ Guidance (IAG) immediately for advice. on a full-time course. If your visa states that you are allowed Interrupting or withdrawing from your to work, do not work more than 20 hours course will cancel your Student visa per week during term time. Find out and you will be required to leave the UK. what your term/vacation dates are. Repeating study with no attendance or Inform Student Administration if"", ""ou will need the University reserves the right to Liverpool Life whenever they change. review you may have submitted. to provide proof of your successful administratively suspend or withdraw The University reserves the right to the student from their programme of outcome immediately to the Student request satisfactory evidence from study, in order to protect its Student Administration team. a student that they are complying sponsor licence. If you submit an in-time appeal or an If your appeal or administrative review with the conditions of their visa. in-time request for an administrative is rejected, you must inform Student review and can provide satisfactory Administration immediately and seek evidence of this to the University, then, further advice from IAG. You will be in most cases, y""]",0.699 | 0.691 | 0.688 | 0.684 | 0.676,5,0,0.0,118,True,29.739900600048713,
S1_basic_rag,nvidia/nvidia-nemotron-nano-9b-v2,V2Q052,What should a postgraduate student do after becoming a victim of crime if they also need ongoing support?,paraphrased,medium,They should first report the crime to the Police and can then contact the University's Wellbeing Team for ongoing support. The incident can also be reported to the University through its reporting tools.,University of Liverpool Postgraduate Handbook,UOL_postgraduate_handbook.pdf_p14_c8,"

The evidence [3] states that if a student is recommended to seek support, advice, or guidance from internal services or external agencies after a breach, they should do so. Failure to seek such support will not result in disciplinary action, though it may not be used as a mitigating factor in future cases. This directly addresses the need for ongoing support after a crime. 

ANSWER: A postgraduate student should seek support, advice, or guidance from internal services or external agencies as recommended [3].
",UOL_postgraduate_handbook.pdf_p36_c9 | UOL_student_conduct2.pdf_p6_c1 | UOL_student_conduct2.pdf_p4_c2 | UOL_undergraduate_handbook.pdf_p40_c9 | UOL_student_conduct1.pdf_p3_c4,"[""as specified period, or it may expel a student Designated staff have the authority to will decide whether there is sufficient outlined above by completing a Criminal from the University. In the event of loss or act under the Student Conduct Policy in evidence to refer the matter to University Offences Declaration Form and sending damage to property, the Panel may also relation to Informal Resolution and Local Disciplinary Action (full hearing or Chair’s this to the Student Conduct Team via email require that such loss or damage be made Disciplinary Action. These are Heads of Action) or to Local Disciplinary Action. In good, either in whole or in part. Appendix B (E: studentconduct@liverpool.ac.uk). You Department, Deans of Academic Schools such cases responding students will be are respon"", ""Student Conduct, Complaints and Compliance their financial situation. 4.3. Where a financial sanction is imposed, including the requirement for the student to cover the cost of a training course or workshop, the student may appeal the sanction if they can provide sufficient evidence that the imposition of the sanction would have a disproportionate effect on them because of their financial situation. This is considered an appeal against the sanction as set out in Appendix A - Student Conduct Procedure, section 19. 5. Criminal Convictions 5.1. If a student is convicted of an offence against another person which is likely to result in a custodial sentence of 12 months or more the PVC Education may take executive action to immediately terminate the student’s studies following an investigation"", ""lly recommend that the student seek support, advice or guidance from internal services or external agencies. Failure to seek such support will not result in disciplinary action, although failure to seek recommended support may not be used as a mitigating circumstance factor in any future disciplinary case. 1.10. It is recommended that multiple Category 3 breaches, or a repeated Category 3 breach after a Category 3 sanction has already been imposed, will result in more severe sanctions being imposed. 2. Additional Considerations – Aggravating Factors There may be certain circumstances in which a breach of the Policy is subject to a more severe sanction due to the presence of aggravating factors. An aggravating factor makes a breach more serious or the responding student more culpable. These"", ""r nominee), and they specified period, or it may expel a student ac.uk). You are responsible for updating Designated staff have the authority to will decide whether there is sufficient from the University. In the event of loss or the Student Conduct Team via email of act under the Student Conduct Policy in evidence to refer the matter to University damage to property, the Panel may also any changes in your circumstances or the relation to Informal Resolution and Local Disciplinary Action (full hearing or Chair’s require that such loss or damage be made circumstances of the case. The Criminal Disciplinary Action. These are Heads of Action) or to Local Disciplinary Action. In good, either in whole or in part. Appendix B Offences Declaration Form can be found Department, Deans of Academic Sch"", ""be followed. Informal Resolution or Local Disciplinary Action should be instigated for less serious breaches. 1.6 If no formal disciplinary action is being taken, with the consent of the reporting party, the University may advise a student that concerns have been raised regarding their conduct in the hope that such conduct (if it had occurred) will not be repeated. 1.7 This procedure does not seek to reproduce elements of criminal law and is not a formal legal process. Students should be aware that the University does not have the legal investigatory powers of Police and cannot make any determination on criminal guilt. Any internal investigation is focused on whether a breach of the Student Conduct Policy has occurred. This internal process cannot be regarded APPENDIX A – STUDENT CONDUCT P""]",0.559 | 0.496 | 0.494 | 0.493 | 0.493,5,0,0.0,83,True,8.10076200007461,
S1_basic_rag,nvidia/nvidia-nemotron-nano-9b-v2,V2Q053,Why is notifying the School before a missed examination or assessment important when claiming extenuating circumstances?,reasoning,hard,"Prior notification is normally required for the missed assessment to be treated as a first-attempt reassessment. Without advance notification, that outcome is only available in exceptional circumstances where prior notice was not feasible.",University of Liverpool Extenuating Circumstances Policy,UOL_extenuating_circumstances_policy.pdf_p3_c4,"

The importance of notifying the School before a missed examination or assessment lies in the requirement to provide prior notification as part of the extenuating circumstances process. This is explicitly stated in the evidence:  

- [1] emphasizes that prior notification allows the examiner to potentially excuse you without involving the committee.  
- [2] clarifies that prior notification is generally required, and exceptions are only granted in exceptional cases where prior notification was not feasible.  
- [4] and [5] both mandate informing your department/school in advance if you cannot attend an assessment or examination.  

Failure to notify the School beforehand may hinder your claim, as the process relies on advance communication to assess eligibility. [1, 2, 4, 5]
",UOL_extenuating_circumstances_policy.pdf_p16_c2 | UOL_extenuating_circumstances_policy.pdf_p3_c4 | UOL_extenuating_circumstances_policy.pdf_p10_c6 | UOL_extenuating_circumstances_policy.pdf_p5_c5 | UOL_extenuating_circumstances_policy.pdf_p4_c2,"[""to be regarded as authorised. If you have provided prior notification, it is open to the examiner to excuse you from the assessment without the involvement of the extenuating circumstances committee provided that it is possible for you to demonstrate the achievement of the learning outcomes of the module through the other assessments/examinations. If you have not provided prior notification that you will be unable to complete an assessment which counts towards the final assessment of the module, the Board of Examiners may excuse you from attempting that assessment provided that you have already gained sufficient marks from other assessments in the module to pass the module or you can demonstrate that the learning outcomes of the programme have been achieved 9. EXTENUATING CIRCUMSTANCES CA"", ""to re-assessment as a first attempt (unless the examination or assessment missed was not a ‘first attempt’ examination). Only in exceptional circumstances, where a Board of Examiners on the advice of the Extenuating Circumstances Committee, judges that it was not feasible for prior notification to have been provided, will you be granted a ‘first attempt’ reassessment if you are absent from an examination or fail to attend an assessment without informing your department/school in advance. 1.2 Students who submit coursework after the agreed deadline as a result of unforeseen medical or other exceptional circumstances may apply for Exemption from Late Penalties in line with section 6.5 of the Code of Practice on Assessment. 1.3 If you are absent from an examination or fail to submit an asses"", ""examination (e.g. building noise, error on the exam paper, fire alarm), your School may email you after the examination to confirm that the Board of Examiners will be informed of the circumstances and take them into consideration for all students affected and you may therefore not need to submit an extenuating circumstances form. Events during a time-limited online assessment You should inform you school office if there is an issue impacting on your performance during a timed assessment. The School Office will record this at the time. For IT issues, please see the relevant section above. If you are taken ill during a timed assessment you should inform you School Office at the time and you will need to submit an extenuating circumstances form and appropriate evidence (see Physical illness a"", ""t is, of course, appropriate to submit an Extenuating Circumstances claim. 3.2 Submit the extenuating circumstances form together with supporting evidence The extenuating circumstances form and supporting evidence must be submitted as soon as possible (normally within five working days) after the events under consideration occur, and no later than the earlier of: a) a date that may be specified by the Extenuating Circumstances Committee, or b) one week before the meeting of the Board of Examiners at which the results of the assessments concerned will be considered. (See also section 1 above concerning the requirement for you to inform your department/school in advance if you are unable to attend an examination or submit an assessment which counts towards the final mark of a module.) It is"", ""extenuating circumstances are only considered at a few meetings during the year. In the case of coursework (e.g. essays), if you are experiencing extenuating circumstances around the time of the submission deadline you should consider applying for an exemption from late penalties. See below for details of the Extenuating Circumstances Process: THE EXTENUATING CIRCUMSTANCES PROCESS If you will be unable to attend an examination or complete an assessment which counts towards the final mark of a module owing to illness or other unavoidable circumstances, you must inform your Department/School (or other team/office as indicated in 2.1 above) before the examination/assessment takes place, preferably in writing or by email Contact your academic adviser or School teaching support staff for advic""]",0.641 | 0.628 | 0.628 | 0.618 | 0.587,5,0,1.0,117,True,12.570630299975164,
S1_basic_rag,nvidia/nvidia-nemotron-nano-9b-v2,V2Q054,What records should be retained or sent to the Student Conduct Team after a local conduct investigation?,procedural,medium,"The designated staff member should retain investigation meeting notes and the outcome letter securely on the student file, and send the meeting notes, evidence and outcome letters to the Student Conduct Team so a central disciplinary record can be kept.",Student Conduct Procedures — Appendix A,UOL_student_conduct1.pdf_p6_c4,"

The records that should be retained or sent to the Student Conduct Team after a local conduct investigation include:  
- A copy of the notes of the investigation meeting and the outcome letter to the responding student, which should be retained by the designated staff member [2].  
- Copies of the notes of the investigation meeting, any evidence, and the outcome letters should be sent to the Student Conduct Team at StudentConduct@liverpool.ac.uk to maintain a central record [2, 4].  

These requirements ensure proper documentation and accountability [2, 4].
",UOL_student_conduct1.pdf_p7_c2 | UOL_student_conduct1.pdf_p6_c4 | UOL_student_conduct1.pdf_p13_c3 | UOL_student_conduct1.pdf_p6_c5 | UOL_student_conduct1.pdf_p5_c1,"[""On receipt of the case, the designated member of staff will review the investigation report and evidence obtained to ascertain whether they agree with the evidence presented. 3.18 If the designated member of staff agrees with the findings they may issue a sanction as set out in accordance with 1.4 of Appendix B Student Conduct Breaches. This should be communicated to the responding student in writing within 10 working days of receiving the case from a member of the Student Conduct Team. 3.19 If the designated member of staff does not agree with the findings or they have further questions they should arrange to speak to the student themselves following the procedure from 3.4 onwards above. 3.20 Records should be retained for six years after the student has left the University. 4 Local Disci"", ""orting student to let them know, where possible, the outcome of the investigation into the alleged breach, including why this decision has been reached. In all circumstances, they will inform them that the investigation has concluded. 3.14 A copy of the notes of the investigation meeting and the outcome letter to the responding student should be retained by the designated staff member or their professional services staff against the student file and in a secure location. 3.15 Copies of the notes of the investigation meeting, any evidence and the outcome letters to the students should be sent to the Student Conduct Team at StudentConduct@liverpool.ac.uk in order that a central record of disciplinary action against the student can be retained. This is to ensure that first, should the student"", ""on, the Investigating Officer will produce an investigation report and evidence base and will make a recommendation to the Student Conduct Manager or nominee, that: • There is no case to answer, no further action should be taken but a note of the investigation should be kept on the responding student’s record until they graduate in case of complaint of further allegation(s); or • There is evidence to support a breach of the Student Conduct Policy has likely occurred but that the potential breach is not sufficiently serious to be referred to University Disciplinary Action and can be dealt with under Informal Resolution or Local Disciplinary Action; or • There is evidence to suggest a breach of the Student Conduct Policy has likely occurred, and the potential breach is of a serious nature su"", ""pool.ac.uk in order that a central record of disciplinary action against the student can be retained. This is to ensure that first, should the student subsequently face allegations of misconduct at a University Disciplinary Panel, their full record of misconduct can be considered, as appropriate and in APPENDIX A – STUDENT CONDUCT POLICY PROCEDURES"", ""Student Conduct, Complaints and Compliance range of behaviours may fall into. 3.3 If it is agreed that the misconduct can be dealt with under the Local Disciplinary Procedure, the relevant designated member of staff or their nominee should review the information to see if a meeting with the reporting student is required. It is likely that further details will be needed, and the staff member should invite the reporting party (if there is one) to an investigation meeting to obtain further details and evidence of the alleged misconduct. Please see below for further information about investigation meetings and meeting notes. 3.4 The designated staff member should write to the responding student via email and clearly set out the allegation / nature of the misconduct that has been made against t""]",0.764 | 0.719 | 0.682 | 0.676 | 0.669,5,0,1.0,88,True,12.254569899989292,
S1_basic_rag,nvidia/nvidia-nemotron-nano-9b-v2,V2Q055,What should an undergraduate student do if they are a victim of crime and need support?,paraphrased,medium,They should report the crime to the Police and may contact the University's Wellbeing Team for ongoing support. They can also report the incident to the University through its online reporting route.,University of Liverpool Undergraduate Handbook,UOL_undergraduate_handbook.pdf_p14_c8,"

ANSWER: If an undergraduate student is a victim of crime (e.g., bullying, harassment, sexual misconduct, or hate crimes), they should contact the Campus Support Team, which is available 24 hours a day, seven days a week, to seek assistance [2]. The Student Survival Guide, accessible online at atliverpool.ac.uk/studentsupport/advice/, also provides further guidance on staying safe and reporting incidents [2].
",UOL_postgraduate_handbook.pdf_p36_c9 | UOL_undergraduate_handbook.pdf_p12_c4 | UOL_postgraduate_handbook.pdf_p12_c4 | UOL_undergraduate_handbook.pdf_p40_c7 | UOL_student_conduct2.pdf_p5_c3,"[""as specified period, or it may expel a student Designated staff have the authority to will decide whether there is sufficient outlined above by completing a Criminal from the University. In the event of loss or act under the Student Conduct Policy in evidence to refer the matter to University Offences Declaration Form and sending damage to property, the Panel may also relation to Informal Resolution and Local Disciplinary Action (full hearing or Chair’s this to the Student Conduct Team via email require that such loss or damage be made Disciplinary Action. These are Heads of Action) or to Local Disciplinary Action. In good, either in whole or in part. Appendix B (E: studentconduct@liverpool.ac.uk). You Department, Deans of Academic Schools such cases responding students will be are respon"", ""y – listening with be aware of it and take care to ensure headphones or talking on the phone you do not become one of the victims of reduces your awareness of what’s crime. More information can be found in around you the Student Survival Guide accessed online Be vigilant when using your phone when If you have experienced atliverpool.ac.uk/studentsupport/advice/ out and about; only use it for calls if or witnessed bullying, Our Campus Support Team is on campus necessary. Try to keep your phone and 24-hours a day, seven days a week, other valuables out of sight harassment, sexual undertaking a variety of measures to If you need to withdraw cash, try to do it maintain a safe and secure environment. in the day, when there are more people misconduct or hate crimes, You can contact the Control R"", ""y – listening with be aware of it and take care to ensure headphones or talking on the phone you do not become one of the victims of reduces your awareness of what’s crime. More information can be found in around you the Student Survival Guide accessed online Be vigilant when using your phone when If you have experienced atliverpool.ac.uk/studentsupport/advice/ out and about; only use it for calls if or witnessed bullying, Our Campus Support Team is on campus necessary. Try to keep your phone and 24-hours a day, seven days a week, other valuables out of sight harassment, sexual undertaking a variety of measures to If you need to withdraw cash, try to do it maintain a safe and secure environment. in the day, when there are more people misconduct or hate crimes, You can contact the Control R"", ""considered further, request You should be aware that the University that have originally been dealt with via section 13 of the Section 13 of the Student that the matter is reviewed using the Disciplinary Panel has very significant Local Disciplinary Action), the case will Conduct Policy. Procedures for Local Disciplinary Action. powers to deal with cases of misconduct. be considered and investigated by the For example, if it is satisfied that a breach Students should declare any Police of the Student Conduct Policy has occurred, investigation, arrest or conviction as Local Disciplinary Action University and students will have the opportunity of contribute to the case and it may impose a fine or other appropriate outlined above by completing a Criminal Local Disciplinary Action is generally"", ""se and intention not to do it again. • The responding student acknowledged the impact their behaviour/actions has had on those affected. • The misconduct was committed accidentally, by mistake, or was unintentional. • The responding student attempted or offered to make amends following the misconduct. 3.2. The University does not consider being under the influence of alcohol or drugs at the time of the breach to constitute a mitigating factor. Breaches of the University’s Student Alcohol and Drugs Policy may constitute an additional breach. 4. Financial Sanctions 4.1. Financial sanctions (other than payment for wilful damage) will not usually be imposed upon a student unless there is no suitable alternative sanction available, or the non-financial sanction is considered either insufficient""]",0.522 | 0.493 | 0.493 | 0.474 | 0.469,5,0,0.0,59,True,14.423968499992043,
S1_basic_rag,nvidia/nvidia-nemotron-nano-9b-v2,V2Q056,Why does the conduct policy require reliable identification before treating a substance as a Class A controlled drug?,reasoning,hard,Because the conduct classification depends on evidence that the substance is actually the controlled drug in question. It may be identified by the student or by a suitably qualified person or organisation rather than assumed without evidence.,Student Conduct Breaches and Indicative Sanctions — Appendix B,UOL_student_conduct2.pdf_p10_c3,"

The conduct policy requires reliable identification before treating a substance as a Class A controlled drug to ensure accurate classification, as outlined in [1] and [2]. [1] states the University reserves the right to classify a substance as a specific controlled drug based on evidence (e.g., student identification or procurement context). [2] explicitly clarifies that possession, supply, or production is treated as Class A only if the substance is identified as such by the student or a qualified individual. This prevents misclassification and ensures sanctions align with the severity of the offense.
",UOL_student_conduct2.pdf_p10_c2 | UOL_student_conduct2.pdf_p10_c3 | UOL_student_conduct2.pdf_p10_c1 | UOL_student_conduct1.pdf_p28_c4 | UOL_student_conduct1.pdf_p26_c4,"[""d Drugs Breaches A Possession of a controlled drug (Class B or C) * Category 1 or 2 B Possession of a controlled drug (Class A) * Category 2 or 3 C Possession of a psychoactive substance (second breach) Category 1 D Possession of a controlled drug (second breach) or a Category 2 or 3 psychoactive substance (three or more breaches) E Supply of a controlled drug or a psychoactive substance Category 2 or 3 F Production of a controlled drug or a psychoactive Category 3 substance * The University reserves the right to consider a substance to be a certain type of controlled drug where, on the balance of probabilities, it is likely to be that controlled drug. This is likely to be the case where a student has positively identified the substance, or where they indicate that they obtained it on the"", ""lled drug. This is likely to be the case where a student has positively identified the substance, or where they indicate that they obtained it on the premise that it was the controlled drug in question. Possession, supply, or production of a substance will only be treated as possession, supply, or production of a Class A controlled drug where it is identified as that controlled drug by the student or a suitably qualified individual or organisation. 7.6 Fraud and Dishonesty Breaches Indicative sanction A Fraudulent production of University documentation (e.g., Category 3 acceptance letters, transcripts, letters of recommendation, coursework receipts) B Fraudulent use of the University’s name, logo, or a Category 2 or 3 University user account, or fraudulently claiming association with the U"", ""Student Conduct, Complaints and Compliance G Act or omission that did cause or could have caused Category 2 or 3 serious harm or a serious health and safety concern on University premises or during University activities (e.g., disabling fire extinguishers; misuse of chemicals or equipment, ignoring Health and Safety policy with the capacity to put others at risk of harm) H Theft of, or unauthorised use of, the intellectual property of Category 1, 2 or the University or the intellectual property of students or 3 employees of the University, or of visitors to the University I Unauthorised use of University systems Category 2 or 3 7.5 Alcohol and Drugs Breaches A Possession of a controlled drug (Class B or C) * Category 1 or 2 B Possession of a controlled drug (Class A) * Category 2 or 3 C Po"", ""UDENT CONDUCT POLICY PROCEDURES"", ""n in order to ensure they can safely carry out their day-to-day activities; APPENDIX A – STUDENT CONDUCT POLICY PROCEDURES""]",0.533 | 0.516 | 0.474 | 0.390 | 0.375,5,0,1.0,92,True,10.051921700011007,
S1_basic_rag,nvidia/nvidia-nemotron-nano-9b-v2,V2Q057,What happens after a disciplinary panel finds a breach and hears the reporting student's impact statement?,procedural,medium,"The responding student is invited to provide a reflection and any mitigating factors, after which the responding student and representative withdraw while the Panel considers what sanction or sanctions to impose.",Student Conduct Procedures — Appendix A,UOL_student_conduct1.pdf_p24_c2,,UOL_student_conduct1.pdf_p16_c2 | UOL_student_conduct1.pdf_p20_c1 | UOL_student_conduct1.pdf_p21_c3 | UOL_student_conduct1.pdf_p24_c1 | UOL_student_conduct1.pdf_p21_c2,"[""wish to provide an impact statement which will be reviewed by the Chair prior to any sanction being imposed. 9.9 Upon receipt of the student’s response, or by the deadline by which the student should have responded, the Student Conduct Manager or nominee will write to a Chair of the University Disciplinary Panel and will provide them with the investigation report and evidence base for the case, which will include details of the breach(es) that have been admitted. The Chair will also receive any mitigation statement submitted by the responding student and any impact statement submitted by the reporting party. The Student Conduct Manager will also provide details of any previous record of misconduct on behalf of the responding student as well as details of past precedent, where necessary. 9"", ""Student Conduct, Complaints and Compliance a breach of the Student Conduct Policy be found to have taken place, the reporting party can provide an impact statement to the panel. This can be done in person or can be written and read out by the Adviser to the panel at the appropriate time. 12.7 Witnesses will not be called if a student admits a breach. 13 University Disciplinary - Attendance at the Hearing 13.1 The University believes that it is in the best interests of responding students for them to attend a hearing of the University Disciplinary Panel, so they are normally expected to be present. Reporting students are also expected to attend the hearing. See section 12.5 above for information on reasonable adjustments. 13.2 The University believes that it is in the best interests of repo"", ""he Panel by the Adviser. This statement may detail the impact the breach of the policy has had on them, measures they would wish to be put in place to protect their safety and their views on potential sanctions. The reporting student will then be asked to leave the hearing. They can remain available if they wish to hear details of the sanctions imposed which are relevant to them. 15.4 The Chair will ask the responding student if they wish to add anything further. The responding student has the right to respond to anything raised in the reporting party’s impact statement during this time. It is not an opportunity to raise counter allegations as that should have occurred during the investigation. 15.5 The Chair will invite the responding student to raise any mitigating factors they would lik"", ""Student Conduct, Complaints and Compliance the Panel’s determination as to whether it finds a breach of the Student Conduct Policy has occurred or not. 16.13 If a breach is found not to have occurred, the responding student will be informed of this finding and will then be asked to leave. 16.14 The reporting student will then be invited back into the hearing and will be informed of this finding, after which the Chair will close the hearing. 16.15 If a breach is found to have occurred, in full or in part, the responding student will be informed of this finding and will be asked to remain in the hearing. The reporting student will then be invited back into the hearing and will be informed of this finding and will be invited to make a statement regarding the impact of the events, and any conc"", ""ll then be followed. If the alleged breaches are denied, in full or in part, procedure B will be followed. 15 University Disciplinary - Procedure A: Follow if the student admits the allegation. 15.1 The Chair will invite the Investigating Officer to present their findings. 15.2 The Chair will invite the responding student to make a statement. 15.3 If applicable, the Chair will invite the reporting party into the hearing and will advise that the responding student has admitted the alleged breach(es) of the Student Conduct Policy. The Chair will invite the reporting student to make an impact statement. Alternatively, this will be presented to the Panel by the Adviser. This statement may detail the impact the breach of the policy has had on them, measures they would wish to be put in place to""]",0.771 | 0.762 | 0.751 | 0.743 | 0.735,5,0,0.0,1,False,16.674024200066924,
S1_basic_rag,nvidia/nvidia-nemotron-nano-9b-v2,V2Q058,What route is available to a postgraduate student who wants to challenge certain decisions of the Board of Examiners?,factual,easy,"The handbook directs students to the University's assessment-appeal process for eligible challenges to Board of Examiners decisions, subject to the applicable grounds and procedures.",University of Liverpool Postgraduate Handbook,UOL_postgraduate_handbook.pdf_p38_c1,"

The route available to a postgraduate student to challenge decisions of the Board of Examiners includes appealing the decision through the Executive Pro-Vice-Chancellor, who may appoint a senior academic member to investigate if a valid case exists [2]. Additionally, students can request a Review of a Formal Complaint if dissatisfied with the outcome [5]. These processes are specific to postgraduate students as outlined in the Postgraduate Handbook.
",UOL_undergraduate_handbook.pdf_p41_c7 | UOL_postgraduate_handbook.pdf_p37_c7 | UOL_extenuating_circumstances_policy.pdf_p16_c3 | UOL_undergraduate_handbook.pdf_p41_c3 | UOL_postgraduate_handbook.pdf_p38_c1,"[""r dealing with patients which comes to The University has an Assessment Appeals That disputes the academic judgement the Executive Pro-Vice-Chancellor shall light during the student’s programme. Procedure which is applicable to all cohorts of the Board of Examiners, including those appoint a senior member of academic of students studying taught programmes which simply constitute an expression On account of this responsibility, the or clinical staff as an Investigating Officer (undergraduates and Postgraduate Taught of dissatisfaction with the decision University operates a Fitness to Practise to conduct a formal investigation. students). that has been taken; Procedure. Where there are concerns about a That have already been considered or The relevant procedures can be found The Fitness to"", ""disputes the academic judgement By awarding degrees and thus granting clinical staff to consider, whether there is Procedure which is applicable to all cohorts of the Board of Examiners, including those students the permissions described, the a valid case to be investigated.If a valid of students studying taught programmes which simply constitute an expression University has a very clear responsibility to case is considered to have been made, (undergraduates and Postgraduate Taught of dissatisfaction with the decision properly handle any conduct, behaviour the Executive Pro-Vice-Chancellor shall students). The relevant procedures can that has been taken; or other matters that could bear on a appoint a senior member of academic be found under Appendix F of the Code of That have already bee"", ""in the module to pass the module or you can demonstrate that the learning outcomes of the programme have been achieved 9. EXTENUATING CIRCUMSTANCES CASES SUBMITTED AFTER THE BOARD OF EXAMINERS 9.1 Extenuating Circumstances which are submitted after the Board of Examiners has met can only be considered if the nature of the extenuating circumstances themselves could be considered to have prevented you from submitting a claim to the Board of Examiners. You should be aware that a claim cannot be delayed, nor can evidence relating to it be delayed, on the grounds of sensitive personal, family or cultural reasons. Extenuating Circumstances which are submitted after the Board of Examiners may be considered in the following ways: a) If, prior to a resit period, you consider that your first attempt"", ""Panel. Committees, Clinical Assessment Panels programmes which, on graduation, permit Suspension from studies and Academic Integrity Committees. those who have taken such programmes: Where the matter is referred for If any matters have been raised which The right to practise as members of a are deemed to constitute reasonable consideration by a Fitness to Practise Students can appeal Provisional Semester particular profession, with a right to grounds for believing that there may be Panel, the Panel has the power to decide: One results and the formal decisions membership of appropriate professional undesirable consequences if the student That the student is fit to practice, made by the Board of Examiners, Clinical bodies on receiving that degree; or is permitted to remain in the University"", ""Students who wish to appeal against The University recognises and is fully Formal Complaint Review the decision of the Board of Examiners committed to meeting its responsibilities If a student is dissatisfied with the response If a student is dissatisfied with the outcome to terminate their studies (other than for to secure and promote academic freedom they receive from Early Resolution, or if they of a Formal Complaint (including those breaches of the Academic Integrity Policy) and free speech, within the law. The feel unable to approach a person directly students at partner institutions), they shall or to deem them withdrawn prior to the University’s Code of Practice Regarding against whom they have a complaint, or be entitled to request a Review of the normal expected date of completion""]",0.673 | 0.662 | 0.617 | 0.611 | 0.606,5,0,1.0,67,True,13.64988539996557,
S1_basic_rag,nvidia/nvidia-nemotron-nano-9b-v2,V2Q059,When should a concern move from Early Resolution to the Formal Complaint stage?,paraphrased,medium,"It should move to the formal stage if the student is dissatisfied with the Early Resolution response, cannot reasonably approach the person complained about, the matter is too serious for informal resolution, or an investigation is required.",Student Complaints Policy and Procedure,"UOL_Student,Complaints,Policy,and,Procedure.pdf_p12_c1","

The concern should move from Early Resolution to the Formal Complaint stage if the issue requires an investigation, as stated in Evidence [2][h]: ""If a complaint requires an investigation it shall be escalated to the formal stage below."" [2]
","UOL_Student,Complaints,Policy,and,Procedure.pdf_p14_c1 | UOL_Student,Complaints,Policy,and,Procedure.pdf_p12_c1 | UOL_Student,Complaints,Policy,and,Procedure.pdf_p16_c3 | UOL_Student,Complaints,Policy,and,Procedure.pdf_p11_c1 | UOL_Student,Complaints,Policy,and,Procedure.pdf_p10_c3","[""Student Conduct, Complaints and Compliance h) If a student has raised a complaint under Early Resolution and remains dissatisfied, they should submit a formal complaint within one month of receiving a response under Early Resolution, except where a fair and reasonable extended deadline has been agreed by both parties. The University reserves the right to refuse an extended deadline and complaints shall not normally be considered if they relate to actions (or lack of actions) more than three months before the date that the issue is first raised. f) If a student is raising a formal complaint without attempting Early Resolution, the raising of any issue must normally be done within one month of the actions (or lack of actions) which prompted the complaint. Issues shall not normally be conside"", ""Student Conduct, Complaints and Compliance (g) If the person with whom an issue has been raised considers action is required, they must communicate to the student what action has been taken. (h) It is envisaged that this Early Resolution is for low level concerns and would not require an investigation. If a complaint requires an investigation it shall be escalated to the formal stage below. 7. Formal Complaint (a) If a student is dissatisfied with the response they receive from Early Resolution, or if they feel unable to approach a person directly against whom they have a complaint, or they feel the complaint is serious enough to not be able to be resolved informally, they should submit a formal complaint as follows: • For students on taught programmes of study, complaints relating to an a"", ""ew; • the nature of the complaint; • all correspondence received by or provided by the student under either the Early Resolution and/or Formal Stage of this Procedure, including the University’s written response to the complaint; • a statement as to why the student remains dissatisfied; • and, without prejudice to any formal remedy which might be determined, the remedy they are seeking. The student should provide with the complaint all relevant documentation or other evidence which they wish to be taken into consideration. A student whose complaint has previously been considered under the Formal Stage is not expected to raise at the Review Stage any additional issues not previously raised, except where the issues relate to the procedural conduct of the Formal complaint consideration. 15"", ""Student Conduct, Complaints and Compliance dealt with confidentially and that their privacy will be respected. However, it may be necessary to disclose information to others in order to deal with the complaint and/or to take appropriate actions in relation to the outcome of the complaint and in these circumstances the parties concerned will be informed of such disclosure; (iii) Where staff are invited to attend a in person/online meeting as part of a complaint investigation, they shall be entitled to be accompanied in accordance with provision set out within this Procedure. 6. Early Resolution (a) The majority of complaints can be resolved within the area in which a student has a concern at a very early stage. This could mean an on-the-spot apology and explanation if something has clearly"", ""provide such remedy as may be appropriate and to do so promptly; (xi) Where a complaint is found not to be not upheld, students may expect to be informed in writing of the reasons for that decision and to be informed of any further rights to request a Review of the decision. b) Under this Policy, the University acknowledges the rights of staff and sets out expectations of how staff will interact with the Complaints Procedure as follows: (i) Staff are expected to engage with the Procedure in a polite, courteous and prompt manner and may expect this to be reciprocated by the students making the complaint and by colleagues investigating the complaint; (ii) Staff may expect complaints made about them by students to be 9""]",0.721 | 0.691 | 0.650 | 0.642 | 0.580,5,0,1.0,39,True,6.674173399922438,
S1_basic_rag,nvidia/nvidia-nemotron-nano-9b-v2,V2Q060,What reassessment opportunity may be available to an undergraduate student who fails up to 30 credits in the final year but still achieves an honours-level average?,factual,easy,"The handbook indicates that such students may be allowed reassessment of the failed modules, normally without attendance unless the Board of Examiners determines otherwise.",University of Liverpool Undergraduate Handbook,UOL_undergraduate_handbook.pdf_p30_c9,,UOL_undergraduate_handbook.pdf_p30_c2 | UOL_postgraduate_handbook.pdf_p25_c6 | UOL_undergraduate_handbook.pdf_p31_c1 | UOL_postgraduate_handbook.pdf_p25_c4 | UOL_extenuating_circumstances_policy.pdf_p13_c3,"[""on. recognised degree to be awarded to modules on the following basis: classification. students who do not pass their final year at Students may opt not to be re-assessed in the first attempt. In these circumstances, (i) Students who achieve the minimum Where a student who, owing to ill-health all their failed final year modules but rather although students may be allowed re- 330 credits requirement for the award of or other extenuating circumstances, to re-sit/ re-take the requisite number assessment of failed final year modules a classified honours degree but whose has not completed all assessments or which, if passed at an appropriate level, and be awarded a classified degree, the average mark/module profile does not whose performance in their assessments would result in the award of a"", ""pensated pass, mark of at least 60%. To be awarded the next reassessment opportunity. half of the credit of the overall award for provided this will not exceed the a Distinction grade, candidates must Where a student elects to resit a failed a Postgraduate Diploma or Postgraduate maximum of 20 credits that may be achieve marks of at least 70% in modules module worth no more than 20 credits Certificate, modules accounting for half of compensated. This applies irrespective of accounting for at least half of the credit of which they pass on the resit attempt, if the credit for the specific award should be whether the student failed the original the overall award and an overall average they later achieve a mark of 40-49% in considered, rather than half of the credit assessment with a mark of 3"", ""If modules totalling more than 30 credits Profiling Pass (non-honours) degrees Four-year integrated in the final year have been failed, i.e.: the If you achieve 69%, 59%, 49% or 39% Students who do not meet the criteria for Master’s programmes module has been awarded a mark of by averaging, i.e.: missing automatic a classified honours degree will be eligible Re-assessments less than 40%, you will not be eligible for classification by no more than 1% (after for the award of a Pass (non-honours) the award of an honours degree but may rounding), you will have your mark profile degree if they achieve the pass mark (40% Students who fail to meet the requirements be eligible for the award of a Pass (non- considered. or above) in modules totalling a minimum for progression from Year Three to Year"", ""n more than one module for which the accepting the mark in the second module accounting for at least half of the credit of the overall average mark for an exit collective credit totals no more than 20 as a compensated pass, or to resit the the overall award and an overall average award, the mark profile of any student credits (e.g. two modules worth 10 credits failed assessment at the next reassessment mark of at least 70%. who has successfully completed more each), they may elect to accept all the opportunity: than the required credits for the award Postgraduate Diplomas. To be awarded marks as compensated passes, or to resit (but fewer than the requirement for the If a student achieves a mark in the a Merit grade, candidates must achieve all the failed assessments, or they may higher awa"", ""wed to re-sit/retake the examination/assessment again. This may be effected either by allowing you to ‘carry’ the failed credit (normally no more than 15 credits) into the next year of study or to repeat the year. Permission to carry failed credit will only be granted to students progressing from year 0 to year 1 and year 1 to year 2 of an undergraduate programme. This will only be allowed in the case of students who have a strong academic record and have provided evidence of extenuating circumstances or other just cause. A strong academic record would normally be evidenced by obtaining an overall module average of at least 50% of passed credit. The usual rules with regard to marks achieved in re-assessments will apply (unless the reassessments are being regarded as ‘first attempts’ on acc""]",0.656 | 0.644 | 0.642 | 0.629 | 0.623,5,0,0.0,1,False,35.0458577000536,
S1_basic_rag,nvidia/nvidia-nemotron-nano-9b-v2,V2Q061,How are roles divided when an academic-integrity offence is investigated under the updated assessment arrangements?,factual,easy,"The Academic Integrity Officer investigates, the Academic Integrity Committee makes recommendations on the outcome, and the Board of Examiners makes the final decision on the offence and penalty.",University of Liverpool Code of Practice on Assessment and Appendices 2025-26 — Summary of Changes,"UOL_Code,of,Practice,on,Assessment,and,Appendices,2025-26,Summary,of,Changes.pdf_p4_c2","

The roles are divided as follows: the Academic Integrity Office (AIO) investigates academic-integrity offences, and the Academic Integrity Committee (AIC) makes recommendations to the relevant Board of Examiners based on the AIO's findings [5].
","UOL_postgraduate_handbook.pdf_p37_c3 | UOL_undergraduate_handbook.pdf_p40_c9 | UOL_student_conduct2.pdf_p11_c4 | UOL_undergraduate_handbook.pdf_p40_c10 | UOL_Code,of,Practice,on,Assessment,and,Appendices,2025-26,Summary,of,Changes.pdf_p4_c1","[""current criminal records. This by a Fitness to Practise Panel. Committees, Clinical Assessment Panels Misconduct, integrity and behavioural requirement is in addition to the University’s and Academic Integrity Committees. concerns, including professional conduct Where the matter is referred for requirement to report such matters to the Criminal offences. consideration by a Fitness to Practise Students can appeal Provisional Semester Student Conduct Team. Panel, the Panel has the power to decide: One results and the formal decisions Suspension from studies That the student is fit to practice, made by the Board of Examiners, Clinical Fitness to Practise If any matters have been raised which with or without conditions; or Assessment Panels, and decisions The University offers a number of cli"", ""r nominee), and they specified period, or it may expel a student ac.uk). You are responsible for updating Designated staff have the authority to will decide whether there is sufficient from the University. In the event of loss or the Student Conduct Team via email of act under the Student Conduct Policy in evidence to refer the matter to University damage to property, the Panel may also any changes in your circumstances or the relation to Informal Resolution and Local Disciplinary Action (full hearing or Chair’s require that such loss or damage be made circumstances of the case. The Criminal Disciplinary Action. These are Heads of Action) or to Local Disciplinary Action. In good, either in whole or in part. Appendix B Offences Declaration Form can be found Department, Deans of Academic Sch"", ""r conviction, or Category 1, 2 involvement in an investigation that may lead to criminal or 3 charges, to the University University Reputational Damage Breaches G Behaviour which has damaged, or could have damaged, Category 1 or 2 the reputation of the University H Behaviour which has caused serious damage, or could Category 2 or 3 have caused serious damage, to the reputation of the University I Behaviour which has damaged, or could have damaged, Category 1 or 2 the University’s relationships with the local community or other bodies or organisations"", ""to Local Disciplinary Action. In good, either in whole or in part. Appendix B Offences Declaration Form can be found Department, Deans of Academic Schools such cases responding students will be – Student Conduct Breaches and Indicative on the Conduct and Discipline webpage on and Institutes, Directors of Professional informed regarding the alleged breach of Sanctions provides further details regarding the University website. Students need not Services, Head of Accommodation, the Student Conduct Policy being made the sanctions that can be issued by a declare parking or speeding offences Hall Managers and Wardens, as well as against them and the final decision with University Disciplinary Panel. which are subject to fixed penalties. organisations or individuals acting on regard to how the ca"", ""• The processes for dealing with oﬀences is simpliﬁed. For Category 1 oﬀences, ‘poor academic pracƟce', the examiner simply applies the penalty of a passmark cap to the assessment and records it in the feedback to the student. For the other categories of oﬀence, the academic misconduct is reported to the Academic Integrity Oﬃce (AIO) to invesƟgate and if they consider there has been a breach they will make recommendaƟons to the relevant Board of Examiners via the Academic Integrity Commitee (AIC). This diﬀers from the old policy where a decision on the category of oﬀence was made before the invesƟgaƟon, under this new process the category is determined through the invesƟgaƟon. • There is greater clarity on roles and decision making: the AIO invesƟgates oﬀences, the AIC makes recommendaƟons""]",0.627 | 0.607 | 0.600 | 0.592 | 0.588,5,0,0.0,34,True,8.59558940003626,
S1_basic_rag,nvidia/nvidia-nemotron-nano-9b-v2,V2Q062,How should a self-funding student's tuition-fee deposit be treated when they pay the remaining programme fee?,procedural,medium,"If paying in full, the deposit is deducted from the full payment amount. If paying by instalments under the relevant sections, the deposit is deducted from the first instalment rather than from the overall fee amount.",University of Liverpool Payment Policy 2026-27,"UOL_payment_policy_2026,2027.pdf_p5_c4","

When a self-funding student pays the remaining programme fee, the tuition-fee deposit should be deducted from either the full payment amount (if paying in full) or the first payment instalment (if following a payment plan under sections 4.5–4.7) [1].
","UOL_payment_policy_2026,2027.pdf_p5_c4 | UOL_payment_policy_2026,2027.pdf_p3_c3 | UOL_payment_policy_2026,2027.pdf_p5_c2 | UOL_payment_policy_2026,2027.pdf_p5_c3 | UOL_payment_policy_2026,2027.pdf_p5_c5","[""lated in their offer of admission risk having their offer withdrawn. 5.10 When arranging to pay the balance of their programme fee, for self-funding students paying in full, the deposit should be deducted from the full payment amount. For self-funding students seeking to pay their fees in accordance with sections 4.5 through 4.7, the deposit amount should be deducted from the first payment instalment, not from the overall fee amount. 5.11 Applicants who have paid a fee deposit but who fail to meet the conditions of their offer by the required deadline and have made every effort to meet the conditions since their offer was issued (with evidence), will be entitled to a full refund. The tuition fee deposit will be non-refundable for any other reason. 5.12 Where an applicant has paid a program"", ""hat their programme and/or research support fee is paid. Where a student’s sponsor defaults on any fee payment arrangement, the sponsor’s invoice will be cancelled and the debt will be transferred to the student’s account for immediate payment. Where fees remain outstanding, the University will apply academic sanctions in accordance with section 7. 4. Self-Funding 4.1 Students self-funding all or part of their programme fee must familiarise themselves with the available payment plans before the start of each academic session. Failure to adhere to the correct published payment plan will result in sanctions being applied as described in section 7. 4.2 Where a research support fee is raised, this will be charged collectively with the programme fee and hence students should take account of the"", ""he value and duration of the funding. Upon registration onto the programme of study, the University will apply the policy as described in section 5.3. 5.5 The University’s decision on whether to accept the evidence of third-party sponsorship presented shall be final. 5.6 Where an applicant provides acceptable evidence of third-party sponsorship which covers the full programme fee, having already paid a fee deposit for the applicable session, the University shall refund the deposit paid in full. 5.7 Where the University does not accept the evidence of sponsorship presented, or where the evidence is accepted but the total value of all funding does not cover the full programme fee, the applicant will be required to pay a programme fee deposit. 5.8 Excepting those applicants who fall within se"", ""oes not cover the full programme fee, the applicant will be required to pay a programme fee deposit. 5.8 Excepting those applicants who fall within section 5.13, the payment of a deposit will be a requirement of admission to the University. The University will only issue the applicant a Confirmation of Acceptance for Studies (CAS) for entry in 2026/27 upon receipt of the full deposit amount, or upon receipt of an acceptable sponsor letter and/or confirmation of University scholarship (as described in sections 5.3 and 5.4) which covers the full programme fee. 5.9 Applicants who fail to pay the full deposit amount required by the deadline stipulated in their offer of admission risk having their offer withdrawn. 5.10 When arranging to pay the balance of their programme fee, for self-funding s"", ""e), will be entitled to a full refund. The tuition fee deposit will be non-refundable for any other reason. 5.12 Where an applicant has paid a programme fee deposit but chooses to defer their entry to the University until session 2027/28, the University will retain the deposit to be offset against the 2027/28 programme fee. The applicant will subsequently be issued with a CAS at the appropriate stage in the 2027/28 admissions cycle. 5.13 The opportunity to defer the deposit sum paid to the following session will only be provided once. 5.14 The University does not require a programme fee deposit from applicants applying to study a research-based programme (e.g. PhD, MPhil or MRes), from those progressing onto a postgraduate taught programme following study the previous academic year at Univ""]",0.812 | 0.714 | 0.666 | 0.653 | 0.646,5,0,1.0,39,True,19.972222200012766,
S1_basic_rag,nvidia/nvidia-nemotron-nano-9b-v2,V2Q063,What does the updated Recognition of Prior Learning policy imply about how prior credit must be matched to a programme?,reasoning,hard,"Prior learning credit must be recognised against specific learning outcomes rather than as general credit. The updated policy also incorporates QAA principles, permits group applications, and shifts oversight to Boards of Examiners and Faculty AQSCs.",University of Liverpool Code of Practice on Assessment and Appendices 2025-26 — Summary of Changes,"UOL_Code,of,Practice,on,Assessment,and,Appendices,2025-26,Summary,of,Changes.pdf_p6_c1","

The updated Recognition of Prior Learning (RPL) policy implies that prior credit must be matched to **specific learning outcomes** of the programme, as general credit recognition is no longer permitted. This is explicitly stated in evidence [2], which clarifies that credit can only be recognized against specific learning outcomes, not broadly or generically. 

[2]
","UOL_postgraduate_handbook.pdf_p24_c1 | UOL_Code,of,Practice,on,Assessment,and,Appendices,2025-26,Summary,of,Changes.pdf_p6_c1 | UOL_extenuating_circumstances_policy.pdf_p13_c4 | UOL_postgraduate_handbook.pdf_p24_c3 | UOL_postgraduate_handbook.pdf_p32_c9","[""Where a programme includes level Recognised prior learning Where a programme of study is designed Pass mark and classification 6 modules (as detailed opposite) with credit which exceeds the minimum Credit attributed to previous certificated All Master’s level provision will have clearly that are also available to students on required for the award, the period of time or experiential learning may contribute defined assessments for each module with undergraduate degrees of the University, over which it is intended to be studied will up to one third of the total credit required a module pass mark of 50%. graduates of those undergraduate be extended as appropriate. for a postgraduate award. Applications If a programme of study includes level 6 programmes of study will not be permitted for reco"", ""12. Appendix R: Policy on RecogniƟon of Prior Learning (RPL) • The statement that RPL can be used for admission to level 5 has been removed, as this is handled through a separate admissions process. • References to “general credit” have been removed as credit can only be recognised against speciﬁc learning outcomes. • The key principles for RPL, as set out in QAA guidance, has been added to the Policy. • The Policy now allows group applicaƟons to be considered. • Responsibility for overseeing the Policy is moved from AQSC to Boards of Examiners and Faculty AQSCs. 13. Appendix D: RegulaƟons for the Conduct of ExaminaƟons; and Appendix D Annexe 1: RegulaƟons for the Conduct of Class Tests; and Appendix E: Guide on the Progress of Students on Taught Programmes of Study; and Appendix G: Policy"", ""it. The usual rules with regard to marks achieved in re-assessments will apply (unless the reassessments are being regarded as ‘first attempts’ on account of extenuating circumstances). When an assessment is re-sat/re-taken as a ‘first attempt’ all the options available in relation to first attempts will be available to the Extenuating Circumstances Committee and the Board of Examiners i.e. your examination/assessment will be treated as if you had never previously taken the exam or attempted the assessment. Where the failed credit is ‘carried’ into the next year of study and then re-assessed, the Board of Examiners will not take into account the original claim of extenuating circumstances when considering progression or final degree classification. 5.3 Undergraduate programmes, final year"", ""y policy. Further information about for the award. Where students register for a postgraduate level award. Similarly, where a student has taken a level recognised prior learning can be accessed for modules on a standalone basis, any Students who take a level 6 module on a 7 module as part of an undergraduate at Appendix R to the Code of Practice on credit contributing to an award must be standalone basis must achieve at least degree they have taken at the University Assessment at liverpool.ac.uk/aqsd/ successfully achieved within the maximum 50% or more for the credit to contribute they will not be permitted to take the same academic-codes-of-practice/code-of- registration period for that award In order to a postgraduate award. level 7 module(s) as part of a postgraduate practice-on-assess"", ""nq@liverpool.ac.uk Students before the date of the award of a always premeditated and would include failure to reference appropriately or to are ultimately responsible for ensuring degree, diploma or certificate will be offences subsequent to a prior written adequately identify the source of that their tuition fees are paid. deemed ineligible to be presented for warning of academic malpractice. material used; such an award. Further details, including Where by 2 February 2026 (or by 2 June unacknowledged quotation of The University’s Policy on Academic the Payment Policy 2025/26: Student 2026 for those whose programmes start in phrases from another’s work; Integrity, and the Guidelines for Programme Fees, Accommodation Fees, January 2026) a student fails to make the the deliberate and detai""]",0.554 | 0.540 | 0.485 | 0.479 | 0.477,5,0,1.0,54,True,7.609511399990879,
S1_basic_rag,nvidia/nvidia-nemotron-nano-9b-v2,V2Q064,"When does the University recalculate programme fees after a student does not register, leaves, or interrupts study?",paraphrased,medium,"The University recalculates the programme fee when a student does not register or leaves or interrupts during the academic session. A student cannot claim a refund for periods during which they were registered, subject to the detailed refund rules.",University of Liverpool Payment Policy 2026-27,"UOL_payment_policy_2026,2027.pdf_p6_c1","

The University recalculates programme fees when a student chooses not to register, leaves, or interrupts their programme during the academic session. This is explicitly stated in Evidence [1] (University of Liverpool Payment Policy 2026-27, page 6), section 6.1.
","UOL_payment_policy_2026,2027.pdf_p6_c2 | UOL_payment_policy_2026,2027.pdf_p1_c1 | UOL_payment_policy_2026,2027.pdf_p4_c3 | UOL_payment_policy_2026,2027.pdf_p5_c5 | UOL_payment_policy_2026,2027.pdf_p6_c1","[""usly firmly accepted an unconditional offer to do so, except where they are bound by the terms prescribed under section 5. 6.3 Fees charged to registered students will be calculated based upon the date the University is formally informed of any change in registration. Students should therefore follow the University’s formal procedures for withdrawal or interruption outlined at www.liverpool.ac.uk/studentadministration/managing-my-studies/. 6.4 Programme fees for undergraduate students will be calculated in accordance with the following table7: Withdrawal or Interruption Date Percentage of Annual Programme Fee Charged 28 September 2026 – 25 October 2026 0% 26 October 2026 – 10 January 2027 25% 11 January 2027 – 4 April 2027 50% 5 April 2027 – 28 May 2027 100% 6.5 No charge will be made to p"", ""PAYMENT POLICY 2026/27: STUDENT PROGRAMME FEES, ACCOMMODATION FEES, FINES AND CHARGES 1. Introduction 1.1 Programme fees are charged for the educational services and facilities provided in the delivery of a programme of study, subject to the Programme Terms and Conditions relevant to the year of entry (‘the student contract’). The fee is an annual, consolidated charge for the provision of tuition, registration, learning resources, infrastructure, examination, assessment and graduation. In some cases, an additional research support1 (bench) fee is charged. All academic fees are subject to annual increase. 1.2 All programmes of study which lead to a University award incur a programme fee. Programme fees are charged for all academic years of study, including failed academic years repeated in"", ""programmes start in January 2027, payment may be made in three equal instalments on 15 February 2027, 15 April 2027 and 15 June 2027. 4.11 Where a student fails to make the necessary payment(s) in accordance with the arrangements prescribed under sections 4.5 through 4.10, sanctions will be applied in accordance with section 7. 5. Programme Fee Deposits (Overseas Taught Postgraduate Students)6 5.1 All overseas applicants planning to enter the University in session 2026/27 to begin study on a postgraduate taught programme, barring the exceptions stipulated in section 5.14, will be required either to pay a non-refundable programme fee deposit of up to £5,000 or to provide formal confirmation of third-party sponsorship and/or a University scholarship which covers the full programme fee. 5.2"", ""e), will be entitled to a full refund. The tuition fee deposit will be non-refundable for any other reason. 5.12 Where an applicant has paid a programme fee deposit but chooses to defer their entry to the University until session 2027/28, the University will retain the deposit to be offset against the 2027/28 programme fee. The applicant will subsequently be issued with a CAS at the appropriate stage in the 2027/28 admissions cycle. 5.13 The opportunity to defer the deposit sum paid to the following session will only be provided once. 5.14 The University does not require a programme fee deposit from applicants applying to study a research-based programme (e.g. PhD, MPhil or MRes), from those progressing onto a postgraduate taught programme following study the previous academic year at Univ"", ""International College, successful completion of a Pre-sessional English Language programme in the academic year proceeding postgraduate study. 6. Programme Fee Refund Policy 6.1 The University will re-calculate the amount of programme fee to be charged in circumstances where a student chooses not to register on their programme, or to leave or interrupt their programme during the academic session. In such an event, a student will have no claim to a refund of fees charged for any period they were registered during that session. 6.2 No programme fees will be charged to any applicant who fails to register on their programme of study having previously firmly accepted an unconditional offer to do so, except where they are bound by the terms prescribed under section 5. 6.3 Fees charged to registe""]",0.734 | 0.700 | 0.692 | 0.679 | 0.673,5,0,1.0,38,True,9.88344230002258,
S1_basic_rag,nvidia/nvidia-nemotron-nano-9b-v2,V2Q065,What evidence is normally required if a student claims extenuating circumstances because of religious observance?,paraphrased,medium,"Independent documentary evidence is required, such as a letter from a minister or religious leader, and the student must show that participation was required and could not reasonably occur at another time that did not conflict with study or assessment.",University of Liverpool Extenuating Circumstances Policy,UOL_extenuating_circumstances_policy.pdf_p10_c3,"

The evidence normally required for a claim of extenuating circumstances due to religious observance includes **independent documentary evidence** (e.g., a letter from a minister or religious leader) and a demonstration that the student had a requirement to attend or participate in the observance, along with reasons why they could not attend on a different occasion that did not conflict with their studies or assessments [1].
",UOL_extenuating_circumstances_policy.pdf_p10_c3 | UOL_extenuating_circumstances_policy.pdf_p7_c3 | UOL_extenuating_circumstances_policy.pdf_p2_c3 | UOL_student_conduct1.pdf_p11_c4 | UOL_student_conduct1.pdf_p17_c4,"[""Committee may not accept your claim if it considers that you have failed to take reasonable precautions (e.g. you have lost work which you did not back up). Religious observance Independent documentary evidence is required in all cases (e.g. a letter from a minister or religious leader) and you must demonstrate that there was a requirement for you to attend or participate, and the reasons why you could not attend on a different occasion which did not coincide with your studies or assessment. Where religious observances require fasting, the University will not normally regard this as an extenuating circumstance. Employment If you are a full-time student, you will not normally be eligible to claim for extenuating circumstances in relation to employment. This includes claims relating to resi"", ""are claiming have affected your performance predate your assessment; it is at their discretion whether or not to provide a statement. Please note that claims will only be considered if they are submitted on the correct form with supporting evidence. For online students the claim form is located on the Online Programme Virtual Learning Environment for completion online. Please be assured that all cases will be treated in the strictest confidence. 3.4 Examples of acceptable evidence The following examples are not exclusive, but are provided to indicate the types of evidence which an Extenuating Circumstance Committee will be expecting to see in support of claims relating to different types of circumstance. Physical illness The Extenuating Circumstances Committee will normally expect to see i"", ""hout reasonable or contemporaneous evidence (medical or otherwise) to support it; • Alleged medical circumstances outside the relevant assessment period or learning period for which appropriate adjustments for extenuating circumstances have already been made; • Alleged medical condition supported by “retrospective” medical evidence – that is, evidence that is not (contemporaneous) in existence at the same time as the illness, e.g. a doctor’s note which states that the student was seen (after the illness occurred) and declared they had been ill previously, except where there is evidence that the student had unknown or undisclosed mental health difficulties which made it very difficult for them to seek help; • Long term health condition for which the student is already receiving reasonable o"", ""ng who has made the allegation against them, what the exact nature of the allegation is and how this is considered to have breached the expected standards of behaviour. Responding students may submit a written statement at any point during the investigation should they wish to. A copy of the relevant Policy and Procedures will be provided to the student. 7.2 The role of the Investigating Officer is to obtain statements of facts relating to the allegation which has been made against a student and any physical evidence. No third-party evidence such as external reports may be submitted unless it is medical evidence, for example, a medical report. 7.3 The student is entitled to be accompanied at the investigation meeting by one other person acting as their friend. Whilst this can be a family m"", ""tments have been made). If there is good reason why evidence and/or statements couldn’t have been submitted in time, they may be permitted. This will be reviewed on a case-by-case basis. 10.6 Where necessary, to protect the identity of individuals not involved in the case, notes and evidence may be suitably redacted. Whilst neither the Adviser to the Panel nor the Investigating Officer may refer to a student’s previous misconduct, registration, immigration status or academic performance, references made to these issues by the responding student or their supporters in written statements will not normally be redacted. If a reporting student refers to these issues, a decision will be taken whether to redact this or not. APPENDIX A – STUDENT CONDUCT POLICY PROCEDURES""]",0.607 | 0.488 | 0.479 | 0.463 | 0.454,5,0,1.0,65,True,6.895822399994358,
S1_basic_rag,nvidia/nvidia-nemotron-nano-9b-v2,V2Q066,Why should a student include all relevant issues and evidence when requesting a Review of a formal complaint?,reasoning,hard,"Because the Review request should explain the grounds, the complaint, why the student remains dissatisfied, the remedy sought, and all relevant evidence. New issues are not normally expected at Review unless they concern the way the Formal Stage was conducted.",Student Complaints Policy and Procedure,"UOL_Student,Complaints,Policy,and,Procedure.pdf_p16_c3","

A student should include all relevant issues and evidence when requesting a Review of a formal complaint because the Student Complaints Policy and Procedure explicitly requires the student to ""provide with the complaint all relevant documentation or other evidence which they wish to be taken into consideration"" [1]. This ensures that the Review process has complete information to address the complaint effectively.
","UOL_Student,Complaints,Policy,and,Procedure.pdf_p16_c3 | UOL_Student,Complaints,Policy,and,Procedure.pdf_p12_c1 | UOL_Student,Complaints,Policy,and,Procedure.pdf_p13_c1 | UOL_Student,Complaints,Policy,and,Procedure.pdf_p12_c4 | UOL_student_conduct1.pdf_p26_c1","[""ew; • the nature of the complaint; • all correspondence received by or provided by the student under either the Early Resolution and/or Formal Stage of this Procedure, including the University’s written response to the complaint; • a statement as to why the student remains dissatisfied; • and, without prejudice to any formal remedy which might be determined, the remedy they are seeking. The student should provide with the complaint all relevant documentation or other evidence which they wish to be taken into consideration. A student whose complaint has previously been considered under the Formal Stage is not expected to raise at the Review Stage any additional issues not previously raised, except where the issues relate to the procedural conduct of the Formal complaint consideration. 15"", ""Student Conduct, Complaints and Compliance (g) If the person with whom an issue has been raised considers action is required, they must communicate to the student what action has been taken. (h) It is envisaged that this Early Resolution is for low level concerns and would not require an investigation. If a complaint requires an investigation it shall be escalated to the formal stage below. 7. Formal Complaint (a) If a student is dissatisfied with the response they receive from Early Resolution, or if they feel unable to approach a person directly against whom they have a complaint, or they feel the complaint is serious enough to not be able to be resolved informally, they should submit a formal complaint as follows: • For students on taught programmes of study, complaints relating to an a"", ""Student Conduct, Complaints and Compliance • details of the response received • and, without prejudice to any formal remedy which might be determined, the remedy they are seeking. c) Where a complaint is made by a group of students, one student should be clearly nominated as the main point of contact for those handling the complaint. Findings and decisions should, however, be provided to each member of the group of students. d) Where a complaint is submitted without the pro-forma being completed or not completed in full, the University reserves the right not to consider the complaint until the pro-forma has been properly completed and submitted. e) Students are expected to provide at the time of submission of their formal complaint, all relevant documentation or other evidence and details"", ""complaint should be submitted in writing and should include: • the completed pro-forma • the nature of the complaint • the Early Resolution steps already taken (if any) and a statement detailing why the student remains dissatisfied 11"", ""Student Conduct, Complaints and Compliance submitted with the appeal. 18.4 Late submission of supporting evidence may not be accepted unless the student demonstrates that there was good reason that the evidence could not be provided in time. 19 University Disciplinary – Grounds for Appeal 19.1 Responding and reporting students shall have a right of appeal against the finding of a University Disciplinary Panel and/or a sanction imposed by them. 19.2 Where the responding student has admitted an allegation, they may only appeal against the sanction. 19.3 Where the responding or reporting student submits an appeal against the finding of the University Disciplinary Panel the grounds on which such an appeal may be submitted are as follows: a) That the procedures were not followed properly. b) Th""]",0.714 | 0.691 | 0.655 | 0.642 | 0.640,5,0,1.0,62,True,9.918820499908179,
S1_basic_rag,nvidia/nvidia-nemotron-nano-9b-v2,V2Q067,What may happen after a visa refusal if IAG assesses an appeal or administrative review as unlikely to succeed?,paraphrased,medium,"The student may be advised to interrupt or withdraw voluntarily. The University may then report the registration change to UKVI, withdraw sponsorship, and require the student to leave the UK; resuming later would require a new CAS and Student Route visa.",Policy on UKVI Compliance — Student Route,UOL_UKVI_complience.pdf_p13_c2,"

If IAG assesses an appeal or administrative review as unlikely to succeed, the University may administratively suspend or withdraw the student from their studies. This action would be reported to UKVI, requiring the student to leave the UK and apply for a new Student visa to return [2].
",UOL_student_conduct1.pdf_p25_c4 | UOL_student_guide_visa_holders.pdf_p8_c5 | UOL_undergraduate_handbook.pdf_p41_c10 | UOL_student_conduct1.pdf_p25_c3 | UOL_postgraduate_handbook.pdf_p38_c1,"[""will remain in force until the outcome of the appeal. This means that any registration or immigration implications for the student will still apply during the appeal process. 18.3 The written appeal, which should be submitted electronically, must include the following: • The student’s name and ID number. • The date of the hearing of the University Disciplinary Panel. • The date on which the student received the outcome letter. • A clear statement of the grounds on which the student is making the appeal (see section 19 below), and all supporting evidence must be APPENDIX A – STUDENT CONDUCT POLICY PROCEDURES"", ""s the likely success of an If your appeal or administrative review appeal or administrative review. is rejected and you do not voluntarily If IAG assess that an appeal or suspend or withdraw, the University administrative review might be reserves the right to administratively successful then they will help you apply suspend or withdraw you from your for this and you can carry on studying studies in order to protect its Student until you get a decision from UKVI. sponsor licence. This will be reported to UKVI and, as a result, you will need to leave If IAG assess that an appeal or the UK. In order to return to your studies administrative review is likely to fail, you will need a new CAS to apply for you will be advised to voluntarily a new Student visa. interrupt your studies."", ""e governed by these processes. forward, in which case the student will be Administration - University of Liverpool. Where a student submits an appeal, they informed that no further action will be taken An assessment appeal is a challenge will not be permitted to attend graduation to, or a request for reconsideration (on or graduate until either the appeal is specified grounds) of a decision made concluded or withdrawn. by the University on student assessments and awards. Your University – Handbook for Undergraduate Students78 / /79"", ""mised basis. 18 University Disciplinary – How to Appeal 18.1 Any appeal must be submitted in writing to the Director of Student Experience and Enhancement or nominee with a copy to the Student Conduct Team (studentconduct@liverpool.ac.uk within 10 working days of receipt by the student of the outcome letter. For the purposes of this deadline, the date of receipt shall normally be taken to be the date on which the letter was sent to the student’s University or other agreed email address. 18.2 Where either reporting or responding students exercise their right of appeal, any decision by the University Disciplinary Panel including any sanctions, will remain in force until the outcome of the appeal. This means that any registration or immigration implications for the student will still apply du"", ""Students who wish to appeal against The University recognises and is fully Formal Complaint Review the decision of the Board of Examiners committed to meeting its responsibilities If a student is dissatisfied with the response If a student is dissatisfied with the outcome to terminate their studies (other than for to secure and promote academic freedom they receive from Early Resolution, or if they of a Formal Complaint (including those breaches of the Academic Integrity Policy) and free speech, within the law. The feel unable to approach a person directly students at partner institutions), they shall or to deem them withdrawn prior to the University’s Code of Practice Regarding against whom they have a complaint, or be entitled to request a Review of the normal expected date of completion""]",0.559 | 0.542 | 0.539 | 0.527 | 0.523,5,0,0.0,48,True,5.744206000003032,
S1_basic_rag,nvidia/nvidia-nemotron-nano-9b-v2,V2Q068,What must a student provide if they request a late Review of a Formal Complaint outcome?,factual,easy,"They must make the case in writing to the Director of Student Experience and Enhancement, explain the reason for the delay, and provide documentary evidence supporting that reason. The Review request also needs the required form, grounds and complaint documentation.",Student Complaints Policy and Procedure,"UOL_Student,Complaints,Policy,and,Procedure.pdf_p16_c2","

The student must provide a written request to the Director of Student Experience and Enhancement, including the reason for the delay in submission and any documentary evidence supporting that reason [4].
","UOL_Student,Complaints,Policy,and,Procedure.pdf_p16_c3 | UOL_Student,Complaints,Policy,and,Procedure.pdf_p17_c2 | UOL_Student,Complaints,Policy,and,Procedure.pdf_p17_c4 | UOL_Student,Complaints,Policy,and,Procedure.pdf_p16_c2 | UOL_Student,Complaints,Policy,and,Procedure.pdf_p15_c4","[""ew; • the nature of the complaint; • all correspondence received by or provided by the student under either the Early Resolution and/or Formal Stage of this Procedure, including the University’s written response to the complaint; • a statement as to why the student remains dissatisfied; • and, without prejudice to any formal remedy which might be determined, the remedy they are seeking. The student should provide with the complaint all relevant documentation or other evidence which they wish to be taken into consideration. A student whose complaint has previously been considered under the Formal Stage is not expected to raise at the Review Stage any additional issues not previously raised, except where the issues relate to the procedural conduct of the Formal complaint consideration. 15"", ""receive a written response with the outcome of the Review. This will normally be communicated to the student within 10 working days. g) The Director of Student Experience and Enhancement shall appoint a person or persons within the University (‘the Reviewer’) who has no material interest in the complaint and who has had no substantive involvement with any previous consideration of the complaint. The Reviewer shall normally seek to resolve the issue on the basis of consideration of the documentation provided by the student and such additional evidence as the Reviewer may consider it necessary to gather. Where the Reviewer gathers verbal responses from any person within or outside of the University, a written record of those responses shall be made. The Reviewer will not normally correspond"", ""and Enhancement shall determine what action, if any, shall be taken and shall communicate this in writing to the student and all other relevant parties normally within 30 working days of the date of confirming the grounds for a Review of a formal complaint had been met. This communication shall include a Completion of Procedures statement. i) Following consideration of a complaint under both the Formal and Review Stage, there shall be no further right of appeal or complaint within the University as to the merits of the case or the findings of any investigation. 9. External Review 16"", ""t a Review of a decision taken under the Formal Stage if it is not submitted within the correct timeframe. Any case for consideration of a Review of the Formal Stage after those deadlines have passed must be made in writing to the Director of Student Experience and Enhancement and shall include the reason for the delay in submission, together with any documentary evidence in support of that reason. e) A request to Review the outcome of a Formal Complaint should be submitted in writing to the Director of Student Experience and Enhancement and should include: • the completed Review pro-forma; • the grounds under which they are requesting a Review; • the nature of the complaint; • all correspondence received by or provided by the student under either the Early Resolution and/or Formal Stage o"", ""of the formal complaint at the Formal Complaint stage unless the student escalates the complaint to the Review Stage of this Procedure within 10 working days of the date on which the written response is sent to the student. 8. Review a) If a student is dissatisfied with the outcome of a Formal Complaint (including those students at partner institutions), they shall be entitled to request a Review of the outcome under the Review Stage of this Procedure, provided the request is made within 10 working days after the formal response has been received and they meet the criteria to request a Review. 14""]",0.718 | 0.703 | 0.697 | 0.686 | 0.684,5,0,1.0,31,True,5.063508399995044,
S1_basic_rag,nvidia/nvidia-nemotron-nano-9b-v2,V2Q069,What does the University commit to when it issues a CAS under its Student sponsor licence?,paraphrased,medium,"By issuing a CAS, the University states that it wants the student to be granted permission to enter or remain in the UK to study at Liverpool and accepts the sponsor responsibilities associated with the Student Route licence.",Policy on UKVI Compliance — Student Route,UOL_UKVI_complience.pdf_p3_c1,"

The University commits to stating that it wishes for the student to be granted permission to enter and remain in the UK to study at the University when it issues a Confirmation of Acceptance for Studies (CAS) under its Student sponsor licence [1].
",UOL_UKVI_complience.pdf_p3_c1 | UOL_UKVI_complience.pdf_p5_c1 | UOL_UKVI_complience.pdf_p5_c4 | UOL_UKVI_complience.pdf_p9_c2 | UOL_UKVI_complience.pdf_p13_c2,"[""POLICY ON UKVI - STUDENT COMPLIANCE 1.1 The University is licensed by the UK Home Office under the Student Route rules to act as a sponsor of international students for visa purposes. By issuing a Confirmation of Acceptance for Studies (CAS) to a student, the University is stating that it wishes for the student to be granted permission to enter and remain in the UK to study at the University. 1.2 The main objectives of the Sponsor Licence are: a) To help prevent abuse of the UK migration system b) To help ensure students being sponsored are genuine and are complying with the immigration rules c) To help identify and address patterns of student behaviour that might cause concern d) To help sponsors take all reasonable steps to ensure compliance with the rules 1.3 As a licensed sponsor of in"", ""POLICY ON UKVI - STUDENT COMPLIANCE 3.4 Depending on the results of this investigation, the University will note the student’s failure to register and, in some cases and subject to conditions, agree to defer a student’s registration until the next available entry point. In such cases, the student’s failure to register will be reported to UKVI via the Sponsor Management System (SMS) within ten calendar days of the end of the prescribed enrolment period. In so doing, the University will withdraw the existing CAS and hence its current sponsorship of the student. Any later entry point or further application to study at the University would require the student to be issued with a new CAS in order to apply for a new Student Route visa to enter the UK. 3.5 In exceptional cases, and subject to agr"", ""required immigration and qualification documentation that satisfies the University’s Student Route compliance responsibilities. 3.8 In the event that all reasonable steps to elicit the required documentation prove unsuccessful, or where further checks indicate that an international student is unable to place themselves in a compliant immigration position within a reasonable timeframe, the University reserves the right to defer a student’s registration until the next available entry point and/or to de-register a student from their programme of study, in order to protect its sponsor licence. In such cases, the student’s failure to register will be reported to UKVI via the SMS. In so doing, the University will withdraw the existing CAS and hence its current sponsorship of the student. In most"", ""dy, in order to protect its Student sponsor licence. Student Life will report the student’s change of circumstances to UKVI via SMS and, in so doing, will withdraw its current sponsorship of the student. The student will be required to leave the UK and any subsequent intention to resume study or research will require the student to be issued with a new CAS in order to apply for a new Student Route visa to enter the UK. 8. Expected interactions 8.1 As a licensed sponsor, the University is required to keep accurate records of student attendance and absence (authorised or non-authorised). The University discharges these responsibilities, and articulates the authority upon which action against poor attendance may be taken, under its Student Attendance Policy, Appendix E of the Code of Practice"", ""or withdraw the student from their programme of study, in order to protect its Student sponsor licence. Student Life will report the student’s change of circumstances to UKVI via SMS and, in so doing, will withdraw its current sponsorship of the student. The student will be required to leave the UK and any subsequent intention to resume study or research will require the student to be issued with a new CAS in order to apply for a new Student Route visa to enter the UK. 14.4 Where an international student has not submitted an in-time appeal or an in-time request for an administrative review of the visa refusal or rejection decision, the student must present all relevant documentation requested by IAG in order for an assessment to be made as to the likely success of an appeal or administrat""]",0.698 | 0.658 | 0.652 | 0.631 | 0.604,5,0,1.0,43,True,7.441523000015877,
S1_basic_rag,nvidia/nvidia-nemotron-nano-9b-v2,V2Q070,Which broad topics are covered in the Postgraduate Handbook's sections on programme rules and student conduct?,paraphrased,medium,"The handbook covers programme structure and academic rules such as prior learning, registration periods, pass marks and classification, alongside academic misconduct, non-academic misconduct, disciplinary procedures and related student-life matters.",University of Liverpool Postgraduate Handbook,UOL_postgraduate_handbook.pdf_p2_c3,"

The Postgraduate Handbook's sections on student conduct are covered in evidence [5], which details categories of breaches, sanctions, and factors affecting disciplinary actions. However, the provided evidence does not include specific information about programme rules in the Postgraduate Handbook. Therefore, only student conduct is addressed in the evidence given.
",UOL_postgraduate_handbook.pdf_p1_c1 | UOL_undergraduate_handbook.pdf_p1_c1 | UOL_postgraduate_handbook.pdf_p21_c10 | UOL_postgraduate_handbook.pdf_p18_c9 | UOL_student_conduct2.pdf_p2_c1,"[""YOUR UNIVERSITY HANDBOOK FOR POSTGRADUATE STUDENTS"", ""YOUR UNIVERSITY HANDBOOK FOR UNDERGRADUATE STUDENTS"", ""ur University – Handbook for Postgraduate Students38 / /39"", ""book for Postgraduate Students32 / /33"", ""Student Conduct, Complaints and Compliance 1. Categories of Breaches 1.1. The way in which the University of Liverpool categorises breaches of the Student Conduct Policy is by consideration of both the severity of the breach and the appropriateness of certain sanctions to certain types of breach. Sanctions listed are indicative only, non-exhaustive and will be applied on a case-by-case basis (i.e., considering the context of each breach), at the discretion of the disciplinary authorities. 1.2. There may be some circumstances where, if aggravating factors are present as outlined in section 2 of this document, the category of a breach may be increased and therefore subject to more severe sanctions. Similarly, there may be circumstances where, if mitigating factors are present as outlined in""]",0.727 | 0.619 | 0.604 | 0.587 | 0.583,5,0,0.0,49,True,11.09935279993806,
S1_basic_rag,nvidia/nvidia-nemotron-nano-9b-v2,V2Q071,When can a graduate apply for the Graduate Route visa according to the guide?,factual,easy,They can apply only after they have been successfully awarded an eligible qualification and after the University has confirmed that the required report has been made.,Student Guide for UK Visa Holders 2026,UOL_student_guide_visa_holders.pdf_p11_c3,"

A graduate can apply for the Graduate Route visa after being awarded an eligible qualification and after receiving confirmation from the University that a report has been processed [1][5]. The guide specifies that students must apply for a new ATAS certificate and visa when eligible, which occurs post-qualification and upon University confirmation.
",UOL_student_guide_visa_holders.pdf_p11_c3 | UOL_UKVI_complience.pdf_p8_c3 | UOL_student_guide_visa_holders.pdf_p11_c1 | UOL_UKVI_complience.pdf_p8_c2 | UOL_student_guide_visa_holders.pdf_p11_c2,"[""rpool.ac.uk/postgraduate-taught/ programme, change their The Graduate route visa is independent applying/atas/ research discipline or get an from the University. A graduate from the extension of more than 3 months University is responsible for ensuring they Applicants whose subject area requires must apply for a new ATAS meet the requirements of the visa and ATAS clearance must provide the correct certificate to cover their new applying for the visa when eligible, if ATAS certificate before the University subject area and provide the they wish to. will issue a CAS for a Student visa. University with the new ATAS Students can only apply for this visa certificate. after being successfully awarded an eligible qualification and after receiving confirmation from the University that a report has"", ""nal students who require an extension to their Student Route visa in order to remain on their current programme must request a CAS from Student Life at least three months before their existing leave expires. 7.3 International students who require a new Student Route visa in order to resume their current programme (e.g. following an interruption) must request a CAS from Student Life at least three months before they expect to return to their studies. 7.4 As part of any request for a CAS, international students will be required to complete a questionnaire and provide supporting documentation in relation to their immigration status and history. 7.5 Where necessary, an international student may be asked to provide IAG with additional documentation that relates to their Student Route visa appli"", ""18 19 Academic Technology Graduate Approval Scheme Route (ATAS) Visa ATAS is a UK Government scheme An ATAS certificate will display the The Graduate route visa is an designed to prevent those undertaking University and the programme of study/ immigration route designed to give postgraduate study from acquiring research that an applicant has applied to Student visa holders who have been knowledge that could be used in for clearance. Current students applying awarded an eligible qualification an Weapons of Mass Destruction (WMD) for a new Student visa for any reason additional 18 month or 3-year visa in activities. Applicants for certain subject (e.g. an extension or suspension) must which to look for and engage in areas must obtain an ATAS certificate re-apply for ATAS clearance and provid"", ""rocessed. The reporting of the circumstances identified in section 6.3 will have no material effect on the Student Route visa. 6.5 Student Life will not report the following non-exhaustive list of events to UKVI: a) Any explained and authorised short-term2 absence from study or research b) Any isolated instance or limited sequence of absence from timetabled activity3 7. Student Route visa applications for currently registered students 7.1 International students who require an extension to their Student Route visa in order to undertake a new programme at the University will be issued with a CAS as part of the admissions process. 7.2 International students who require an extension to their Student Route visa in order to remain on their current programme must request a CAS from Student Life a"", ""ct (e.g. an extension or suspension) must which to look for and engage in areas must obtain an ATAS certificate re-apply for ATAS clearance and provide employment, become self-employed, before they make an application for a new ATAS certificate together with or potentially start a business in the UK. a UK visa. their request for a new CAS to Student Those who are awarded a PhD will be Administration. granted 3 years under the Graduate The list of subject areas that require route, for all other eligible qualifications ATAS clearance can be found on 18 months will be granted. the University’s Admissions pages: Current students who transfer liverpool.ac.uk/postgraduate-taught/ programme, change their The Graduate route visa is independent applying/atas/ research discipline or get an from the""]",0.620 | 0.597 | 0.565 | 0.561 | 0.554,5,0,1.0,52,True,6.151060699950904,
S1_basic_rag,nvidia/nvidia-nemotron-nano-9b-v2,V2Q072,How does the Diversity and Equality of Opportunity Policy relate to the University's other equality-related policies and plans?,reasoning,hard,"It acts as the overarching framework. More specific policies, statements and action plans—such as bullying and harassment, parental-leave policies, Equality Objectives, Athena Swan and Race Equality Charter plans—sit underneath and support it.","University of Liverpool Diversity, Equality and Opportunity Policy",UOL_diversity-equality-opportunity-policy.pdf_p30_c1,"

The Diversity and Equality of Opportunity Policy provides an overarching framework for the University’s approach to equality, and other equality-related policies and plans support this framework. For example, Appendix D of the policy lists specific supporting documents such as the Equality Objectives Action Plan, Bullying & Harassment Policy, and Athena Swan Action Plan, which are all part of the University’s broader equality initiatives [3]. Additionally, the policy’s principles are applied in specific areas like student admissions and program approvals, as outlined in the University’s governance and student-related policies [4]. The policy also emphasizes collaboration through committees like the Equality, Diversity & Inclusion Committee, which oversees advancing equality across the University [5].
",UOL_diversity-equality-opportunity-policy.pdf_p4_c1 | UOL_diversity-equality-opportunity-policy.pdf_p1_c1 | UOL_diversity-equality-opportunity-policy.pdf_p30_c1 | UOL_diversity-equality-opportunity-policy.pdf_p10_c1 | UOL_diversity-equality-opportunity-policy.pdf_p8_c2,"[""Diversity & Equality of Opportunity Policy EXECUTIVE SUMMARY PROMOTING EQUALITY, DELIVERING INCLUSION, ELIMINATING DISCRIMINATION What does ‘Equality of Opportunity’ mean? Equality of opportunity is about treating everyone as an individual with consideration for their needs and abilities, so that everyone has an equal opportunity to reach their full potential. This can be applied to; recruitment, pay, access to services and education, and promotion. The University’s commitment The University works to ensure that staff and students are not disadvantaged on the grounds of any of the nine protected characteristics defined in the Equality Act 2010. These being; Age, Disability, Gender Reassignment, Marriage & Civil Partnership, Pregnancy & Maternity, Race, Religion or Belief (including Non-Bel"", ""Diversity & Equality of Opportunity Policy Human Resources 1"", ""APPENDIX D: EQUALITY POLICY FRAMEWORK The Diversity & Equality of Opportunity Policy provides an overarching framework for the University’s approach to equality. Supporting this policy are a number of additional Policies, Statements and Action Plans. These include: • Equality Objectives Action Plan • Bullying & Harassment Policy • Maternity Leave Policy • Paternity Leave Policy • Adoption & Surrogacy Leave Policy • Parental leave Policy • Shared Parental Leave Policy • Fostering Leave Policy • Compassionate, Domestic and Personal Emergency Leave Policy • Athena Swan (Gender Equality) Action Plan • Race Equality Charter Action Plan A full list of Human Resources (HR) A-Z of Policies, Procedures and Guidance can be found via the link provided. Equality related action plans, can also be found"", ""6.0 Ensuring Equality of Opportunity 6.1 University Governance The University is committed to a fair and transparent approach to filling vacancies on its Council. Vacancies for lay members are advertised and members appointed by an appropriately constituted selection committee. 6.2 Students Ensuring equality of opportunity is a guiding principle behind all of the University’s policies and procedures. Of particular importance to the diversity and equality agenda, in the context of our student body, are the departmental admissions policies which support the institutional admissions policy, and the discussion of diversity and equality issues as a requirement of programme approval, annual programme monitoring and periodic review. The University is committed to providing its staff with the appr"", ""ard to the need to: • eliminate discrimination, harassment, victimisation and any other conduct that is prohibited by or under the Equality Act 2010; • advance equality of opportunity between persons who share a relevant protected characteristic and persons who do not share it; • foster good relations between persons who share a relevant protected characteristic and persons who do not share it. In particular, the University’s Equality, Diversity & Inclusion Committee have overall responsibility for advancing equality at the University. The Education Committee, and the Finance & Resource Committee also have equality within the scope of their remit. 4.4 Diversity and Equality Team The Diversity and Equality Team is responsible for; developing and reviewing policies and guidance to promote a""]",0.818 | 0.745 | 0.721 | 0.712 | 0.681,5,0,1.0,111,True,11.1963354999898,
S1_basic_rag,nvidia/nvidia-nemotron-nano-9b-v2,V2Q073,A student has an automatic right of appeal against an Informal Resolution outcome in a conduct case. Is that correct?,adversarial_false_premise,hard,No. There is no right of appeal against Informal Resolution. The student can instead ask for the matter to be reviewed under the Local Disciplinary Action procedures.,Student Conduct Procedures — Appendix A,UOL_student_conduct1.pdf_p4_c2,"

The statement is incorrect. According to [1], there is no right of appeal against actions taken under Informal Resolution. However, the responding student may request a review of the matter through the Local Disciplinary Action procedures by contacting the relevant staff member [1].
",UOL_student_conduct1.pdf_p4_c2 | UOL_undergraduate_handbook.pdf_p42_c1 | UOL_postgraduate_handbook.pdf_p38_c1 | UOL_student_conduct1.pdf_p26_c1 | UOL_student_conduct1.pdf_p6_c3,"[""appen again. 2.3 Notes of the conversation should be made and retained by the designated staff member in a secure location. 2.4 There is no right of appeal against actions taken under Informal Resolution, although the responding student could, if they wished the matter to be considered further, request that the matter is reviewed using the Local Disciplinary Action procedures below. This should be requested by e-mailing the member of staff who has dealt with the concern at the Informal Stage who will then refer it to Local Disciplinary Action. 2.5 If during the process of establishing the facts it becomes apparent that the misconduct is more severe than originally thought, the designated member of staff can recommend it be referred to either Local Disciplinary Action or University Discipli"", ""Students who wish to appeal against The University recognises and is fully Formal Complaint Review the decision of the Board of Examiners committed to meeting its responsibilities If a student is dissatisfied with the response If a student is dissatisfied with the outcome to terminate their studies (other than for to secure and promote academic freedom they receive from Early Resolution, or if they of a Formal Complaint (including those breaches of the Academic Integrity Policy) and free speech, within the law. The feel unable to approach a person directly students at partner institutions), they shall or to deem them withdrawn prior to the University’s Code of Practice Regarding against whom they have a complaint, or be entitled to request a Review of the normal expected date of completion"", ""Students who wish to appeal against The University recognises and is fully Formal Complaint Review the decision of the Board of Examiners committed to meeting its responsibilities If a student is dissatisfied with the response If a student is dissatisfied with the outcome to terminate their studies (other than for to secure and promote academic freedom they receive from Early Resolution, or if they of a Formal Complaint (including those breaches of the Academic Integrity Policy) and free speech, within the law. The feel unable to approach a person directly students at partner institutions), they shall or to deem them withdrawn prior to the University’s Code of Practice Regarding against whom they have a complaint, or be entitled to request a Review of the normal expected date of completion"", ""Student Conduct, Complaints and Compliance submitted with the appeal. 18.4 Late submission of supporting evidence may not be accepted unless the student demonstrates that there was good reason that the evidence could not be provided in time. 19 University Disciplinary – Grounds for Appeal 19.1 Responding and reporting students shall have a right of appeal against the finding of a University Disciplinary Panel and/or a sanction imposed by them. 19.2 Where the responding student has admitted an allegation, they may only appeal against the sanction. 19.3 Where the responding or reporting student submits an appeal against the finding of the University Disciplinary Panel the grounds on which such an appeal may be submitted are as follows: a) That the procedures were not followed properly. b) Th"", ""e responding student should be provided with their right to appeal the decision taken and details about the grounds and procedures for this appeal, including the name of the person to whom a student should address any such request. 3.12 If no breach of the Student Conduct Policy is found to have taken place, this decision should be provided to the responding student in writing within 10 working days of all evidence being reviewed, including why this decision has been reached. No record of misconduct will be kept on the student’s file. 3.13 Within 10 working days of all evidence being reviewed, the designated staff member will write to the reporting student to let them know, where possible, the outcome of the investigation into the alleged breach, including why this decision has been reache""]",0.646 | 0.643 | 0.643 | 0.628 | 0.622,5,0,1.0,43,True,5.778766999952495,
S1_basic_rag,nvidia/nvidia-nemotron-nano-9b-v2,V2Q074,Can a retrospective extenuating-circumstances claim about a previous resit ever affect how a later resit attempt is counted?,factual,easy,"Yes. In the circumstances described, a retrospective claim may be considered and the Committee may recommend that the original resit result be disregarded so that the later resit is counted in its place, for example as a second rather than third attempt.",University of Liverpool Extenuating Circumstances Policy,UOL_extenuating_circumstances_policy.pdf_p16_c6,"

Yes, a retrospective extenuating-circumstances claim about a previous resit can affect how a later resit attempt is counted. According to [2], if a retrospective claim is submitted after a resit period and accepted, the Extenuating Circumstances Committee may recommend that the original resit result be disregarded, and the new resit in the following academic session could be treated as a ""second attempt"" rather than a third. Similarly, [3] confirms that retrospective claims submitted after the Board of Examiners may lead to the original resit being disregarded, altering the count of subsequent resits. [4] and [5] do not address this specific scenario.
",UOL_extenuating_circumstances_policy.pdf_p16_c5 | UOL_extenuating_circumstances_policy.pdf_p16_c6 | UOL_extenuating_circumstances_policy.pdf_p16_c4 | UOL_extenuating_circumstances_policy.pdf_p15_c4 | UOL_extenuating_circumstances_policy.pdf_p13_c4,"[""claim before the results of your first attempt were confirmed and that there is sufficient evidence to suggest that your performance at the first attempt was affected by the claimed circumstances. In this situation, the Extenuating Circumstances Committee may recommend to the Board of Examiners that the resit attempt be regarded as a ‘first attempt.’ b) If, subsequent to a resit period, you consider that the resit attempt was affected by extenuating circumstances and that there are valid reasons why you could not have submitted an extenuating circumstances claim before the Board of Examiners met, any decision which the Board of Examiners has taken in relation to the requirement for you to repeat a failed module or component in the following academic session shall normally stand but you ma"", ""taken in relation to the requirement for you to repeat a failed module or component in the following academic session shall normally stand but you may submit a retrospective claim which shall be considered at the next normal meeting of the Extenuating Circumstances Committee. In this situation, the Extenuating Circumstances Committee may recommend to the Board of Examiners that the original resit result should be disregarded and the resit in the new academic session be regarded in its place (e.g. as your second attempt rather than third attempt). Other than such claims relating to the resit attempt, claims relating to a previous year of study will not normally be considered in subsequent years. c) If your studies have been terminated by the Board of Examiners because of a lack of progress"", ""e submitted after the Board of Examiners may be considered in the following ways: a) If, prior to a resit period, you consider that your first attempt at an assessment was affected by extenuating circumstances and that there are valid reasons why you could not have submitted an extenuating circumstances claim before the Board of Examiners met, you may submit a retrospective claim for consideration by the Extenuating Circumstances Committee meeting held after the resit period. In this situation, the Extenuating Circumstances Committee will only accept the claim if they consider that there were valid reasons why you could not have submitted the claim before the results of your first attempt were confirmed and that there is sufficient evidence to suggest that your performance at the first att"", ""i) You will be permitted one re-sit/re-take of each of the examinations/assessments judged by the Extenuating Circumstances Committee to have been affected by extenuating circumstances. This re-assessment will be treated as a ‘first attempt’ and will be uncapped. (ii) If this re-assessment itself is then affected by extenuating circumstances, then you may be permitted further re-assessment as an uncapped, first attempt. This will require you to submit a new claim for extenuating circumstances which must be as carefully documented as any prior claim and submitted using the same procedure. (iii) Following any re-assessment that is permitted by the Extenuating Circumstances Committee to be taken as a first attempt that is uncapped, the Board of Examiners will not take into account the origina"", ""it. The usual rules with regard to marks achieved in re-assessments will apply (unless the reassessments are being regarded as ‘first attempts’ on account of extenuating circumstances). When an assessment is re-sat/re-taken as a ‘first attempt’ all the options available in relation to first attempts will be available to the Extenuating Circumstances Committee and the Board of Examiners i.e. your examination/assessment will be treated as if you had never previously taken the exam or attempted the assessment. Where the failed credit is ‘carried’ into the next year of study and then re-assessed, the Board of Examiners will not take into account the original claim of extenuating circumstances when considering progression or final degree classification. 5.3 Undergraduate programmes, final year""]",0.720 | 0.684 | 0.637 | 0.587 | 0.558,5,0,1.0,101,True,8.20175309991464,
S1_basic_rag,nvidia/nvidia-nemotron-nano-9b-v2,V2Q075,What can support an extenuating-circumstances claim when no independent documentary evidence is available?,procedural,medium,"The Committee may expect evidence that the student told someone at the University at the time, such as an Academic Adviser, School teaching-support staff or a central support service. Such a person may provide a statement if they can confirm the circumstances pre-dated the assessment.",University of Liverpool Extenuating Circumstances Policy,UOL_extenuating_circumstances_policy.pdf_p7_c2,"

The answer is based on the following evidence:  

- [3] states that ""in some cases where it is accepted that independent documentary evidence is not available, less independent evidence may be acceptable."" This directly addresses the scenario where independent evidence is unavailable.  
- [4] provides specific examples of alternative evidence (e.g., funeral order of service, letter from a clergyman, or obituary) that can be submitted in place of independent documentary evidence for certain circumstances like bereavement.  

Thus, when no independent documentary evidence is available, less independent evidence (as outlined in [3]) or specific alternative evidence (as detailed in [4]) may be accepted, depending on the circumstances.
",UOL_extenuating_circumstances_policy.pdf_p6_c5 | UOL_extenuating_circumstances_policy.pdf_p6_c6 | UOL_extenuating_circumstances_policy.pdf_p6_c2 | UOL_extenuating_circumstances_policy.pdf_p5_c6 | UOL_extenuating_circumstances_policy.pdf_p7_c3,"[""ded, it is at the discretion of the Extenuating Circumstances Committee to decide whether it is more likely than not the claimed circumstances have occurred. If the original documentation is provided in a language other than English then you must provide an independent translation. If documentary evidence relating to illness is provided by someone other than a medical practitioner (as recognised by the GMC) the documentation must include details of that person’s qualifications or standing; the evidence will still need to be accepted by the Extenuating Circumstances Committee and it will be for the Board of Examiners to make a judgement as to value or weight they attached to the evidence in deciding a case of extenuating circumstances You need to be aware that some services (e.g. doctors) m"", ""value or weight they attached to the evidence in deciding a case of extenuating circumstances You need to be aware that some services (e.g. doctors) may make a charge for the provision of a letter, statement or other evidence and that this will not be reimbursed by the University. The Extenuating Circumstances Committee will expect to see independent documentary evidence which is contemporaneous with the events which you are claiming have affected your performance. The Committee may decline to accept statements from medical practitioners, counsellors or other similar people which show that you have only approached them after the"", ""han in exceptional circumstances (see section 9 below), it will not be possible for extenuating circumstances to be taken into account after the Board of Examiners meets to discuss the results. You may not normally appeal against the decision of the Board of Examiners if you have failed to report extenuating circumstances that may have affected the Board’s final decision. Your case must explain: • what the circumstances are • which assessments were affected • how it affected you in relation to your studies or an assessment • precisely when the circumstances occurred Evidence should be submitted wherever possible. Independent documentary evidence will be necessary in most cases, although evidence which is less independent may be acceptable in some cases where it is accepted that independent"", ""partment/school in advance if you are unable to attend an examination or submit an assessment which counts towards the final mark of a module.) It is your responsibility to check with your Department/School’s office when the meeting of the Board of Examiners will be held. If there is good reason why you cannot yet provide independent documentary evidence, you should still submit your claim form on time. Your academic adviser or School teaching support staff can advise you on what alternative evidence you could consider providing (e.g. for bereavement, a copy of a funeral order of service, a letter from a clergyman or undertaker involved in the funeral arrangements, or a newspaper or online obituary or funeral notice may be submitted rather than a death certificate). If you are waiting for"", ""are claiming have affected your performance predate your assessment; it is at their discretion whether or not to provide a statement. Please note that claims will only be considered if they are submitted on the correct form with supporting evidence. For online students the claim form is located on the Online Programme Virtual Learning Environment for completion online. Please be assured that all cases will be treated in the strictest confidence. 3.4 Examples of acceptable evidence The following examples are not exclusive, but are provided to indicate the types of evidence which an Extenuating Circumstance Committee will be expecting to see in support of claims relating to different types of circumstance. Physical illness The Extenuating Circumstances Committee will normally expect to see i""]",0.597 | 0.573 | 0.562 | 0.552 | 0.550,5,0,0.0,106,True,20.297950000036508,
S1_basic_rag,nvidia/nvidia-nemotron-nano-9b-v2,V2Q076,What support and representation options does a responding student have during a conduct investigation meeting?,reasoning,hard,"They can obtain support from trained Guild of Students advisers and may seek legal advice at their own expense, but a legal representative or adviser cannot accompany them at the investigation meeting. A legally qualified person may help compile their written statements.",Student Conduct Procedures — Appendix A,UOL_student_conduct1.pdf_p12_c1,"

A responding student has the following support and representation options during a conduct investigation meeting:  
1. They may be accompanied by a friend, colleague, or another member of the University during the meeting [2].  
2. They are entitled to seek legal advice at their own expense, though they cannot have a legal representative or adviser present at the meeting. Their statements can be compiled on their behalf by a legally qualified person [3].  
3. They can seek advice from the Guild of Students Advice Service, which provides trained advisers to support them [3, 4].  

These options are explicitly outlined in the evidence provided.
","UOL_student_conduct1.pdf_p12_c3 | UOL_Student,Complaints,Policy,and,Procedure.pdf_p15_c1 | UOL_student_conduct1.pdf_p12_c1 | UOL_student_conduct1.pdf_p12_c2 | UOL_student_conduct1.pdf_p11_c3","[""conduct investigation will be expected to engage fully with the procedure and this includes attending investigation meetings, agreeing meeting notes or statements and attending University Disciplinary Panels when required to do so. Consideration will be given to any reasonable adjustments required (see section 12). Should a reporting party fail to engage with the investigation, the Investigating Officer will attempt to contact them via email and telephone. After a number of failed contact attempts, the Investigating Officer may conclude that the reporting party is no longer supportive of the investigation and may close the investigation. The reporting and responding student will be informed of this in writing. The Investigating Officer will inform the Risk Assessment Panel and any restrict"", ""Student Conduct, Complaints and Compliance m) The investigator shall normally either offer the student the opportunity to attend an in person/online meeting or hold a conversation with the student by telephone/online. If the student is offered an opportunity to attend an in person/online meeting, they have the right to decline or to request instead a discussion by telephone or through other means of communication. The investigator may also meet with the person against whom a complaint has been made (in which case the person is expected to make themselves available). If such meetings are held, the student and the person against whom a complaint has been made shall both be entitled to be accompanied by a friend or colleague or other member of the University. n) Where the investigator believe"", ""Student Conduct, Complaints and Compliance University’s procedures. The Guild of Students’ Advice Service has trained advisers who can provide this support. 7.4 The Investigating Officer will write to any reporting student(s) to advise them they are the Investigating Officer and arrange for an investigation meeting to take place. 7.5 Prior to the responding student’s investigation meeting, they will be provided with sufficient information to allow them to respond to the allegation(s). 7.6 Students are not able to be accompanied by a legal representative / adviser at any investigation meeting; however, they are entitled to seek legal advice at their own expense and their statements can be compiled on their behalf by persons legally qualified. 7.7 The Investigating Officer may hold one or mo"", ""their own expense and their statements can be compiled on their behalf by persons legally qualified. 7.7 The Investigating Officer may hold one or more investigation meetings (in person or virtual) with the reporting party, the responding student and any witnesses. It is anticipated that the reporting student and witnesses will be spoken to before the responding student. A minimum of 3 working days’ notice will be given for the meeting. It is encouraged that both the reporting and responding student seek advice from the Guild of Students Advice Service guildadvice@liv.ac.uk. 7.8 Reporting parties and witnesses wishing to participate in a misconduct investigation will be expected to engage fully with the procedure and this includes attending investigation meetings, agreeing meeting notes o"", ""sponsibility of the Student Conduct Team, to ensure that Investigating Officers are given training and support appropriate to the cases they are being asked to investigate. 6.5 The Specialist Investigating Officers within the Student Conduct Team will normally be responsible for leading on serious student conduct investigations and will provide advice and guidance to other Investigating Officers as appropriate. 7 University Disciplinary – Investigation Procedure 7.1 Once appointed, the Investigating Officer will normally write to the responding student within 5 working days of being allocated the case to advise them of the allegation, including who has made the allegation against them, what the exact nature of the allegation is and how this is considered to have breached the expected stand""]",0.737 | 0.728 | 0.726 | 0.714 | 0.706,5,0,1.0,103,True,8.744885599939153,
S1_basic_rag,nvidia/nvidia-nemotron-nano-9b-v2,V2Q077,"If IAG thinks a visa-refusal appeal is likely to fail, the University must continue sponsoring the student until every possible appeal is exhausted. Is that correct?",adversarial_false_premise,hard,"No. IAG may advise interruption or withdrawal, after which the University can report the change to UKVI and withdraw sponsorship. The student may need to leave the UK and later obtain a new CAS and visa to resume study.",Policy on UKVI Compliance — Student Route,UOL_UKVI_complience.pdf_p13_c3,"

The statement is incorrect. According to evidence [4], if IAG assesses that an appeal or administrative review is likely to fail, the University reserves the right to administratively interrupt or withdraw the student from their programme of study to protect its Student sponsor licence. This means the University is not required to continue sponsoring the student in such cases. Instead, the student may be advised to voluntarily suspend or withdraw, leading to the need for a new CAS and visa application. [4]
",UOL_UKVI_complience.pdf_p13_c2 | UOL_UKVI_complience.pdf_p13_c1 | UOL_UKVI_complience.pdf_p12_c5 | UOL_student_guide_visa_holders.pdf_p8_c5 | UOL_student_conduct1.pdf_p25_c4,"[""or withdraw the student from their programme of study, in order to protect its Student sponsor licence. Student Life will report the student’s change of circumstances to UKVI via SMS and, in so doing, will withdraw its current sponsorship of the student. The student will be required to leave the UK and any subsequent intention to resume study or research will require the student to be issued with a new CAS in order to apply for a new Student Route visa to enter the UK. 14.4 Where an international student has not submitted an in-time appeal or an in-time request for an administrative review of the visa refusal or rejection decision, the student must present all relevant documentation requested by IAG in order for an assessment to be made as to the likely success of an appeal or administrat"", ""POLICY ON UKVI - STUDENT COMPLIANCE 14.3 Where an international student has submitted an in-time appeal or an in-time request for an administrative review of the visa refusal or rejection decision, and can provide satisfactory evidence of this which meets the scrutiny and approval of IAG, then the student will be permitted to remain registered on their current programme of study until such time that the outcome of their appeal or administrative review is known. Where evidence is not submitted, is deemed unacceptable or demonstrates that an application was made after the deadline, the University reserves the right to administratively interrupt or withdraw the student from their programme of study, in order to protect its Student sponsor licence. Student Life will report the student’s change"", ""must inform Student Life immediately and seek advice from IAG. 14.2 Students must provide the University with a copy of their visa refusal or rejection letter, and where applicable a copy of any appeal or administrative review they have submitted, when requested to do so. Policy on UKVI - Student Route Compliance Page 12 of 14"", ""s the likely success of an If your appeal or administrative review appeal or administrative review. is rejected and you do not voluntarily If IAG assess that an appeal or suspend or withdraw, the University administrative review might be reserves the right to administratively successful then they will help you apply suspend or withdraw you from your for this and you can carry on studying studies in order to protect its Student until you get a decision from UKVI. sponsor licence. This will be reported to UKVI and, as a result, you will need to leave If IAG assess that an appeal or the UK. In order to return to your studies administrative review is likely to fail, you will need a new CAS to apply for you will be advised to voluntarily a new Student visa. interrupt your studies."", ""will remain in force until the outcome of the appeal. This means that any registration or immigration implications for the student will still apply during the appeal process. 18.3 The written appeal, which should be submitted electronically, must include the following: • The student’s name and ID number. • The date of the hearing of the University Disciplinary Panel. • The date on which the student received the outcome letter. • A clear statement of the grounds on which the student is making the appeal (see section 19 below), and all supporting evidence must be APPENDIX A – STUDENT CONDUCT POLICY PROCEDURES""]",0.652 | 0.652 | 0.643 | 0.599 | 0.582,5,0,0.0,82,True,7.653658400056884,
S1_basic_rag,nvidia/nvidia-nemotron-nano-9b-v2,V2Q078,What kinds of behaviour should a student or staff member recognise as potential bullying that may need to be raised?,procedural,medium,"Examples include spreading rumours, persistent unjustified criticism, singling someone out unfairly, public humiliation, selectively applying rules to someone's detriment, setting unreasonable targets, ostracism and gaslighting.","University of Liverpool Diversity, Equality and Opportunity Policy",UOL_diversity-equality-opportunity-policy.pdf_p18_c3,"

The University defines potential bullying behavior as unwanted actions that are offensive, intimidating, malicious, insulting, or abusive, causing harm. This includes physical or verbal abuse, threatening behavior, abusive comments (in person, written, or electronic), spreading rumors, and persistent negative criticism [1]. Additionally, specific physical conduct such as inappropriate touching, blocking someone’s path, following, or staring may also constitute bullying [4]. These behaviors should be recognized and reported to address potential bullying under the University’s policy.
",UOL_diversity-equality-opportunity-policy.pdf_p18_c2 | UOL_diversity-equality-opportunity-policy.pdf_p5_c3 | UOL_diversity-equality-opportunity-policy.pdf_p18_c1 | UOL_diversity-equality-opportunity-policy.pdf_p21_c2 | UOL_diversity-equality-opportunity-policy.pdf_p23_c2,"[""al definition of the term ‘bullying’, for the purpose of the Bullying & Harassment Policy, taking account of the ACAS definition, the University considers the following behaviour may potentially amount to Bullying: Unwanted behaviour from a person or group that is either offensive, intimidating, malicious or insulting, or an abuse or misuse of power, that undermines, humiliates, or causes physical or emotional harm to someone. Potential examples of bullying behaviour include (yet are not limited to): • Physical or verbal abuse including threatening or intimidating behaviour, • Abusive comments made in person, in writing or via electronic means, • Spreading rumours, gossip and hearsay to undermine an individual, • Unjustified persistent negative comments or criticism, such as about a person"", ""l found to be responsible for perpetrating forms of discrimination and other forms of unacceptable behaviour, as outlined in the Bullying & Harassment Policy (see Appendix B for a glossary of useful terms). Individual members of staff and students have a responsibility to draw any incidences of harassment, bullying, direct or indirect discrimination or victimisation to the attention of their; line manager, Head of Department, HR Business Partner and or programme leader, to ensure appropriate action can be taken. Staff and students can also use the University’s Report and Support provision to relay incidents (named or anonymously) and seek further advice and guidance. 5"", ""APPENDIX B: GLOSSARY OF TERMS The information contained within this section is for information only and provides an introduction to these terms. Please contact the Diversity & Equality Team for clarification on any particular term or practical implications: equality@liverpool.ac.uk • Bullying • Direct Discrimination • Discrimination arising from a Disability • Harassment • Indirect Discrimination • Institutional Discrimination • Instructing, causing or inducing discrimination • Objective Justification • Occupational Requirement • Positive Action • Protected Characteristic • Reasonable Adjustment • Victimisation Bullying Whilst there is no legal definition of the term ‘bullying’, for the purpose of the Bullying & Harassment Policy, taking account of the ACAS definition, the University consi"", ""to someone’s property, • The circulation of offensive or sensitive photographs or information, • Hacking, disrupting or impersonating a person’s online and social media platforms, • Hand or facial gestures including threatening and sexually suggestive gestures, • Whistling in a suggestive or otherwise inappropriate manner. Physical Conduct • Touching someone intentionally and inappropriately without their consent, • Brushing up against another person intentionally and inappropriately without their consent, • Standing so close to someone that they feel uncomfortable, • Blocking a person’s way, following someone, or staring. The above list is not intended to be exhaustive, and harassment can take other forms. The University recognises that specific categories of harassment can be identified"", ""o be harassment, etc. For the avoidance of doubt, behaviour which does not relate to a protected characteristic and is not of a sexual nature but still ‘has the purpose or effect of violating a person’s dignity, or creating an intimidating, hostile, degrading, humiliating or offensive environment’ will not amount to harassment under the Equality Act definition, but is nevertheless likely to amount to bullying as set out above, and therefore unacceptable behaviour under the University’s Bullying & Harassment Policy. Indirect discrimination Indirect discrimination occurs when a provision, criterion or practice is neutral on the face of it, but its impact particularly disadvantages people with a protected characteristic. For Indirect Discrimination to take place, four requirements must be met""]",0.733 | 0.657 | 0.580 | 0.573 | 0.557,5,0,0.0,75,True,10.865446600015275,
S1_basic_rag,nvidia/nvidia-nemotron-nano-9b-v2,V2Q079,How can non-consensual sexual touching be categorised under the indicative conduct sanctions?,factual,easy,Inappropriate touching that may reasonably be perceived as sexual and occurs without consent is listed as a Category 2 or Category 3 breach.,Student Conduct Breaches and Indicative Sanctions — Appendix B,UOL_student_conduct2.pdf_p7_c2,"

Non-consensual sexual touching is categorised under **Category 2 or 3** in the indicative conduct sanctions. This is explicitly stated in [1] (Student Conduct Breaches and Indicative Sanctions — Appendix B, page 7), which defines ""Touching inappropriately, in what may reasonably be Category 2 or 3 perceived to be a sexual manner, without consent"" as a breach. Similarly, [2] (Student Conduct Breaches and Indicative Sanctions — Appendix B, page 7) reiterates this under point d, specifying that such touching without consent falls into Category 2 or 3. 

The categorization depends on the perceived severity of the act (Category 2 or 3), which may vary based on context, such as the nature of the touch or the relationship between parties. There is no mention of a specific sub-category for non-consensual touching beyond this general classification.
",UOL_student_conduct2.pdf_p7_c2 | UOL_student_conduct2.pdf_p7_c1 | UOL_student_conduct2.pdf_p8_c4 | UOL_student_conduct2.pdf_p8_c1 | UOL_student_conduct2.pdf_p7_c3,"[""act of lightly kissing another on the back of a hand) d Touching inappropriately, in what may reasonably be Category 2 or 3 perceived to be a sexual manner, without consent (e.g., touching a person’s clothes, hair or body; standing too close to a person; rubbing or brushing up against them) E Any physical misconduct that is rooted in a sexist view of Category 2 or 3 women, men or any gender may be considered additionally as sexual misconduct F Any physical or sexual misconduct where there is or was Category 3 an intimate relationship between the perpetrator and victim may be considered as an incident of domestic violence and subject to an increased penalty Sexual Misconduct Non-contact Breaches G Sharing or creating private sexual materials in physical Category 2 or 3 spaces (i.e., those m"", ""Student Conduct, Complaints and Compliance sanction* A Sexual intercourse or engaging in sexual acts without Category 3 consent** (sexual acts are defined as including, but not limited to, cunnilingus, fellatio, and masturbation) B Attempting to engage in sexual intercourse or a sexual act Category 3 without consent (includes attempting to engage in any of the acts described in 7.2A above). C Kissing without consent (covers a range of potential Category 2 or 3 breaches which vary in severity and may therefore vary in sanction – for example, the act of forcefully kissing another on the lips is likely to be subject to a higher penalty than the act of lightly kissing another on the back of a hand) d Touching inappropriately, in what may reasonably be Category 2 or 3 perceived to be a sexual m"", ""e element. Examples of such sanctions are detailed under Category 2 breaches, 1.6 above. **The University uses the following definition of consent. Consent is agreement by choice where the individual has both the freedom and capacity to make that choice. Consent cannot be assumed on the basis of a previous sexual experience or consent previously obtained or from the absence of complaint. Each new sexual act requires confirmation of consent. Consent can be withdrawn at any time, including before or during the sexual act. 7.3 Abusive Behaviour Breaches Indicative sanction A Use of inappropriate language Category 1 or 2 B Use of inappropriate verbal or non-verbal behaviour (e.g., Category 1 or 2 shouting, gesturing) in a way that intimidates others"", ""Student Conduct, Complaints and Compliance N Any abusive behaviour misconduct where there is or was Category 2 or 3 an intimate relationship between the perpetrator and victim may be considered as an incident of domestic abuse and subject to an increased sanction O Active complicity in any of the above contact or non-contact Category 1 or 2 acts. Active complicity implies active promotion of the act and does not cover inaction or failing to prevent it) Sexual Misconduct Online or Digital Breaches P Sharing or creating private sexual materials (i.e., those Category 2 or 3 made of an individual with the understanding that such material would not be shared) online or in digital spaces Q Sharing or creating public sexual materials (i.e., those Category 2 pornographic materials that are widely"", ""reased penalty Sexual Misconduct Non-contact Breaches G Sharing or creating private sexual materials in physical Category 2 or 3 spaces (i.e., those made of an individual with the understanding that such material would not be shared) such as videos and photographs H Sharing or creating public sexual materials in physical Category 2 spaces (i.e., those pornographic materials that are widely available via media outlets) with the intention to sexually harass and/or incite gender-based violence I Inappropriately showing sexual organs to another person, Category 2 or 3 or inappropriately allowing sexual organs to be seen, in a physical space J Repeated unwanted and unsolicited contact of a sexual Category 1 or 2 nature with another person in person or by telephone K Making unwanted remarks that""]",0.683 | 0.656 | 0.606 | 0.596 | 0.593,5,0,1.0,133,True,9.375986799946986,
S1_basic_rag,nvidia/nvidia-nemotron-nano-9b-v2,V2Q080,How long does protection against maternity discrimination apply in the non-work context after giving birth?,paraphrased,medium,The policy states that the non-work protection applies for 26 weeks after giving birth and includes unfavourable treatment because a woman or breastfeeding parent is breastfeeding.,"University of Liverpool Diversity, Equality and Opportunity Policy",UOL_diversity-equality-opportunity-policy.pdf_p14_c3,"

The protection against maternity discrimination in the non-work context applies for **26 weeks after giving birth**. This is explicitly stated in [1], which specifies that in non-work contexts, such protection lasts 26 weeks post-birth, including safeguards against unfavorable treatment related to breastfeeding.
",UOL_diversity-equality-opportunity-policy.pdf_p14_c3 | UOL_diversity-equality-opportunity-policy.pdf_p14_c2 | UOL_diversity-equality-opportunity-policy.pdf_p20_c1 | UOL_diversity-equality-opportunity-policy.pdf_p29_c3 | UOL_diversity-equality-opportunity-policy.pdf_p24_c1,"[""expecting a baby. Maternity refers to the period after the birth and is linked to maternity leave in the employment context. In the non-work context, protection against maternity discrimination is for 26 weeks after giving birth, and this includes treating a woman or breastfeeding parent unfavourably because they are breastfeeding. The definition and criteria outlined above relates to; access of provision of goods, services and public functions, as well as the disposal of premises, education and associations. Within a work context employees are protected from unlawful discrimination if they: • are pregnant, • have an illness which is a result of the pregnancy, • are on compulsory maternity leave • are planning to take ordinary or additional maternity leave • are taking ordinary or addition"", ""work due to sickness or injury related to gender reassignment • Absence from work for another reason due to gender reassignment • Discriminate against a person for the purpose of employment and development (e.g. recruitment, promotion, access to services or developmental training, etc.) because that person intends to undergo gender reassignment, is undergoing gender reassignment or has undergone gender reassignment. Marriage & Civil Partnership A person who is legally married or in a civil partnership has the protected characteristic of ‘marriage and civil partnership’. Pregnancy and Maternity Pregnancy is the condition of being pregnant or expecting a baby. Maternity refers to the period after the birth and is linked to maternity leave in the employment context. In the non-work context,"", ""Discrimination by perception or association does not apply to ‘Marriage & Civil Partnership’ or ‘Pregnancy & Maternity’, these would likely be covered by the protected characteristic of ‘sex’. The Equality Act allows for Direct Discrimination in certain circumstances. These are: • More favourable treatment of disabled people – it is not discrimination to treat a disabled person more favourably than a non-disabled person, in the case of reasonable adjustments (e.g. Reasonable adjustments are changes that an organisation can put in place for someone, to ensure they are not disadvantaged. For example, installation of push-button door-opening mechanisms for someone with a mobility related condition, to allow access to the workplace) • Age – If the University can show that there is a ‘proportio"", ""998 • Maternity and Parental Leave etc. Regulations 1999 • Part Time Workers (Prevention of Less Favourable Treatment) Regulations 2000 • Employment Act 2002 including Fixed Term Workers (Prevention of Less Favourable Treatment) Regulations • Civil Partnership Act 2004 • Gender Recognition Act 2004 • The Racial and Religious Hatred Act 2005 • The Higher Education (Freedom of Speech) Act 2023 29"", ""Generalisation will not be sufficient to provide justification. Deciding if the provision is a proportionate means of achieving a legitimate aim follows two stages: 1. Is the aim of the provision criterion and practice legal and non-discriminatory, and one that represents a real, objective consideration? 2. If the aim is legitimate, is the means of achieving it proportionate (e.g. appropriate and necessary) in all the circumstances? Indirect discrimination does not apply to the protected characteristic of ‘pregnancy or maternity’, this would commonly be protected under the characteristic of ‘sex’. Institutional discrimination Institutional discrimination is defined as the collective failure of an organisation to provide a professional and appropriate service to people because of who they a""]",0.825 | 0.617 | 0.474 | 0.451 | 0.438,5,0,1.0,42,True,9.103519700001925,
S1_basic_rag,nvidia/nvidia-nemotron-nano-9b-v2,V2Q081,What kind of environment does the University say it is committed to providing under its equality policy?,factual,easy,"A positive, professional environment based on mutual respect for the experiences, abilities and skills of all individuals, with appropriate action taken against discrimination and other unacceptable behaviour.","University of Liverpool Diversity, Equality and Opportunity Policy",UOL_diversity-equality-opportunity-policy.pdf_p5_c2,"

The University states it is committed to creating an inclusive environment for staff, students, and visitors by making its campus, facilities, and services accessible [2].
",UOL_diversity-equality-opportunity-policy.pdf_p4_c1 | UOL_diversity-equality-opportunity-policy.pdf_p11_c1 | UOL_diversity-equality-opportunity-policy.pdf_p7_c1 | UOL_diversity-equality-opportunity-policy.pdf_p9_c4 | UOL_diversity-equality-opportunity-policy.pdf_p4_c3,"[""Diversity & Equality of Opportunity Policy EXECUTIVE SUMMARY PROMOTING EQUALITY, DELIVERING INCLUSION, ELIMINATING DISCRIMINATION What does ‘Equality of Opportunity’ mean? Equality of opportunity is about treating everyone as an individual with consideration for their needs and abilities, so that everyone has an equal opportunity to reach their full potential. This can be applied to; recruitment, pay, access to services and education, and promotion. The University’s commitment The University works to ensure that staff and students are not disadvantaged on the grounds of any of the nine protected characteristics defined in the Equality Act 2010. These being; Age, Disability, Gender Reassignment, Marriage & Civil Partnership, Pregnancy & Maternity, Race, Religion or Belief (including Non-Bel"", ""6.4 Visitors The University will continue to work towards making its campus, facilities and services accessible, creating an inclusive environment for the benefit of our staff, students and visitors. 7.0 Other Relevant University Documents This policy is underpinned by a number of institutional strategies and policies within which diversity and equality are embedded. A list of such documents is available in Appendix D. 8.0 Review of the Policy This policy will be reviewed by the Diversity and Equality Team periodically and appropriate amendment proposals shared with the University’s Human Resources Senior Management Team (HRSMT) and Equality, Diversity and Inclusion Committee, as necessary. 9.0 Communication and Training The policy will be communicated through Heads of Department, the Guil"", ""The Equality Act Public Sector Specific Duties2 require the University to: • Set equality objectives to eliminate unlawful discrimination and promote equality (publishing these at lease every four years). • To collect relevant equality data on staff and service users/key stakeholders (students) and publish this data annually. Information should be provided in an accessible format. The University recognises that the scope of the Equality Act 2010 includes: • Employment • Provision of Goods and Services • Provision of Education Further details of the legislation are given in Appendix C. 3.0 Freedom of Speech The University recognises and is fully committed to meeting its responsibilities to secure and promote academic freedom and free speech within the law. This policy should therefore be re"", ""in promoting a diverse University community, and to take Positive Action as necessary, to ensure that we are meeting our objectives in this area, as outlined within the University Equality Objectives Action Plan. 9"", ""ut in the Public Sector Equality Duty. The duty requires the University to have due regard to the need to: • eliminate discrimination, harassment, victimisation and any other conduct that is prohibited by or under the Equality Act 2010; • advance equality of opportunity between persons who share a relevant protected characteristic and persons who do not share it; • foster good relations between persons who share a relevant protected characteristic and persons who do not share it, with a specific requirement to tackle prejudice, and promote understanding. This policy relates to all of its functions with specific reference to; employment, the provision of education, and the provision of goods and services. 4""]",0.702 | 0.686 | 0.666 | 0.645 | 0.640,5,0,0.0,25,True,11.262492600013502,
S1_basic_rag,nvidia/nvidia-nemotron-nano-9b-v2,V2Q082,What are the three stages of the Student Complaints Procedure described in the Postgraduate Handbook?,paraphrased,medium,"The stages are Early Resolution, Formal Complaint and Review.",University of Liverpool Postgraduate Handbook,UOL_postgraduate_handbook.pdf_p38_c5,"

The evidence from the Postgraduate Handbook [3] mentions that there are three stages in the complaints procedure but does not explicitly name them. The provided text is incomplete or cut off, and no specific stages (e.g., Early Resolution, Formal Complaint, Review) are listed in the evidence. Therefore, the answer cannot be determined from the given evidence. 

ANSWER: The evidence does not explicitly state the three stages of the Student Complaints Procedure in the Postgraduate Handbook.
","UOL_Student,Complaints,Policy,and,Procedure.pdf_p16_c3 | UOL_undergraduate_handbook.pdf_p42_c4 | UOL_postgraduate_handbook.pdf_p38_c4 | UOL_Student,Complaints,Policy,and,Procedure.pdf_p6_c1 | UOL_Student,Complaints,Policy,and,Procedure.pdf_p19_c1","[""ew; • the nature of the complaint; • all correspondence received by or provided by the student under either the Early Resolution and/or Formal Stage of this Procedure, including the University’s written response to the complaint; • a statement as to why the student remains dissatisfied; • and, without prejudice to any formal remedy which might be determined, the remedy they are seeking. The student should provide with the complaint all relevant documentation or other evidence which they wish to be taken into consideration. A student whose complaint has previously been considered under the Formal Stage is not expected to raise at the Review Stage any additional issues not previously raised, except where the issues relate to the procedural conduct of the Formal complaint consideration. 15"", ""tails under which a review can be Quality and Standards Division - investigation is warranted. manager for the service shall investigate requested, please see Student complaints University of Liverpool. the complaint or appoint a member of There are three stages contained within the - Student Administration - University of their staff to investigate the complaint Complaints Student Complaints Policy and Procedure on their behalf (‘the investigator’) and Liverpool (Early Resolution, Formal Complaint and The Student Charter, published at the shall submit a written response to the The Student Complaints Policy and Review) to allow escalation should a student front of this handbook, sets out the student normally within 25 working days Procedure does not cover the following consider that such a"", ""tails under which a review can be Quality and Standards Division - investigation is warranted. manager for the service shall investigate requested, please see Student complaints University of Liverpool. the complaint or appoint a member of There are three stages contained within the - Student Administration - University of their staff to investigate the complaint Complaints Student Complaints Policy and Procedure on their behalf (‘the investigator’) and Liverpool (Early Resolution, Formal Complaint and The Student Charter, published at the shall submit a written response to the The Student Complaints Policy and Review) to allow escalation should a student front of this handbook, sets out the student normally within 25 working days Procedure does not cover the following consider that such a"", ""Student Conduct, Complaints and Compliance 2. Key Principles in Dealing with Student Complaints The key principles underpinning this Policy and Procedure, which are based on principles of natural justice, are that: a) The University will act fairly and reasonably in all circumstances; b) The University will follow its own procedures in all circumstances; c) Decisions will be taken on the balance of probabilities; d) Complainants will not suffer any disadvantage or recrimination as the result of making a complaint in good faith. 3. Authority for Action a) The Senate will oversee the right of students to raise a complaint. Any changes to this Policy and Procedure shall be approved by the Senate and the Council following consultation with relevant members of the University and the Liverpool G"", ""Student Conduct, Complaints and Compliance 11. Periods of Major Disruption In the case of any major disruption affecting large numbers of students, an amended complaints procedure may be brought into use. 12. Feedback It is important the University gains feedback on how students feel their complaint has been handled and what their overall experience has been. This is to ensure we can identify areas for improvement and also recognise best practice. In outcome letters at the Formal and Review Stage, students will be provided with a link to complete a feedback form should they wish to. We would encourage anyone who has been through the complaints process to submit their feedback. 18""]",0.728 | 0.726 | 0.726 | 0.704 | 0.682,5,0,0.0,75,True,10.660772199975327,
S1_basic_rag,nvidia/nvidia-nemotron-nano-9b-v2,V2Q083,Do the Undergraduate and Postgraduate Handbooks give materially different advice on securing personal belongings and reporting theft?,multi_document_comparison,hard,"No. Both advise students to lock doors and windows, secure bicycles, avoid leaving valuables unattended, and report crime promptly to the Police and University Campus Support Services. Both also warn students to take responsibility for protecting their possessions.",University of Liverpool Undergraduate Handbook | University of Liverpool Postgraduate Handbook,UOL_undergraduate_handbook.pdf_p13_c5 | UOL_postgraduate_handbook.pdf_p13_c6,"

The Undergraduate and Postgraduate Handbooks do not give materially different advice on securing personal belongings and reporting theft. Both [1] (Undergraduate Handbook) and [2] (Postgraduate Handbook) provide identical guidance, including:  
- Avoiding visible valuables in cars and registering them with immobilise [1][2].  
- Using a lockable phrase and not sharing details [1][2].  
- Reporting theft to the Police and Campus Support Services [1][2].  

The advice is consistent across both handbooks, so there is no material difference.
",UOL_undergraduate_handbook.pdf_p13_c3 | UOL_postgraduate_handbook.pdf_p13_c3 | UOL_student_conduct2.pdf_p2_c3 | UOL_undergraduate_handbook.pdf_p13_c5 | UOL_postgraduate_handbook.pdf_p13_c5,"[""Don’t leave valuables on view in your car starts with taking five and remembering a Register your valuables on immobilise. Everyone in University Accommodation You may wish to consider buying a lock simple memorable phrase: ‘My money? My com, where you can record all of the serial should be aware of the need for attention to fit on the steering wheel, or having an info? I don’t think so’. If you’re at all unsure, numbers of your goods. If they are stolen to security. Don’t let anyone into a block alarm fitted, which might deter a thief don’t give out your details, click on a link or the Police will work with second hand stores unless you know they are residents, or If possible, leave the car in an open area, give anyone your money, or access to it. to try and retrieve your belongings by b"", ""Don’t leave valuables on view in your car starts with taking five and remembering a Register your valuables on immobilise. Everyone in University Accommodation You may wish to consider buying a lock simple memorable phrase: ‘My money? My com, where you can record all of the serial should be aware of the need for attention to fit on the steering wheel, or having an info? I don’t think so’. If you’re at all unsure, numbers of your goods. If they are stolen to security. Don’t let anyone into a block alarm fitted, which might deter a thief don’t give out your details, click on a link or the Police will work with second hand stores unless you know they are residents, or If possible, leave the car in an open area, give anyone your money, or access to it. to try and retrieve your belongings by b"", ""procedures (Appendix A - Student Conduct Procedures, Section 3) and may warrant the imposition of one or more of the following sanctions: • A formal written warning or a final written warning (for a repeated offence). • A fine, not exceeding £200 (which will normally be a suspended fine for a first breach) • A requirement, in the event of non-accidental or wilful damage to or loss of property, that such damage or loss be made good, either in whole or in part, limited to a total value of £1500 • Withdrawal of access to specific University services or facilities or specific University premises (particularly any services, facilities or premises abused by the responding student) for a period not exceeding one month • Requirement to remove material published either in hard copy or electronicall"", ""out unwanted guests bike pods. For access to a bike pod, you will Do not leave them propped open. Any theft or incident should be reported Close and lock your doors and windows need to register your student card on the immediately to the Police, and to the when you leave your room even to go to Personal property Ground floor of Bedford House (Building no. University’s Campus Support Services 505: Ref D4 liverpool.ac.uk/maps) the bathroom or kitchen Security Office at Bedford House, Oxford If you leave bags, coats or valuables (such Ensure that you lock doors and windows as laptops, tablets, phones) unattended Lock your bike securely within the bike Street (Building no. 505: Ref D4 liverpool. whenever you go out, even if it is only for you make it very easy for thieves. You do pod, preferab"", ""out unwanted guests bike pods. For access to a bike pod, you will Do not leave them propped open. Any theft or incident should be reported Close and lock your doors and windows need to register your student card on the immediately to the Police, and to the when you leave your room even to go to Personal property Ground floor of Bedford House (Building no. University’s Campus Support Services 505: Ref D4 liverpool.ac.uk/maps) the bathroom or kitchen Security Office at Bedford House, Oxford If you leave bags, coats or valuables (such Ensure that you lock doors and windows as laptops, tablets, phones) unattended Lock your bike securely within the bike Street (Building no. 505: Ref D4 liverpool. whenever you go out, even if it is only for you make it very easy for thieves. You do pod, preferab""]",0.535 | 0.535 | 0.491 | 0.457 | 0.457,5,0,0.5,76,True,7.972975900047459,
S1_basic_rag,nvidia/nvidia-nemotron-nano-9b-v2,V2Q084,How do the Undergraduate and Postgraduate Handbooks advise a student who has been a victim of crime and also needs ongoing support?,multi_document_comparison,hard,Both direct the student to report the crime to the Police and identify the University's Wellbeing Team as a source of ongoing support. They also indicate that incidents can be reported to the University through its reporting route.,University of Liverpool Undergraduate Handbook | University of Liverpool Postgraduate Handbook,UOL_undergraduate_handbook.pdf_p14_c8 | UOL_postgraduate_handbook.pdf_p14_c8,,UOL_postgraduate_handbook.pdf_p36_c9 | UOL_student_conduct1.pdf_p9_c2 | UOL_student_conduct1.pdf_p12_c1 | UOL_student_conduct1.pdf_p3_c4 | UOL_student_conduct2.pdf_p4_c2,"[""as specified period, or it may expel a student Designated staff have the authority to will decide whether there is sufficient outlined above by completing a Criminal from the University. In the event of loss or act under the Student Conduct Policy in evidence to refer the matter to University Offences Declaration Form and sending damage to property, the Panel may also relation to Informal Resolution and Local Disciplinary Action (full hearing or Chair’s this to the Student Conduct Team via email require that such loss or damage be made Disciplinary Action. These are Heads of Action) or to Local Disciplinary Action. In good, either in whole or in part. Appendix B (E: studentconduct@liverpool.ac.uk). You Department, Deans of Academic Schools such cases responding students will be are respon"", ""views of the reporting student (if applicable) about precautionary measures which would help them to feel safe on campus prior to a Risk Assessment Panel and will present these views to the panel. 5.3 The Director of Student Life or nominee will decide whether to contact the responding student(s) for additional information prior to the Risk Assessment Panel e.g. for details of any investigation which has the potential to lead to a criminal charge, or up to date details of a criminal caution, charge, or conviction. 5.4 If the circumstances being assessed have any police involvement, a member of the Student Conduct Team will liaise with the on-campus Police Officer and/or Local Police authorities to gain further insight into what has occurred 5.5 The Risk Assessment Panel will consider if t"", ""Student Conduct, Complaints and Compliance University’s procedures. The Guild of Students’ Advice Service has trained advisers who can provide this support. 7.4 The Investigating Officer will write to any reporting student(s) to advise them they are the Investigating Officer and arrange for an investigation meeting to take place. 7.5 Prior to the responding student’s investigation meeting, they will be provided with sufficient information to allow them to respond to the allegation(s). 7.6 Students are not able to be accompanied by a legal representative / adviser at any investigation meeting; however, they are entitled to seek legal advice at their own expense and their statements can be compiled on their behalf by persons legally qualified. 7.7 The Investigating Officer may hold one or mo"", ""be followed. Informal Resolution or Local Disciplinary Action should be instigated for less serious breaches. 1.6 If no formal disciplinary action is being taken, with the consent of the reporting party, the University may advise a student that concerns have been raised regarding their conduct in the hope that such conduct (if it had occurred) will not be repeated. 1.7 This procedure does not seek to reproduce elements of criminal law and is not a formal legal process. Students should be aware that the University does not have the legal investigatory powers of Police and cannot make any determination on criminal guilt. Any internal investigation is focused on whether a breach of the Student Conduct Policy has occurred. This internal process cannot be regarded APPENDIX A – STUDENT CONDUCT P"", ""lly recommend that the student seek support, advice or guidance from internal services or external agencies. Failure to seek such support will not result in disciplinary action, although failure to seek recommended support may not be used as a mitigating circumstance factor in any future disciplinary case. 1.10. It is recommended that multiple Category 3 breaches, or a repeated Category 3 breach after a Category 3 sanction has already been imposed, will result in more severe sanctions being imposed. 2. Additional Considerations – Aggravating Factors There may be certain circumstances in which a breach of the Policy is subject to a more severe sanction due to the presence of aggravating factors. An aggravating factor makes a breach more serious or the responding student more culpable. These""]",0.556 | 0.523 | 0.521 | 0.512 | 0.508,5,0,0.0,1,False,18.323963699978776,
S1_basic_rag,nvidia/nvidia-nemotron-nano-9b-v2,V2Q085,How do the Undergraduate and Postgraduate Handbooks differ in the award requirements described in these sections?,multi_document_comparison,hard,"The undergraduate guidance focuses on degree classification through weighted marks and classification rules, while the postgraduate guidance focuses on the credit volume and academic level required for postgraduate awards, including limited use of level 6 credit in some structures.",University of Liverpool Undergraduate Handbook | University of Liverpool Postgraduate Handbook,UOL_undergraduate_handbook.pdf_p29_c9 | UOL_postgraduate_handbook.pdf_p23_c2,"

The Undergraduate Handbook [3] states that passing modules leads to consideration for a classified honours degree, focusing on module performance. The Postgraduate Handbook [2] specifies structured time frames (minimum 8 weeks, maximum 2 years) for completing awards and rules about credit accumulation (e.g., avoiding double-counting credits). These differences highlight that undergraduate awards emphasize module completion for honours classification, while postgraduate awards have defined duration and credit management requirements [2, 3].
",UOL_postgraduate_handbook.pdf_p1_c1 | UOL_postgraduate_handbook.pdf_p24_c10 | UOL_undergraduate_handbook.pdf_p30_c11 | UOL_postgraduate_handbook.pdf_p21_c10 | UOL_undergraduate_handbook.pdf_p1_c1,"[""YOUR UNIVERSITY HANDBOOK FOR POSTGRADUATE STUDENTS"", ""s of each entry award will over a period of no more than one year module on a standalone basis outwith award; this is necessary in order to avoid be clearly articulated in the programme Postgraduate Award. Minimum of eight an award; or credit being counted twice for two different specification. weeks and a maximum of two years. A In the case of research or independent awards. programme of 30 credits would normally study modules which contribute to an be studied full-time over eight weeks and award, or part-time over a period of no more than Where a non-modular non-semesterised six months. programme has a duration in excess of one year. Your University – Handbook for Postgraduate Students44 / /45"", ""e. modules have been passed, you will be considered for the award of a classified honours degree. Your University – Handbook for Undergraduate Students56 / /57"", ""ur University – Handbook for Postgraduate Students38 / /39"", ""YOUR UNIVERSITY HANDBOOK FOR UNDERGRADUATE STUDENTS""]",0.629 | 0.563 | 0.546 | 0.545 | 0.544,5,0,0.0,70,True,12.372597299981862,
S1_basic_rag,nvidia/nvidia-nemotron-nano-9b-v2,V2Q086,How do the Undergraduate and Postgraduate Handbooks distinguish the complaints route from an assessment appeal?,multi_document_comparison,hard,"Both treat complaints and assessment appeals as separate processes. Complaints can move through Early Resolution, Formal Complaint and Review, while eligible challenges to Board of Examiners or assessment decisions use the assessment-appeal route and must meet its specified grounds.",University of Liverpool Undergraduate Handbook | University of Liverpool Postgraduate Handbook,UOL_undergraduate_handbook.pdf_p42_c1 | UOL_postgraduate_handbook.pdf_p38_c5,"

The Undergraduate and Postgraduate Handbooks distinguish the complaints route from an assessment appeal by specifying that complaints are addressed through the **Student Charter’s Early Resolution process** (evidence [3] and [4]), while assessment appeals are defined as formal challenges to academic decisions (e.g., assessments or awards) under specific grounds (evidence [2] and [5]). 

- **Complaints route**: Governed by the Student Charter’s Early Resolution procedure, which requires students to submit complaints in writing within 25 working days and seek informal resolution first (evidence [3], [4]).  
- **Assessment appeal**: A separate process for challenging academic decisions, such as grades or awards, which may lead to a formal review by the University (evidence [2], [5]).  

The handbooks explicitly state that the complaints procedure does not cover matters with separate procedures (e.g., assessment appeals) (evidence [3], [4]).
",UOL_postgraduate_handbook.pdf_p37_c9 | UOL_postgraduate_handbook.pdf_p37_c10 | UOL_undergraduate_handbook.pdf_p42_c5 | UOL_postgraduate_handbook.pdf_p38_c5 | UOL_undergraduate_handbook.pdf_p41_c10,"[""this responsibility, the Policy or Student Complaints Policy); student’s suitability for professional Further information including appeals University operates a Fitness to Practise That constitute a matter which could practice on grounds of health, the Executive forms can be found at: Assessment Procedure. have been resolved under the Student Pro-Vice- Chancellor may require the appeals Assessment appeals- Student Complaints Policy and Procedure at The Fitness to Practise Policy and student to be assessed by the University’s Administration - University of Liverpool. the appropriate time. Procedures apply to students on Occupational Health Physician. At the end An assessment appeal is a challenge programmes in the Faculty of Health of the formal investigation, the Investigating Where a st"", ""hysician. At the end An assessment appeal is a challenge programmes in the Faculty of Health of the formal investigation, the Investigating Where a student submits an appeal, they to, or a request for reconsideration (on and Life Sciences with professional/ Officer may conclude: will not be permitted to attend graduation specified grounds) of a decision made by statutory body regulation that necessitates (i) That there is no case to be taken the University on student assessments and or graduate until either the appeal is Fitness to Practise processes or on a forward, in which case the student will be awards. concluded or withdrawn. informed that no further action will be taken Your University – Handbook for Postgraduate Students70 / /71"", ""uld a student front of this handbook, sets out the student normally within 25 working days Procedure does not cover the following consider that such an issue or concern has general entitlements and responsibilities of the receipt of the complaint within the matters for which separate procedures exist: not or cannot be resolved informally. of students. If you believe you have a School/Institute/service. If it should prove Assessment appeals Assessment legitimate complaint, you should refer in the first instance to the Student Charter to Early Resolution impossibleworking days,to respondthe studentfullyshallwithinbe25informed appealsUniversity- Studentof LiverpoolAdministrationand - The majority of complaints can be clarify what is reasonable for you to expect in writing of the revised times"", ""uld a student front of this handbook, sets out the student normally within 25 working days Procedure does not cover the following consider that such an issue or concern has general entitlements and responsibilities of the receipt of the complaint within the matters for which separate procedures exist: not or cannot be resolved informally. of students. If you believe you have a School/Institute/service. If it should prove Assessment appeals Assessment legitimate complaint, you should refer in the first instance to the Student Charter to Early Resolution impossibleworking days,to respondthe studentfullyshallwithinbe25informed appealsUniversity- Studentof LiverpoolAdministrationand - The majority of complaints can be clarify what is reasonable for you to expect in writing of the revised times"", ""e governed by these processes. forward, in which case the student will be Administration - University of Liverpool. Where a student submits an appeal, they informed that no further action will be taken An assessment appeal is a challenge will not be permitted to attend graduation to, or a request for reconsideration (on or graduate until either the appeal is specified grounds) of a decision made concluded or withdrawn. by the University on student assessments and awards. Your University – Handbook for Undergraduate Students78 / /79""]",0.665 | 0.643 | 0.630 | 0.630 | 0.605,5,0,0.5,132,True,13.267025899956934,
S1_basic_rag,nvidia/nvidia-nemotron-nano-9b-v2,V2Q087,How does the Student Attendance Policy connect ordinary attendance responsibilities with Student Route compliance?,multi_document_comparison,hard,The Attendance Policy says students remain responsible for missed academic content and for meeting any visa or sponsorship attendance requirements. The UKVI compliance policy identifies the Student Attendance Policy as part of the University's connected compliance framework and requires the University to maintain immigration-related records.,"Student Attendance Policy — Revised July 2025, Version 1.3 | Policy on UKVI Compliance — Student Route","UOL_StudentAttendancePolicy-REVISEDJUL2025,v1.3.pdf_p6_c2 | UOL_UKVI_complience.pdf_p3_c3","

The evidence does not explicitly connect ordinary attendance responsibilities with ""Student Route compliance."" While the policy emphasizes attendance as a key factor in retention, progression, and success (e.g., [1], [4]), and outlines student responsibilities for attendance (e.g., [2]), there is no specific mention of how attendance requirements are tied to compliance with a student’s individual route or program. The term ""Student Route compliance"" is not defined or referenced in the provided evidence. [1], [2], [4]
","UOL_StudentAttendancePolicy-REVISEDJUL2025,v1.3.pdf_p5_c5 | UOL_StudentAttendancePolicy-REVISEDJUL2025,v1.3.pdf_p12_c1 | UOL_StudentAttendancePolicy-REVISEDJUL2025,v1.3.pdf_p12_c4 | UOL_StudentAttendancePolicy-REVISEDJUL2025,v1.3.pdf_p2_c1 | UOL_StudentAttendancePolicy-REVISEDJUL2025,v1.3.pdf_p8_c1","[""Student Attendance Policy Page 5"", ""STUDENT ATTENDANCE POLICY APPENDIX STAKEHOLDER RESPONSIBILITIES Students will: • Ensure they are familiar with the terms and expectations contained within this Policy; • Take responsibility for their own attendance; • Attend all timetabled teaching and learning sessions associated with their programme of study, and ensure they have their attendance recorded correctly; • Participate and engage in all modules and programmes in which they are registered, including all guided independent study, assessment and feedback; • Self-report any absences which may occur during the course of their programme, in advance wherever possible, and/or by the deadline set by the relevant School; • Ensure they submit the appropriate supporting evidence for absences lasting more than seven consecutive calendar da"", ""or rates of attendance. The University will: • Ensure that all students on taught programmes are aware of the University’s expectations in relation to attendance; • Ensure that accessible and convenient arrangements are in place for students to record and monitor their attendance and absence; • Provide students with convenient access to their attendance records; • Communicate regularly with students to update them on their levels of attendance; • Support students’ attendance by providing a range of professional and academic services; • Ensure that all students, prior to and during their studies, have access to this Policy. Student Attendance Policy Page 12"", ""STUDENT ATTENDANCE POLICY 1. Introduction 1.1 The University recognises that regular attendance at teaching and learning activities is a key element in successful student retention, progression, achievement and employability. The monitoring of student attendance is a supportive – not a punitive – measure. 1.2 Lack of attendance may also serve as an identifying factor in cases where students may be experiencing difficulties – whether academically and/or personally – and might need particular support. 1.3 Where issues are raised at any stage of this Policy that give rise to significant concerns regarding a student’s health – whether that relates to their behaviour, disruption or the risk presented to themselves or to others – then appropriate reference should be made to the Fitness to Study"", ""STUDENT ATTENDANCE POLICY 5. Sanctions and consequences 5.1 The Attendance Progress Review Meeting and the Progress Panel/Progression Board of Examiners will review the student’s case holistically, taking account not only of their poor attendance, but also of relevant engagement, attainment and welfare indicators. Progress Panels and Progression Boards of Examiners have the authority to remove a student from their programme of study for a lack of attendance. 5.2 Good academic attainment and/or engagement with activities which are not mandatory for attendance monitoring purposes (e.g. attendance at non-timetabled drop-in sessions) cannot fully excuse a rate or pattern of attendance which falls below the minimum requirements stated in this Policy. In such circumstances, a student will be ins""]",0.800 | 0.782 | 0.775 | 0.764 | 0.754,5,0,0.0,75,True,15.318971400032751,
S1_basic_rag,nvidia/nvidia-nemotron-nano-9b-v2,V2Q088,How do monitoring expectations differ for a postgraduate student working on a dissertation and a Student Route student studying abroad?,multi_document_comparison,hard,"A postgraduate dissertation student is expected to maintain regular supervisor contact and can enter Stage One after a rolling month with no contact. A Student Route student studying abroad may remain sponsored, but the University must still be able to monitor engagement; if required monitoring cannot be fulfilled, sponsorship can be at risk.","Student Attendance Policy — Revised July 2025, Version 1.3 | Policy on UKVI Compliance — Student Route","UOL_StudentAttendancePolicy-REVISEDJUL2025,v1.3.pdf_p4_c3 | UOL_UKVI_complience.pdf_p10_c2","

The monitoring expectations differ as follows:  

1. **Postgraduate students working on a dissertation** are required to maintain regular contact with their allocated supervisor (at least once per semester) and must be available during normal office hours. If no contact is received within a rolling one-month period, they are escalated to Stage One of the intervention process [3].  

2. **Student Route students studying abroad** are monitored by the Global Opportunities Team for UKVI compliance risks, as their study abroad period is an integral part of their programme [1]. Additionally, they must confirm their arrival abroad and ongoing attendance at specific checkpoints (e.g., beginning of semesters). Failure to confirm these details results in escalation to Stage One of the intervention process [4].  

The key differences lie in the monitoring body (Global Opportunities Team vs. Academic Advisor/supervisor) and the specific requirements (confirmation of arrival/attendance vs. regular supervisor contact).
","UOL_UKVI_complience.pdf_p10_c2 | UOL_StudentAttendancePolicy-REVISEDJUL2025,v1.3.pdf_p2_c4 | UOL_StudentAttendancePolicy-REVISEDJUL2025,v1.3.pdf_p4_c3 | UOL_StudentAttendancePolicy-REVISEDJUL2025,v1.3.pdf_p4_c2 | UOL_UKVI_complience.pdf_p10_c4","[""eriod of study abroad as an integral part of their programme are permitted to remain on their existing Student Route visa and will continue to be sponsored by the University for the duration of their study abroad. 9.2 Whilst the responsibility for monitoring the engagement of those studying abroad as part of their programme of study falls to the Dean of School, in accordance with the Student Attendance Policy, the responsibility for investigating any UKVI compliance risk for those international students studying abroad will fall to the Global Opportunities Team in Student Recruitment, Admissions and Widening Participation. 9.3 Following such a risk assessment, where it is identified and/or suspected that the required monitoring duties cannot be fulfilled at the study abroad location for an"", ""out the minimum expectations in relation to student attendance monitoring. Nothing in this Policy is designed to prevent an academic area from adopting a more rigorous approach, should it choose to do so. 2. Principles, definitions and expectations 2.1 This Policy applies to all taught2 students3 registered on a campus-based (i.e. not wholly online) academic programme at the University. This includes the taught components of Master of Research programmes and non-award bearing programmes such as inbound Study Abroad arrangements. 1 For students on clinical programmes, reference should be made to the Fitness to Practise Procedures, available here. 2 Attendance expectations for students registered on research programmes are prescribed within the Postgraduate Research Code of Practice Appendi"", ""ofessional placements should also expect to be in regular contact with their Academic Advisor – at least once per semester throughout this period. 2.14 Some work placements involve a contract between the University and the placement provider whereby the latter will inform the University if attendance falls below the contracted expectations. 2.15 Students undertaking a dissertation as part of their programme of postgraduate study are expected to have regular contact with their allocated supervisor and should be available for such contact during normal office hours throughout this period. Where no contact has been received from the student within a rolling one-month period, they will be escalated to Stage One of the intervention process (section 4.3). 2.16 Students are responsible for ensuri"", ""rogramme. However, the attendance expectations and intervention threshold identified in section 4.2 shall not apply during these periods. 2.12 Students on study abroad programmes and industrial/professional5 placements are expected to confirm their arrival abroad/on placement at the beginning of their first semester, and to confirm their ongoing attendance at the beginning of their second semester (where applicable). Where students fail to confirm their arrival and/or attendance at one of these checkpoints, they will be escalated to Stage One of the intervention process (section 4.3). 2.13 Students on study abroad programmes and industrial/professional placements should also expect to be in regular contact with their Academic Advisor – at least once per semester throughout this period. 2.1"", ""ted to retain their existing Student Route visa and will continue to be sponsored by the University for the duration of their placement(s). 10.2 Responsibility for monitoring the engagement of those students undertaking a work placement as part of their programme of study falls to the Dean of School, in accordance with the Student Attendance Policy. Where poor attendance is reported, investigation would be undertaken in accordance with normal departmental procedures and, where applicable, action would be taken under the authority prescribed within Appendix E of the Code of Practice on Assessment (Guide on the Progress of Students on Taught Programmes). 10.3 Student Route visa holders whose work placement does not form an integral part of their programme, and who therefore interrupt their s""]",0.605 | 0.529 | 0.507 | 0.490 | 0.469,5,0,1.0,145,True,15.057129499968141,
S1_basic_rag,nvidia/nvidia-nemotron-nano-9b-v2,V2Q089,What do the visa-holder guide and UKVI compliance policy say about Student Route sponsorship during an approved period of study abroad?,multi_document_comparison,hard,"They indicate that a Student Route student on an integral study-abroad period can remain on the existing visa and continue to be sponsored, but engagement still has to be monitored. If the University cannot fulfil the required monitoring duties at the overseas location, it may withdraw sponsorship.",Student Guide for UK Visa Holders 2026 | Policy on UKVI Compliance — Student Route,UOL_student_guide_visa_holders.pdf_p9_c4 | UOL_UKVI_complience.pdf_p10_c2,"

The UKVI compliance policy (evidence [2]) states that Student Route visa holders engaged in a period of study abroad as an integral part of their programme are permitted to remain on their existing Student Route visa and will continue to be sponsored by the University [2]. There is no specific mention of a ""visa-holder guide"" in the provided evidence, so the answer is based solely on the UKVI compliance policy.
",UOL_UKVI_complience.pdf_p3_c1 | UOL_UKVI_complience.pdf_p10_c1 | UOL_UKVI_complience.pdf_p10_c5 | UOL_UKVI_complience.pdf_p10_c3 | UOL_UKVI_complience.pdf_p5_c1,"[""POLICY ON UKVI - STUDENT COMPLIANCE 1.1 The University is licensed by the UK Home Office under the Student Route rules to act as a sponsor of international students for visa purposes. By issuing a Confirmation of Acceptance for Studies (CAS) to a student, the University is stating that it wishes for the student to be granted permission to enter and remain in the UK to study at the University. 1.2 The main objectives of the Sponsor Licence are: a) To help prevent abuse of the UK migration system b) To help ensure students being sponsored are genuine and are complying with the immigration rules c) To help identify and address patterns of student behaviour that might cause concern d) To help sponsors take all reasonable steps to ensure compliance with the rules 1.3 As a licensed sponsor of in"", ""POLICY ON UKVI - STUDENT COMPLIANCE Interaction Timescale Initial registration Normally October (can take place at the beginning of other months of the year) Payment of fees Throughout each year Attendance at meetings with supervisor (as Throughout each year (at least 12 meetings per year recorded in PGR Toolbox online facility) – one meeting each month - are required) Attendance at seminars, laboratory sessions Throughout each year (research programme or workshops, including attendance at skills specific) workshops and poster day events Annual Progress Review Annually; May-October 9. Study abroad 9.1 Student Route visa holders engaged on a period of study abroad as an integral part of their programme are permitted to remain on their existing Student Route visa and will continue to be spon"", ""ogrammes). 10.3 Student Route visa holders whose work placement does not form an integral part of their programme, and who therefore interrupt their studies for the duration of the placement(s), will not be sponsored by the University for the duration of the placement(s) and the student’s Student Route visa will be cancelled. Subsequent resumption of study would require the student to be issued with a new CAS in order to apply for a new Student Route visa. Policy on UKVI - Student Route Compliance Page 10 of 14"", ""a risk assessment, where it is identified and/or suspected that the required monitoring duties cannot be fulfilled at the study abroad location for any given Student Route visa holder, the University reserves the right to withdraw its current sponsorship of the student (so cancelling their UK Student Route visa). Subsequent resumption of study would require the student to be issued with a new CAS in order to apply for a new Student Route visa to enter the UK. 10. Work placements 10.1 Student Route visa holders undertaking work placements as an integral and assessed part of their programme, whether based within or outside of the UK, are permitted to retain their existing Student Route visa and will continue to be sponsored by the University for the duration of their placement(s). 10.2 Respo"", ""POLICY ON UKVI - STUDENT COMPLIANCE 3.4 Depending on the results of this investigation, the University will note the student’s failure to register and, in some cases and subject to conditions, agree to defer a student’s registration until the next available entry point. In such cases, the student’s failure to register will be reported to UKVI via the Sponsor Management System (SMS) within ten calendar days of the end of the prescribed enrolment period. In so doing, the University will withdraw the existing CAS and hence its current sponsorship of the student. Any later entry point or further application to study at the University would require the student to be issued with a new CAS in order to apply for a new Student Route visa to enter the UK. 3.5 In exceptional cases, and subject to agr""]",0.801 | 0.758 | 0.735 | 0.724 | 0.719,5,0,0.0,70,True,8.951467200065963,
S1_basic_rag,nvidia/nvidia-nemotron-nano-9b-v2,V2Q090,How do the visa-holder guide and UKVI compliance policy describe the University's document-checking responsibilities for Student Route students?,multi_document_comparison,hard,"The guide requires students to present and update immigration evidence such as passport and e-visa information during registration and study. The compliance policy requires the University, as sponsor, to keep accurate immigration records, including passport and visa-related evidence.",Student Guide for UK Visa Holders 2026 | Policy on UKVI Compliance — Student Route,UOL_student_guide_visa_holders.pdf_p4_c2 | UOL_UKVI_complience.pdf_p3_c3,"

The University's document-checking responsibilities for Student Route students, as outlined in the UKVI compliance policy, include:  
1. Verifying and retaining copies of students' passports, e-visas, and arrival documentation (evidence [3]).  
2. Monitoring students' right to remain in the UK and requesting further information or documentation as necessary (evidence [4]).  
3. Having the right to request appropriate evidence from students to confirm compliance with visa conditions (evidence [5]).  

These responsibilities are explicitly stated in the policy, emphasizing proactive verification and ongoing compliance monitoring by the University (via Student Life).
",UOL_UKVI_complience.pdf_p13_c7 | UOL_UKVI_complience.pdf_p14_c4 | UOL_UKVI_complience.pdf_p6_c1 | UOL_UKVI_complience.pdf_p6_c3 | UOL_UKVI_complience.pdf_p14_c1,"[""he conditions of the visa upon which they hold leave to remain in the UK. 15.2 International students are expected to assist the University in discharging its UKVI compliance responsibilities by cooperating with all reasonable requests for information and/or documentation, Policy on UKVI - Student Route Compliance Page 13 of 14"", ""tudentsupport/visas-and-immigration/) Policy on UKVI - Student Route Compliance Page 14 of 14"", ""POLICY ON UKVI - STUDENT COMPLIANCE visa) and the student will be required to leave the UK (where the student remains in the UK). Any later agreement to recommence study at the University would require the student to be issued with a new CAS in order to apply for a new Student Route visa to enter the UK. 4. Immigration documentation 4.1 For all international students, the University is required to verify and retain copies of their: a) Current passport, showing all personal identity (including biometric) details, stamps and/or immigration status documents; and, b) e-visa showing their right to be in the UK and right to study c) Proof of the arrival date into the UK 4.2 All Student Route visas must confirm the student’s entitlement to study with the University of Liverpool. This will be norm"", ""n and the responsibility for ensuring compliance with this requirement falls within Student Life. Student Life provides guidance and training annually (and upon request) to staff involved this activity. 4.5 Where an international student is issued with a new passport or immigration document for any reason and at any stage during their studies, they must provide all documentation to the Student Life team for verification and retention. 4.6 Student Life is responsible for the regular monitoring of all international students’ right to remain in the UK and, where necessary, will contact students for further information, documentation and/or clarification as to their current immigration status. Students are expected to comply with all reasonable requests for information and/or documentation whe"", ""POLICY ON UKVI - STUDENT COMPLIANCE including regular requests to verify and/or update their personal contact details. Students are expected to inform the University, via completion of the relevant online portal, of any changes to their personal contact details as soon as it is reasonable and practicable for them to do so. 15.3 The University reserves the right to request appropriate evidence from a student that they are complying with the conditions of the visa upon which they hold leave to remain in the UK, as it sees fit. 15.4 Where an international student is found to be, or with reasonable grounds is suspected of, failing to comply with the conditions of their visa, or where an international student is found to be, or with reasonable grounds is suspected of, failing to hold current le""]",0.789 | 0.770 | 0.750 | 0.748 | 0.745,5,0,0.0,88,True,11.366738899960183,
S1_basic_rag,nvidia/nvidia-nemotron-nano-9b-v2,V2Q091,What different roles do Appendix A and Appendix B play when the University handles a student-conduct case?,multi_document_comparison,hard,"Appendix A sets out the procedures for handling and reviewing conduct decisions, including possible outcomes of an appeal and limits on the reviewer's powers. Appendix B classifies types of misconduct and indicates the sanction category that may apply to particular breaches.",Student Conduct Procedures — Appendix A | Student Conduct Breaches and Indicative Sanctions — Appendix B,UOL_student_conduct1.pdf_p8_c2 | UOL_student_conduct2.pdf_p12_c1,"

The evidence provided does not mention Appendix B at all. All references are to Appendix A, which outlines procedures for student conduct cases, including panels, investigations, and accompaniment rights. There is no information in the evidence about the role of Appendix B. [Evidence not present]
",UOL_student_conduct1.pdf_p13_c5 | UOL_student_conduct1.pdf_p4_c5 | UOL_student_conduct1.pdf_p23_c5 | UOL_student_conduct1.pdf_p17_c5 | UOL_student_conduct1.pdf_p11_c5,"[""Resolution or Local Disciplinary Action, enclosing APPENDIX A – STUDENT CONDUCT POLICY PROCEDURES"", ""Team. They can also provide advice on which category a APPENDIX A – STUDENT CONDUCT POLICY PROCEDURES"", ""2 Once the Panel has agreed their findings, the responding student (and friend / representative accompanying them, if applicable) will be invited to return to hear APPENDIX A – STUDENT CONDUCT POLICY PROCEDURES"", ""ers to these issues, a decision will be taken whether to redact this or not. APPENDIX A – STUDENT CONDUCT POLICY PROCEDURES"", "". 7.3 The student is entitled to be accompanied at the investigation meeting by one other person acting as their friend. Whilst this can be a family member it is not always advisable as the most effective support for a student attending a University investigation meeting is provided by someone who understands the APPENDIX A – STUDENT CONDUCT POLICY PROCEDURES""]",0.703 | 0.691 | 0.652 | 0.604 | 0.598,5,0,0.0,45,True,4.342410599929281,
S1_basic_rag,nvidia/nvidia-nemotron-nano-9b-v2,V2Q092,How do mitigating factors considered under Appendix A relate to the sanctions described in Appendix B?,multi_document_comparison,hard,"Appendix A allows a responding student to present mitigating factors before the Panel decides a sanction. Appendix B provides the available or indicative sanctions for breach categories, with sanctions expected to be proportionate and relevant and repeated lower-level breaches potentially treated more seriously.",Student Conduct Procedures — Appendix A | Student Conduct Breaches and Indicative Sanctions — Appendix B,UOL_student_conduct1.pdf_p21_c4 | UOL_student_conduct2.pdf_p2_c4,,UOL_student_conduct1.pdf_p15_c2 | UOL_diversity-equality-opportunity-policy.pdf_p3_c3 | UOL_student_conduct1.pdf_p4_c4 | UOL_undergraduate_handbook.pdf_p40_c10 | UOL_student_conduct2.pdf_p2_c2,"[""3 breaches) they will be referred to a Full Hearing. 9.2 Chair’s Action allows the University to deal with allegations of misconduct in an efficient way, allowing all parties to reach a resolution in a timely manner without the need for the case to be heard at a Full Hearing. A referral to Chair’s Action will only be made where it is in the best interests of the students to do so. 9.3 Possible sanctions that can be issued as a result of Chair’s Action will be contained to those in section 1.4 (Category 1 sanctions) and section 1.6 (Category 2 sanctions) of Appendix B – Student Conduct Breaches and Indicative Sanctions. Should a Category 3 breach be considered a possibility upon review of the case by the Student Conduct Manager or nominee, then the matter will need to be referred to a Full"", ""............. 13 APPENDIX B: GLOSSARY OF TERMS ................................................................... 18 APPENDIX C: LEGISLATIVE FRAMEWORK .......................................................... 29 APPENDIX D: EQUALITY POLICY FRAMEWORK .................................................. 30 3"", ""Sanctions. 3.2 Where an allegation about another student is made to a designated member of staff, or misconduct has been identified in some other way, they must decide if the misconduct can be dealt with under Local Disciplinary Action by referring to the Student Conduct Policy, section 8 which illustrates examples of what types of misconduct can be considered locally. They can also refer to Appendix B – Student Conduct Breaches and Sanctions which sets out a non-exhaustive list of breaches and what category they fall into. Where the conduct under consideration may relate to Freedom of Speech, advice should be sought from the Student Conduct Team. They can also provide advice on which category a APPENDIX A – STUDENT CONDUCT POLICY PROCEDURES"", ""to Local Disciplinary Action. In good, either in whole or in part. Appendix B Offences Declaration Form can be found Department, Deans of Academic Schools such cases responding students will be – Student Conduct Breaches and Indicative on the Conduct and Discipline webpage on and Institutes, Directors of Professional informed regarding the alleged breach of Sanctions provides further details regarding the University website. Students need not Services, Head of Accommodation, the Student Conduct Policy being made the sanctions that can be issued by a declare parking or speeding offences Hall Managers and Wardens, as well as against them and the final decision with University Disciplinary Panel. which are subject to fixed penalties. organisations or individuals acting on regard to how the ca"", ""creased and therefore subject to more severe sanctions. Similarly, there may be circumstances where, if mitigating factors are present as outlined in section 3 of this document, the category of a breach may be reduced and therefore subject to less severe sanctions. 1.3. The list of breaches that follows should not be seen as exhaustive: in cases where an alleged breach does not fit within one of the prescribed categories, the University Disciplinary Panel / Chair or Local Disciplinary Authority will use their discretion to determine the category of a breach. 1.4. Category 1 breaches are likely to be dealt with under Local Disciplinary Action procedures (Appendix A - Student Conduct Procedures, Section 3) and may warrant the imposition of one or more of the following sanctions: • A formal w""]",0.520 | 0.516 | 0.494 | 0.479 | 0.476,5,0,0.0,1,False,17.09977540001273,
S1_basic_rag,nvidia/nvidia-nemotron-nano-9b-v2,V2Q093,"If a student receives a local disciplinary sanction for abusive conduct in an intimate relationship, what does the conduct framework say about the seriousness of the breach and the grounds for appeal?",multi_document_synthesis,hard,"Appendix B indicates that abusive conduct in an intimate relationship may be Category 2 or 3 and can attract an increased sanction. Under Appendix A, a Local Disciplinary Action appeal is limited to material procedural irregularity, material new information that was previously unavailable for a valid reason, or a sanction that is disproportionate to the offence.",Student Conduct Procedures — Appendix A | Student Conduct Breaches and Indicative Sanctions — Appendix B,UOL_student_conduct1.pdf_p7_c3 | UOL_student_conduct2.pdf_p8_c1,"

The conduct framework indicates that abusive conduct in an intimate relationship is considered a serious breach, potentially classified as a Category 1 breach under [1], which may involve aggravating factors and could lead to referral to the University Disciplinary Panel. Regarding grounds for appeal, [4] states that a student may appeal if the sanction is deemed disproportionate to the breach, requiring the student to demonstrate a valid reason for the lack of information at the time of the decision. Sensitivity of information is not a valid reason for appeal.
",UOL_student_conduct2.pdf_p5_c1 | UOL_postgraduate_handbook.pdf_p36_c7 | UOL_postgraduate_handbook.pdf_p36_c1 | UOL_student_conduct1.pdf_p27_c1 | UOL_student_conduct1.pdf_p3_c4,"[""Student Conduct, Complaints and Compliance • Breaches which are committed against family members, or someone currently or formerly involved in an intimate relationship with the reported student and may be considered to constitute domestic abuse. 2.1. Where a Category 1 breach may be considered to include aggravating factors, a person with Local Disciplinary Action authority will take advice on whether the case should be referred to the University Disciplinary Panel Action. The University Disciplinary Panel / Chair will use its discretion to impose appropriate sanctions on a case-by-case basis. 3. Additional Considerations – Mitigating Factors 3.1. There may be certain circumstances in which a breach is subject to a less severe sanction due to the presence of mitigating factors. A mitigatin"", ""he University students, including distance learners and that the matter is reviewed using the that have originally been dealt with via Disciplinary Panel has very significant to investigations, charges and convictions Procedures for Local Disciplinary Action. Local Disciplinary Action), the case will powers to deal with cases of misconduct. under any country’s laws. be considered and investigated by the For example, if it is satisfied that a breach Further details regarding Police and Local Disciplinary Action University and students will have the of the Student Conduct Policy has occurred, criminal investigations can be found in opportunity of contribute to the case and Local Disciplinary Action is generally used it may impose a fine or other appropriate section 13 of the Section 13 of th"", ""The University has three stages for Their authority under local disciplinary In certain cases, the Student Conduct The Student Conduct Policy sets out managing alleged student misconduct: action enables them to issue sanctions Manager (or nominee) may determine the right of appeal by students against 1. Informal Resolution which include a formal written warning that the misconduct is suitable to be dealt decisions taken under University or a final written warning for a repeated with via Chair’s Action. In cases where the Disciplinary Procedures. 2. Local Disciplinary Action breach, a fine not exceeding £200, a student admits the misconduct and the 3. University Disciplinary Action – The full Student Conduct Policy can be requirement in the event of non-accidental facts of the matter are no"", ""Student Conduct, Complaints and Compliance b) There is compelling evidence that the sanction imposed was not proportionate to the breach committed. *The student will be expected to demonstrate why there was a valid reason that the information was not available at the time of the University Disciplinary Panel or Chair’s Action. Sensitivity of the information will not normally be considered to be a valid reason. 20 University Disciplinary - Powers and Membership of the Disciplinary Appeal Panel 20.1 The Appeals Panel has the authority to confirm, set aside, increase, decrease or otherwise vary any sanction(s) imposed by the University Disciplinary Panel or Chair 20.2 The Panel has the authority to impose an appropriate sanction in line with those set out in Appendix B Student Conduct Breache"", ""be followed. Informal Resolution or Local Disciplinary Action should be instigated for less serious breaches. 1.6 If no formal disciplinary action is being taken, with the consent of the reporting party, the University may advise a student that concerns have been raised regarding their conduct in the hope that such conduct (if it had occurred) will not be repeated. 1.7 This procedure does not seek to reproduce elements of criminal law and is not a formal legal process. Students should be aware that the University does not have the legal investigatory powers of Police and cannot make any determination on criminal guilt. Any internal investigation is focused on whether a breach of the Student Conduct Policy has occurred. This internal process cannot be regarded APPENDIX A – STUDENT CONDUCT P""]",0.719 | 0.685 | 0.680 | 0.674 | 0.669,5,0,0.0,89,True,12.632822299958207,
S1_basic_rag,nvidia/nvidia-nemotron-nano-9b-v2,V2Q094,"How can a complaint involving harassment or sexual misconduct move into the student-conduct process, including where the original report is anonymous?",multi_document_synthesis,hard,"The Complaints Policy allows harassment or sexual-misconduct matters to be dealt with under relevant policies such as the Student Conduct Policy. Under the conduct procedures, an anonymous report can still lead to an investigation where there is supporting evidence of a potential breach, such as CCTV or social-media evidence.",Student Complaints Policy and Procedure | Student Conduct Procedures — Appendix A,"UOL_Student,Complaints,Policy,and,Procedure.pdf_p2_c2 | UOL_student_conduct1.pdf_p3_c3","

A complaint involving harassment or sexual misconduct can move into the student-conduct process because such complaints are explicitly covered under the Student Conduct Policy (evidence [5]). If the original report is anonymous, the process may still proceed under specific conditions:  
- An anonymous complaint can be investigated if there is supporting evidence (e.g., CCTV footage or social media posts) indicating a potential policy breach [3].  
- In exceptional circumstances (e.g., genuine fear of reprisals), the reporting student’s identity may be withheld from the responding student, though this is rare and assessed case-by-case [1].  
- However, if the reporting party does not wish the substance of the allegation disclosed to the responding party, the report cannot be investigated [1, 3].  
Anonymous complaints may face limitations in the investigation process, and staff should seek guidance from their line manager [2].
","UOL_student_conduct1.pdf_p3_c2 | UOL_Student,Complaints,Policy,and,Procedure.pdf_p7_c4 | UOL_student_conduct1.pdf_p3_c3 | UOL_student_conduct1.pdf_p5_c1 | UOL_Student,Complaints,Policy,and,Procedure.pdf_p9_c1","[""s a cause for concern, advice on how to proceed may, in the first instance, be sought from the Student Conduct Team. If it is determined that the responding student’s conduct could constitute a breach of the Student Conduct Policy, then a decision as to the potential seriousness of the breach is required to agree which process to follow. 1.3 It is not always possible to investigate anonymous allegations, however where there are exceptional circumstances such as genuine fear or risk of reprisals, it may be possible to discuss the option of withholding the reporting student’s identity from the responding student. This will be assessed on a case-by-case basis and will be the exception rather than the norm. A report cannot be investigated if the reporting party does not wish the substance of t"", ""there is good reason why a complaint is anonymous, we may investigate but this may limit both the investigation and also how we can respond to and support students. If a member of staff receives an anonymous complaint, they will be expected to seek advice from their line manager as to how the complaint should be dealt with. d) The University expects that a complaint will normally be made by the student concerned. Where the student wishes a third party (e.g. family member) to make the complaint on their behalf, they must provide the University with written permission to correspond with that third party to ensure that the University is not in breach of its duties and responsibilities under the Data 6"", ""-by-case basis and will be the exception rather than the norm. A report cannot be investigated if the reporting party does not wish the substance of the allegation to be made known to the responding party. 1.4 An investigation may be initiated from an anonymous complaint if there is evidence to support a potential breach of the policy has occurred, e.g. CCTV footage or social media posts. 1.5 Wherever possible, sufficient initial investigation into the conduct of the responding student(s) should be undertaken, to avoid initiating formal investigation procedures for either minor issues, or where other procedures of the University might better be followed. Informal Resolution or Local Disciplinary Action should be instigated for less serious breaches. 1.6 If no formal disciplinary action is"", ""Student Conduct, Complaints and Compliance range of behaviours may fall into. 3.3 If it is agreed that the misconduct can be dealt with under the Local Disciplinary Procedure, the relevant designated member of staff or their nominee should review the information to see if a meeting with the reporting student is required. It is likely that further details will be needed, and the staff member should invite the reporting party (if there is one) to an investigation meeting to obtain further details and evidence of the alleged misconduct. Please see below for further information about investigation meetings and meeting notes. 3.4 The designated staff member should write to the responding student via email and clearly set out the allegation / nature of the misconduct that has been made against t"", ""Student Conduct, Complaints and Compliance (ix) Complaints made by students against students - see Student Conduct Policy this includes complaints about harassment and/ or sexual misconduct be another student; (x) Complaints made by staff against students - see Student Conduct Policy. (xi) Complaints made by students relating to incidents of harassment and/or sexual misconduct by staff towards students. Advice will be sought from HR in such cases and the complaint will usually be considered under the Bullying and Harassment Policy or Staff Disciplinary Procedures. 5. Rights, Entitlements and Responsibilities a) Under this Policy and in line with the Student Charter and other University policies, the University acknowledges the rights of students and sets out expectations of how students wi""]",0.708 | 0.705 | 0.687 | 0.662 | 0.641,5,0,0.5,138,True,21.72259039990604,
S1_basic_rag,nvidia/nvidia-nemotron-nano-9b-v2,V2Q095,"If a harassment or sexual-misconduct complaint is handled as a student-conduct investigation, what engagement is expected from the students involved?",multi_document_synthesis,hard,"The Complaints Policy allows such matters to be routed to the Student Conduct Policy. Once in a conduct investigation, students are expected to engage fully, including attending meetings, agreeing notes or statements and attending disciplinary panels when required; persistent non-engagement by a reporting party can lead to the investigation being closed.",Student Complaints Policy and Procedure | Student Conduct Procedures — Appendix A,"UOL_Student,Complaints,Policy,and,Procedure.pdf_p2_c2 | UOL_student_conduct1.pdf_p12_c3","

The evidence does not explicitly state what specific engagement is expected from students involved in a harassment or sexual-misconduct complaint handled as a student-conduct investigation. While [3] mentions that the responding student may be informed of outcomes or required actions (e.g., ""Write to the responding student informing them no further action is to be taken""), it does not detail further engagement requirements beyond this notification. Other evidence focuses on procedural steps rather than student participation. 

Answer: The evidence does not specify detailed engagement expectations beyond informing the student of outcomes or actions [3].
","UOL_student_conduct1.pdf_p11_c1 | UOL_student_conduct1.pdf_p3_c4 | UOL_student_conduct1.pdf_p13_c4 | UOL_Student,Complaints,Policy,and,Procedure.pdf_p9_c1 | UOL_student_conduct1.pdf_p7_c1","[""Student Conduct, Complaints and Compliance Student Conduct Team must decide if the allegation can be dealt with under the University Disciplinary Procedure by referring to the Student Conduct Policy, section 8.3 which illustrates examples of what types of misconduct would be considered at this level. They can also refer to Appendix B – Student Conduct Breaches and Sanctions which sets out a non-exhaustive list of breaches and what category they fall into. Further advice can be sought from the Student Conduct Team if required. 6.3 For serious allegations of misconduct or where there is on-going police involvement, the matter should be referred to the Student Conduct Team who will decide in conjunction with the Head of Student Conduct, Complaints and Compliance, or their nominee, if a Risk A"", ""be followed. Informal Resolution or Local Disciplinary Action should be instigated for less serious breaches. 1.6 If no formal disciplinary action is being taken, with the consent of the reporting party, the University may advise a student that concerns have been raised regarding their conduct in the hope that such conduct (if it had occurred) will not be repeated. 1.7 This procedure does not seek to reproduce elements of criminal law and is not a formal legal process. Students should be aware that the University does not have the legal investigatory powers of Police and cannot make any determination on criminal guilt. Any internal investigation is focused on whether a breach of the Student Conduct Policy has occurred. This internal process cannot be regarded APPENDIX A – STUDENT CONDUCT P"", ""tion; or • There is evidence to suggest a breach of the Student Conduct Policy has likely occurred, and the potential breach is of a serious nature such that it should be referred to University Disciplinary Action. 7.15 The Student Conduct Manager, or nominee, will review the Investigating Officer’s investigation report, evidence base and recommendations and if in agreement with it, will do one of the following • Write to the responding student informing them no further action is to be taken. If applicable, the reporting party will also be informed. • Write to the relevant designated member of staff requesting they take action under Informal Resolution or Local Disciplinary Action, enclosing APPENDIX A – STUDENT CONDUCT POLICY PROCEDURES"", ""Student Conduct, Complaints and Compliance (ix) Complaints made by students against students - see Student Conduct Policy this includes complaints about harassment and/ or sexual misconduct be another student; (x) Complaints made by staff against students - see Student Conduct Policy. (xi) Complaints made by students relating to incidents of harassment and/or sexual misconduct by staff towards students. Advice will be sought from HR in such cases and the complaint will usually be considered under the Bullying and Harassment Policy or Staff Disciplinary Procedures. 5. Rights, Entitlements and Responsibilities a) Under this Policy and in line with the Student Charter and other University policies, the University acknowledges the rights of students and sets out expectations of how students wi"", ""Student Conduct, Complaints and Compliance accordance with the procedures for convening a University Disciplinary Panel and second, cases handled under Local Disciplinary Action can be reported and monitored as necessary. 3.16 There are times when an investigation is carried out under the University Disciplinary Procedures (section 6 below) but upon conclusion, the Student Conduct Manger or nominee refers this matter for Local Disciplinary Action instead of referral to a University Disciplinary Panel Hearing. In these instances, a copy of the investigation report and evidence base will be sent to the relevant designated member of staff. 3.17 On receipt of the case, the designated member of staff will review the investigation report and evidence obtained to ascertain whether they agree with""]",0.729 | 0.723 | 0.721 | 0.717 | 0.710,5,0,0.0,93,True,15.15752100001555,
S1_basic_rag,nvidia/nvidia-nemotron-nano-9b-v2,V2Q096,A student has no independent documentary evidence for an extenuating-circumstances claim. How can University support services help both the claim and the student's wider support needs?,multi_document_synthesis,hard,"The student should show that they alerted someone at the University at the time, such as an Academic Adviser, School support staff or a central support service; that person may be able to provide a supporting statement. The Undergraduate Handbook also identifies wider support routes, including wellbeing, disability and financial-support services.",University of Liverpool Extenuating Circumstances Policy | University of Liverpool Undergraduate Handbook,UOL_extenuating_circumstances_policy.pdf_p7_c2 | UOL_undergraduate_handbook.pdf_p19_c2,"

The University support services can help by advising the student on alternative evidence they could provide, as outlined in [1] and [2]. Specifically, [1] states that academic advisers or teaching support staff can guide students on what alternative evidence might be acceptable (e.g., for bereavement, a funeral order of service, or a letter from a clergyman). [2] further emphasizes that even without independent documentary evidence, students should submit their claim form on time, and support staff can assist in identifying suitable alternatives. 

For wider support needs, the evidence does not explicitly address how services address non-claim-related needs (e.g",UOL_extenuating_circumstances_policy.pdf_p6_c6 | UOL_extenuating_circumstances_policy.pdf_p5_c6 | UOL_extenuating_circumstances_policy.pdf_p6_c4 | UOL_extenuating_circumstances_policy.pdf_p8_c4 | UOL_extenuating_circumstances_policy.pdf_p7_c4,"[""value or weight they attached to the evidence in deciding a case of extenuating circumstances You need to be aware that some services (e.g. doctors) may make a charge for the provision of a letter, statement or other evidence and that this will not be reimbursed by the University. The Extenuating Circumstances Committee will expect to see independent documentary evidence which is contemporaneous with the events which you are claiming have affected your performance. The Committee may decline to accept statements from medical practitioners, counsellors or other similar people which show that you have only approached them after the"", ""partment/school in advance if you are unable to attend an examination or submit an assessment which counts towards the final mark of a module.) It is your responsibility to check with your Department/School’s office when the meeting of the Board of Examiners will be held. If there is good reason why you cannot yet provide independent documentary evidence, you should still submit your claim form on time. Your academic adviser or School teaching support staff can advise you on what alternative evidence you could consider providing (e.g. for bereavement, a copy of a funeral order of service, a letter from a clergyman or undertaker involved in the funeral arrangements, or a newspaper or online obituary or funeral notice may be submitted rather than a death certificate). If you are waiting for"", ""ned is aware that you are submitting the details and/or evidence to the University and that they are aware of the way in which the information will be considered and kept in the University under the Extenuating Circumstances Policy and the Data Protection Policy. 3.3 What supporting evidence is needed? Independent documentary evidence will be necessary in most cases. If your claim is based on ill health you must submit evidence that you informed your department that you would not be attending due to ill health. Submitted evidence should be dated and its source or author clearly stated. Where no evidence (independent or otherwise) can be provided, it is at the discretion of the Extenuating Circumstances Committee to decide whether it is more likely than not the claimed circumstances have oc"", ""es plus an explanation of why and how your studies have been affected and documentary confirmation of the relationship of the person concerned to you. Caring responsibilities The expectation is that students with known caring responsibilities should normally have made appropriate arrangements to be able to manage these ordinarily alongside their studies. Student Welfare Advice and Guidance can work with student carers to create a carers support plan. An extenuating circumstances claim will therefore only be considered where there are unforeseen circumstances (e.g. illness of another carer, unforeseen need to change care arrangements). For example, a parent may be expected to foresee that they will need to make care arrangements for their child during a half-term holiday but not to foresee"", ""support of claims relating to different types of circumstance. Physical illness The Extenuating Circumstances Committee will normally expect to see independent evidence from a medical practitioner (letter from a GP or consultant, hospital discharge notice if you missed an assessment due to hospitalisation), nurse practitioner or dentist or similar documentation, or evidence of a consultation such as a transcript of the e-consult, (appointment letters will not be accepted), referral to a specialist clinic, copy of letter between professionals or text advice from GP (screenshots acceptable but must show GP phone number). The University reserves the right to check the validity of such supporting evidence which should be from a clearly identifiable source which may be verified by the EC panel""]",0.521 | 0.515 | 0.515 | 0.512 | 0.508,5,0,0.0,98,True,18.575761700049043,
S1_basic_rag,nvidia/nvidia-nemotron-nano-9b-v2,V2Q097,"If illness or another unavoidable event is likely to make a student miss an assessment, what immediate academic action and support options should they consider?",multi_document_synthesis,hard,"They should inform their Department or School before the examination or assessment where possible, because prior notification matters for the extenuating-circumstances process. They should also seek appropriate University support, such as academic, wellbeing, disability or financial-support services depending on the problem.",University of Liverpool Extenuating Circumstances Policy | University of Liverpool Undergraduate Handbook,UOL_extenuating_circumstances_policy.pdf_p3_c4 | UOL_undergraduate_handbook.pdf_p19_c2,"

The student should immediately inform their department/school in writing or by email before the assessment to request authorization for absence due to illness or unavoidable circumstances [1]. If acceptable evidence of 'good cause' (e.g., a medical note) is provided, they may be granted a right to re-assessment as a first attempt [1]. Support options include seeking re-assessment through the Extenuating Circumstances Committee process, provided the absence is authorized and evidence is submitted.
","UOL_extenuating_circumstances_policy.pdf_p3_c3 | UOL_undergraduate_handbook.pdf_p34_c1 | UOL_postgraduate_handbook.pdf_p30_c1 | UOL_extenuating_circumstances_policy.pdf_p2_c4 | UOL_StudentAttendancePolicy-REVISEDJUL2025,v1.3.pdf_p6_c1","[""se procedures. 1. ABSENCE FROM EXAMINATIONS/SUBMISSION OF ASSESSMENT 1.1 If you are unable to attend an examination or assessment which counts towards the final mark of a module owing to illness or other unavoidable circumstances, you must inform your department/school, preferably in writing or by email, before the examination or assessment takes place, in order for the absence to be regarded as authorised. Provided that acceptable evidence of ‘good cause’ for such absence (e.g. a medical note) is presented for consideration by the Extenuating Circumstances Committee in accordance with the procedures set out below, you will be granted a right to re-assessment as a first attempt (unless the examination or assessment missed was not a ‘first attempt’ examination). Only in exceptional circumst"", ""Further information about progress and Personal Exceptional Circumstances attendance can be found in the ‘Guide may, for example, include: on the Progress of Students on Taught Illness and/or injury affecting the student: Chapter Eight Programmes of Study’ which can be Bereavement found at liverpool.ac.uk/media/livacuk/ Serious illness affecting a close tqsd/code-of-practice-on-assessment/ family member Additional Support appendix_E_cop_assess.pdf Unforeseeable or unpreventable events. The Student Attendance policy for PEC requests must normally be supported academic year 2025/26 also includes by evidence to be considered by the and Guidance what to do to report any absences. University. This generally requires Students should be aware that, in all cases, independent third-party evidence t"", ""Further information about progress and Personal Exceptional Circumstances attendance can be found in the ‘Guide may, for example, include: on the Progress of Students on Taught Illness and/or injury affecting the student: Chapter Eight Programmes of Study’ which can be Bereavement found at liverpool.ac.uk/media/livacuk/ Serious illness affecting a close tqsd/code-of-practice-on-assessment/ family member Additional Support appendix_E_cop_assess.pdf Unforeseeable or unpreventable events. The Student Attendance policy for PEC requests must normally be supported academic year 2025/26 also includes by evidence to be considered by the and Guidance what to do to report any absences. University. This generally requires Students should be aware that, in all cases, independent third-party evidence t"", ""difficulties which made it very difficult for them to seek help; • Long term health condition for which the student is already receiving reasonable or appropriate adjustments; • Retrospective disclosure of circumstances or withholding of details on grounds of sensitive personal, family or cultural reasons; • Minor illness or ailment which is unlikely to have had a significant impact on the student’s performance; • Failure to attend an examination or submit an assessment due to misreading the examination / assessment timetable or submission deadline; • Inadequate planning and time management; • Having more than one examination on the same or consecutive days; • Examination clashes arising from incorrect registration by the student, i.e. examinations scheduled to take place at the same time"", ""STUDENT ATTENDANCE POLICY • Disability (in accordance with a Student Support Information Sheet6); 4 • Elite sport-related; • Approved University visits, events, workshops and/or conferences. Students should always aim to provide documentation to support absence requests. Absence for longer than seven consecutive calendar days must always be supported by the appropriate documentation, otherwise the absence will be recorded as unauthorised.75 3.8 Students are not able to self-certify their absence from examinations and/or any other submission of summative assessment under any circumstances8. 3.9 Students are expected to take responsibility for their attendance and absence records – which will be made available to them via the appropriate system in place at the time – and to bring to the atte""]",0.647 | 0.637 | 0.637 | 0.624 | 0.615,5,0,0.0,72,True,24.657584900036454,
S1_basic_rag,nvidia/nvidia-nemotron-nano-9b-v2,V2Q098,"How should a student distinguish foreseeable financial difficulty from circumstances that justify an extenuating-circumstances claim, and what other academic option may be relevant?",multi_document_synthesis,hard,"Reasonably foreseeable financial problems are not normally accepted as extenuating circumstances. If financial difficulty makes continuing study impractical, the postgraduate guidance indicates that a formal interruption of studies may be an option, but it must be completed through the proper process because registration and fee consequences can continue otherwise.",University of Liverpool Extenuating Circumstances Policy | University of Liverpool Postgraduate Handbook,UOL_extenuating_circumstances_policy.pdf_p2_c6 | UOL_postgraduate_handbook.pdf_p33_c5,"

To distinguish foreseeable financial difficulty from circumstances justifying an extenuating circumstances claim, a student should assess whether the financial issue was **reasonably foreseeable** (e.g., due to predictable employment pressures, planned expenses, or avoidable circumstances). If the financial difficulty was foreseeable, it does not qualify as an extenuating circumstance [5]. If it was unforeseeable and beyond the student’s control, it may support a claim.  

The other",UOL_extenuating_circumstances_policy.pdf_p2_c4 | UOL_extenuating_circumstances_policy.pdf_p12_c3 | UOL_extenuating_circumstances_policy.pdf_p2_c3 | UOL_extenuating_circumstances_policy.pdf_p5_c4 | UOL_extenuating_circumstances_policy.pdf_p2_c5,"[""difficulties which made it very difficult for them to seek help; • Long term health condition for which the student is already receiving reasonable or appropriate adjustments; • Retrospective disclosure of circumstances or withholding of details on grounds of sensitive personal, family or cultural reasons; • Minor illness or ailment which is unlikely to have had a significant impact on the student’s performance; • Failure to attend an examination or submit an assessment due to misreading the examination / assessment timetable or submission deadline; • Inadequate planning and time management; • Having more than one examination on the same or consecutive days; • Examination clashes arising from incorrect registration by the student, i.e. examinations scheduled to take place at the same time"", "". If the Extenuating Circumstances Committee decides that your claim of extenuating circumstances is not valid, it will reject it and not make any recommendation to the Board of Examiners. It is therefore important that the Extenuating Circumstances Committee has access to full, frank and fully documented evidence to support your claim. 5. IF MY CASE IS ACCEPTED, WHAT ARE MY OPTIONS? 5.1 After the Board of Examiners You will be informed of the outcome of your claim after the meeting of the Board of Examiners. If it is found that extenuating circumstances have affected a student’s performance, the Extenuating Circumstances Committee and the Board of Examiners can make recommendations/awards respectively on degree classifications (e.g. First, 2:1 etc.). However, the Committee and the Board c"", ""hout reasonable or contemporaneous evidence (medical or otherwise) to support it; • Alleged medical circumstances outside the relevant assessment period or learning period for which appropriate adjustments for extenuating circumstances have already been made; • Alleged medical condition supported by “retrospective” medical evidence – that is, evidence that is not (contemporaneous) in existence at the same time as the illness, e.g. a doctor’s note which states that the student was seen (after the illness occurred) and declared they had been ill previously, except where there is evidence that the student had unknown or undisclosed mental health difficulties which made it very difficult for them to seek help; • Long term health condition for which the student is already receiving reasonable o"", ""ecide that your circumstances can no longer be considered as ‘unforeseeable.’ If you have an ongoing illness or other physical or mental health condition which has affected you for six or more months, you should contact the University’s Disability Advice and Guidance Team (email disteam@liv.ac.uk) in order that the University can consider whether there is a case for reasonable adjustments to be made to your studies rather than considering your condition through repeated individual Extenuating Circumstances claims. If, after reasonable adjustments have been made, there are unforeseeable changes to your condition which affect your performance it is, of course, appropriate to submit an Extenuating Circumstances claim. 3.2 Submit the extenuating circumstances form together with supporting evid"", ""consecutive days; • Examination clashes arising from incorrect registration by the student, i.e. examinations scheduled to take place at the same time (students are responsible for reporting any examination clashes which occur in their examination timetable to their School Examinations Officer and Student Life so that alternative arrangements can be made); • Any event that could have been reasonably expected or anticipated, such as sporting events (except where covered by the University’s Policy on Flexible Arrangements for Learning and Assessment for Students with a Recognised Sporting Talent) or pressures from paid employment, or other study commitments; • Events such as holidays and weddings; • Financial issues or their effect where these are reasonably foreseeable (e.g. Financial Suspe""]",0.561 | 0.532 | 0.520 | 0.511 | 0.495,5,0,0.0,65,True,23.968013299978338,
S1_basic_rag,nvidia/nvidia-nemotron-nano-9b-v2,V2Q099,How should a student with a long-term health condition think about reasonable adjustments versus interrupting study?,multi_document_synthesis,hard,"For a condition lasting six months or more, the Extenuating Circumstances Policy directs the student to Disability Advice and Guidance so reasonable adjustments can be considered rather than relying on repeated individual claims. If the student needs to interrupt because of ill-health, the postgraduate guidance requires the formal interruption process and warns of registration, fee and related consequences.",University of Liverpool Extenuating Circumstances Policy | University of Liverpool Postgraduate Handbook,UOL_extenuating_circumstances_policy.pdf_p5_c4 | UOL_postgraduate_handbook.pdf_p33_c5,"

A student with a long-term health condition should prioritize seeking reasonable adjustments through the University’s Disability Advice and Guidance Team rather than interrupting study via repeated Extenuating Circumstances claims. This is because:  
- For long-term conditions, the University expects students to discuss potential impacts on their studies with the Disability Advice and Guidance Team in advance of assessments to determine if adjustments are needed [2].  
- If the condition persists for six or more months, students should contact the Disability Team to explore reasonable adjustments instead of relying on repeated Extenuating Circumstances claims, as ongoing conditions should be managed through adjustments rather than repeated interruptions [5].  
- Reasonable adjustments are designed to accommodate long-term conditions, whereas Extenuating Circumstances claims are typically for unforeseeable or short-term issues [1, 5].  

This approach avoids unnecessary interruptions to study and ensures the student receives tailored support [5].
","UOL_extenuating_circumstances_policy.pdf_p2_c3 | UOL_extenuating_circumstances_policy.pdf_p7_c7 | UOL_extenuating_circumstances_policy.pdf_p2_c4 | UOL_StudentAttendancePolicy-REVISEDJUL2025,v1.3.pdf_p2_c1 | UOL_extenuating_circumstances_policy.pdf_p5_c4","[""hout reasonable or contemporaneous evidence (medical or otherwise) to support it; • Alleged medical circumstances outside the relevant assessment period or learning period for which appropriate adjustments for extenuating circumstances have already been made; • Alleged medical condition supported by “retrospective” medical evidence – that is, evidence that is not (contemporaneous) in existence at the same time as the illness, e.g. a doctor’s note which states that the student was seen (after the illness occurred) and declared they had been ill previously, except where there is evidence that the student had unknown or undisclosed mental health difficulties which made it very difficult for them to seek help; • Long term health condition for which the student is already receiving reasonable o"", ""ort over a period relevant to the extenuating circumstances claim and will not normally provide a letter following a first consultation made after the assessment concerned. The claim must also include a clear statement of why and how you consider that this illness has affected your assessment. Long-term condition or disability Where the effects of a long-term health condition or disability may be expected to have a potential impact on your studies, the University expects that you will discuss this with the Disability Advice and Guidance Team in good time before assessments to determine whether the University needs"", ""difficulties which made it very difficult for them to seek help; • Long term health condition for which the student is already receiving reasonable or appropriate adjustments; • Retrospective disclosure of circumstances or withholding of details on grounds of sensitive personal, family or cultural reasons; • Minor illness or ailment which is unlikely to have had a significant impact on the student’s performance; • Failure to attend an examination or submit an assessment due to misreading the examination / assessment timetable or submission deadline; • Inadequate planning and time management; • Having more than one examination on the same or consecutive days; • Examination clashes arising from incorrect registration by the student, i.e. examinations scheduled to take place at the same time"", ""STUDENT ATTENDANCE POLICY 1. Introduction 1.1 The University recognises that regular attendance at teaching and learning activities is a key element in successful student retention, progression, achievement and employability. The monitoring of student attendance is a supportive – not a punitive – measure. 1.2 Lack of attendance may also serve as an identifying factor in cases where students may be experiencing difficulties – whether academically and/or personally – and might need particular support. 1.3 Where issues are raised at any stage of this Policy that give rise to significant concerns regarding a student’s health – whether that relates to their behaviour, disruption or the risk presented to themselves or to others – then appropriate reference should be made to the Fitness to Study"", ""ecide that your circumstances can no longer be considered as ‘unforeseeable.’ If you have an ongoing illness or other physical or mental health condition which has affected you for six or more months, you should contact the University’s Disability Advice and Guidance Team (email disteam@liv.ac.uk) in order that the University can consider whether there is a case for reasonable adjustments to be made to your studies rather than considering your condition through repeated individual Extenuating Circumstances claims. If, after reasonable adjustments have been made, there are unforeseeable changes to your condition which affect your performance it is, of course, appropriate to submit an Extenuating Circumstances claim. 3.2 Submit the extenuating circumstances form together with supporting evid""]",0.522 | 0.469 | 0.468 | 0.461 | 0.433,5,0,0.5,143,True,10.249272599932738,
S1_basic_rag,nvidia/nvidia-nemotron-nano-9b-v2,V2Q100,"What must a sponsored student provide for accommodation-fee sponsorship, and what University support may help if they still face financial difficulty?",multi_document_synthesis,hard,"They must provide the Accommodation Office with an official sponsor letter or purchase order before registration, showing the sponsorship value and duration and where the invoice should be sent. Sponsored students remain responsible for payment, while the Undergraduate Handbook identifies financial-support routes such as hardship assistance and advice.",University of Liverpool Payment Policy 2026-27 | University of Liverpool Undergraduate Handbook,"UOL_payment_policy_2026,2027.pdf_p9_c1 | UOL_undergraduate_handbook.pdf_p19_c2","

A sponsored student must provide an official sponsor letter or purchase order (on official letter headed paper) from their sponsor before registering for the session to which the sponsorship applies [1, 3]. If they still face financial difficulty, the University offers support through its University Hardship Fund, which can assist students experiencing financial hardship, including cases where other funding has been delayed [5].
","UOL_payment_policy_2026,2027.pdf_p9_c1 | UOL_payment_policy_2026,2027.pdf_p3_c1 | UOL_payment_policy_2026,2027.pdf_p2_c1 | UOL_payment_policy_2026,2027.pdf_p8_c5 | UOL_undergraduate_handbook.pdf_p19_c2","[""9.3 Students must provide the Accommodation Office with an official sponsor letter or purchase order (on official letter headed paper) from their sponsor. This should be provided before students register for the session to which the sponsorship applies. 9.4 The proof of sponsorship should show the value and duration of the sponsorship together with a name and address of where the University should send the invoice. The University will keep this letter within its records. 9.5 Students who do not provide this official letter will be considered to be self-funding and will be expected to pay their own residence fee in accordance with one of the methods described in section 8. 9.6 Sponsored students are responsible for making sure that their residence fee is paid. Where a student’s sponsor defa"", ""insufficient amount of loan to cover their programme fee4, will need to make arrangements for the payment of the remaining fee using one of the methods described in section 4. 3. Sponsorship 3.1 Where an external organisation (e.g. a company or overseas government embassy; not a friend, relative or the SLC) is responsible for payment of all or part of a student’s programme and/or research support fee, the University will invoice the organisation directly. 3.2 All sponsors must pay in full within 30 days of being invoiced. 3.3 Students must provide the Student Fees and Funding Office with an official sponsor letter or purchase order (on official letter headed paper) from their sponsor. This should be provided before students register for the session to which the sponsorship applies. 3.4 The"", ""1.7 Where a suitable arrangement to pay accommodation fees, student fines or student charges has not been made in any given session, in accordance with the relevant section of this Policy, or where a student defaults on any such fee payment arrangement, the University will seek to deploy formal external debt recovery proceedings, which may ultimately result in County Court judgements. 1.8 Where students are experiencing difficulties in making payments, or wish to enquire about fees and/or charges that have been raised and/or fines that have been levied, help and support is available as outlined in section 11. PROGRAMME AND RESEARCH SUPPORT FEES 2. Student Finance (Home Undergraduate Students) 2.1 Depending on where they normally live, all students requiring financial support should make an"", ""student’s residence fee (for those in University owned accommodation), the University will invoice the organisation directly. 9.2 All sponsors must pay in full within 30 days of being invoiced. Page 8 of 10"", ""offer the following services: in safe and welcoming environment. and support needs, which may include: Advise your academic School/ Discretionary financial help through the You will find details of our programme of Programme-centred support Department/Institute about the support University Hardship Fund for students activities on our website: liverpool.ac.uk/ you may need experiencing financial hardship; In some Exam adjustments studentsupport/mental-wellbeing/ Assist and support you to access cases, we can offer short-term loans wellbeing-advice/activities/ Library-related support disability-related funding when other funding has been delayed; Campus accessibility We work closely with our colleagues Provide assistive software and equipment Advise on student loans and grants for Specialis""]",0.682 | 0.671 | 0.641 | 0.640 | 0.597,5,0,1.0,63,True,11.547018299927004,
S1_basic_rag,nvidia/nvidia-nemotron-nano-9b-v2,V2Q101,"How do the equality policy and complaints policy work together when a student experiences discrimination, harassment or sexual misconduct?",multi_document_synthesis,hard,"The equality policy encourages incidents to be raised with appropriate University staff or through Report and Support, including anonymous reporting. The Complaints Policy recognises that harassment or sexual-misconduct complaints may instead be handled through relevant conduct, bullying-and-harassment or staff disciplinary procedures.","University of Liverpool Diversity, Equality and Opportunity Policy | Student Complaints Policy and Procedure","UOL_diversity-equality-opportunity-policy.pdf_p5_c3 | UOL_Student,Complaints,Policy,and,Procedure.pdf_p2_c3","

The equality policy and complaints policy work together by defining the scope of discrimination, harassment, and sexual misconduct (via the equality policy) and providing a structured process for students to report and address such issues (via the complaints policy). 

1. The equality policy (evidence [4] and [5]) establishes definitions of harassment, discrimination, and the University’s legal obligations under the Equality Act, ensuring that complaints are evaluated against these standards.  
2. The complaints policy (evidence [1] and [3]) outlines procedures for students to submit complaints related to harassment or sexual misconduct, including requirements for documentation and confidentiality, which align with the equality policy’s framework.  

Thus, the equality policy sets the criteria for what constitutes unacceptable behavior, while the complaints policy ensures students can formally report and seek resolution for such issues [1][3][4][5].
","UOL_Student,Complaints,Policy,and,Procedure.pdf_p9_c1 | UOL_Student,Complaints,Policy,and,Procedure.pdf_p1_c2 | UOL_Student,Complaints,Policy,and,Procedure.pdf_p10_c1 | UOL_diversity-equality-opportunity-policy.pdf_p23_c2 | UOL_diversity-equality-opportunity-policy.pdf_p7_c1","[""Student Conduct, Complaints and Compliance (ix) Complaints made by students against students - see Student Conduct Policy this includes complaints about harassment and/ or sexual misconduct be another student; (x) Complaints made by staff against students - see Student Conduct Policy. (xi) Complaints made by students relating to incidents of harassment and/or sexual misconduct by staff towards students. Advice will be sought from HR in such cases and the complaint will usually be considered under the Bullying and Harassment Policy or Staff Disciplinary Procedures. 5. Rights, Entitlements and Responsibilities a) Under this Policy and in line with the Student Charter and other University policies, the University acknowledges the rights of students and sets out expectations of how students wi"", ""Policy and Procedures, Documents Procedure for Student Complaints in the Event of Major Disruption Does this replace N/a any previous policies? Consultation Consultation has taken place with relevant parties to incorporate changes required linked to Freedom of Speech. Original consultation carried out with Faculties via the Heads of Education and Student Experience, Deans of Schools/Institutes and Heads of Services, plus the Consumer Law Protection Working Group and the Guild Advice Service. Equality Impact The Equality Checklist has been completed and there was no Assessment equality impact identified either negative or positive. Therefore this revised Policy does not require an equality impact assessment prior to its introduction. Regulatory/ This Policy complies with the requirements o"", ""Student Conduct, Complaints and Compliance the Equality Act; (v) Students are expected to be reasonable and realistic in any request for remedy or redress; (vi) Students may expect to receive responses to complaints within the timescales indicated within the Procedure or else to be informed of any reasons why this is not possible, with an indication of the proposed amended timescale for response; (vii) Students are expected to provide, at the time of submission of their complaint, all relevant documentation or other evidence and details of all issues which they wish to be taken into consideration. However, complaints will not be rejected solely on the grounds of minor procedural deficiencies on the part of the student; (viii) Students may expect complaints to be dealt with confidentially a"", ""o be harassment, etc. For the avoidance of doubt, behaviour which does not relate to a protected characteristic and is not of a sexual nature but still ‘has the purpose or effect of violating a person’s dignity, or creating an intimidating, hostile, degrading, humiliating or offensive environment’ will not amount to harassment under the Equality Act definition, but is nevertheless likely to amount to bullying as set out above, and therefore unacceptable behaviour under the University’s Bullying & Harassment Policy. Indirect discrimination Indirect discrimination occurs when a provision, criterion or practice is neutral on the face of it, but its impact particularly disadvantages people with a protected characteristic. For Indirect Discrimination to take place, four requirements must be met"", ""The Equality Act Public Sector Specific Duties2 require the University to: • Set equality objectives to eliminate unlawful discrimination and promote equality (publishing these at lease every four years). • To collect relevant equality data on staff and service users/key stakeholders (students) and publish this data annually. Information should be provided in an accessible format. The University recognises that the scope of the Equality Act 2010 includes: • Employment • Provision of Goods and Services • Provision of Education Further details of the legislation are given in Appendix C. 3.0 Freedom of Speech The University recognises and is fully committed to meeting its responsibilities to secure and promote academic freedom and free speech within the law. This policy should therefore be re""]",0.700 | 0.659 | 0.652 | 0.624 | 0.610,5,0,0.0,131,True,14.750367300002836,
S1_basic_rag,nvidia/nvidia-nemotron-nano-9b-v2,V2Q102,How do the 2025–26 assessment changes clarify the relationship between assessment appeals and other student challenge routes?,multi_document_synthesis,hard,"The assessment changes clarify and separate Stage 1 appeal grounds for decisions on Personal Extenuating Circumstances, academic integrity, and assessments, marks or awards. The Undergraduate Handbook separately identifies complaint and conduct routes, so a student must use the process that matches the type of decision being challenged.",University of Liverpool Code of Practice on Assessment and Appendices 2025-26 — Summary of Changes | University of Liverpool Undergraduate Handbook,"UOL_Code,of,Practice,on,Assessment,and,Appendices,2025-26,Summary,of,Changes.pdf_p4_c4 | UOL_undergraduate_handbook.pdf_p42_c1","

The evidence does not explicitly clarify the relationship between assessment appeals and other student challenge routes (e.g., extenuating circumstances, disciplinary processes, or academic misconduct appeals). While [1] and [3] define assessment appeals as formal challenges to University decisions on assessments and awards, and [2] and [5] outline procedures for extenuating circumstances, there is no mention of how these routes interact or differ in the 2025–26 changes. The evidence does not address other potential challenge routes beyond these two. [1], [2], [3], [5]
",UOL_postgraduate_handbook.pdf_p37_c10 | UOL_extenuating_circumstances_policy.pdf_p13_c1 | UOL_undergraduate_handbook.pdf_p41_c10 | UOL_postgraduate_handbook.pdf_p26_c5 | UOL_extenuating_circumstances_policy.pdf_p14_c1,"[""hysician. At the end An assessment appeal is a challenge programmes in the Faculty of Health of the formal investigation, the Investigating Where a student submits an appeal, they to, or a request for reconsideration (on and Life Sciences with professional/ Officer may conclude: will not be permitted to attend graduation specified grounds) of a decision made by statutory body regulation that necessitates (i) That there is no case to be taken the University on student assessments and or graduate until either the appeal is Fitness to Practise processes or on a forward, in which case the student will be awards. concluded or withdrawn. informed that no further action will be taken Your University – Handbook for Postgraduate Students70 / /71"", ""CODE OF PRACTICE ON ASSESSMENT – APPENDIX M ANNEXE 1 Policy on Extenuating Circumstances - Guidelines for Staff and Students Up to January 2026 for all online programmes delivered in partnership with Kaplan Higher Education b) Assessment marks that contribute to your final degree classification If, in any year of study in which the marks contribute to the final degree classification (except the final year), you have failed or missed an individual examination or assessment but have passed the module as a whole or the mark(s) achieved in one or more of your assessment(s) was/were affected by the extenuating circumstances, the Board of Examiners may permit you to: either: be re-assessed in the relevant examination(s)/assessment(s) with the possibility of improving the mark (see section 7 belo"", ""e governed by these processes. forward, in which case the student will be Administration - University of Liverpool. Where a student submits an appeal, they informed that no further action will be taken An assessment appeal is a challenge will not be permitted to attend graduation to, or a request for reconsideration (on or graduate until either the appeal is specified grounds) of a decision made concluded or withdrawn. by the University on student assessments and awards. Your University – Handbook for Undergraduate Students78 / /79"", ""two-year period, the approved programme of study. Where electronic submission may be requested by Whenever an examination/assessment is deadline should be set at the end of two a student has successfully completed the Department or School/Institute but the reassessed, the mark achieved in the re- years from the formal start date of the modules, which exceed the required cost of the additional hard copy must be assessment always supersedes any earlier programme. credit for the award the calculation of the met by the Department or School/Institute mark, even when the earlier mark is higher. overall average mark and determination concerned and not by the student. In these Where a student is required to be Unless there are approved extenuating of classification will be based on the situations"", ""CODE OF PRACTICE ON ASSESSMENT – APPENDIX M ANNEXE 1 Policy on Extenuating Circumstances - Guidelines for Staff and Students Up to January 2026 for all online programmes delivered in partnership with Kaplan Higher Education b) Not enough assessed work has been completed to determine an award If the Extenuating Circumstances Committee considers that there is not enough assessed work to determine that an award be made to you, or that the learning outcomes of the programme have not been met, they will recommend that you be offered the option of: either: accepting an aegrotat degree1; or: of re-taking/re-sitting the missed/affected assessments as a ‘first attempt’ at the next ordinary sitting (see section 7, below) You may only be offered an award (other than an aegrotat award) if you have com""]",0.656 | 0.574 | 0.573 | 0.563 | 0.556,5,0,0.0,82,True,11.834305499913171,
