system,model,question_id,question,question_type,difficulty,expected_answer,gold_documents,gold_chunk_ids,answer,evidence_chunk_ids,evidence_texts,evidence_scores,n_evidence,n_withheld,gold_in_evidence,answer_words,has_citations,latency_seconds,error
S2_modular_rag,nvidia/nvidia-nemotron-nano-9b-v2,V2Q001,"A Student Route visa holder spends an intercalated year at another UK university. What evidence must they give Liverpool, and by when?",paraphrased,medium,They must provide evidence that they have registered at the other UK higher education institution within 10 working days of completing that registration. Failure to provide it can lead to Liverpool withdrawing sponsorship.,Policy on UKVI Compliance — Student Route,UOL_UKVI_complience.pdf_p11_c2,"

The Student Route visa holder must provide evidence of their registration at the other UK HEI to the University of Liverpool within 10 working days of completing their registration [1].
",UOL_UKVI_complience.pdf_p11_c2 | UOL_UKVI_complience.pdf_p11_c4 | UOL_UKVI_complience.pdf_p11_c3 | UOL_UKVI_complience.pdf_p11_c1 | UOL_student_guide_visa_holders.pdf_p10_c4,"[""on to undertake an intercalated year at another UK HEI, the University is relieved of this responsibility for the period the student remains registered at another UK HEI. 11.3. Student Route visa holders undertaking an intercalated year at another UK HEI are required to provide the University with evidence of their registration. Evidence must be submitted to the University within 10 working days of completing their registration. Student Route visa holders who do not provide evidence of this will have their sponsorship withdrawn, which will impact on their ability to remain in the UK. 11.4. Student Route visa holders who require a new visa in order to undertake their intercalated year will not be sponsored by the University and instead should request a CAS from the UK HEI where they intend"", ""lders intercalating at the University from another UK HEI are not required to obtain a visa holding the University of Liverpool’s Sponsor Licence Number if their current visa is valid for the duration of their period of intercalation and they are studying medicine, veterinary medicine and science, or dentistry. Students must provide evidence that their sponsor has notified UKVI of their change of institution. Evidence of this notification must be provided at the point of registration. 12. English Language Centre (ELC) 12.1 The ELC runs a number of pre-sessional English Language programmes designed for international students who wish to enter undergraduate or postgraduate study. Student admissions, including the issue of the CAS, are undertaken in accordance with standard University admissi"", ""order to undertake their intercalated year will not be sponsored by the University and instead should request a CAS from the UK HEI where they intend to intercalate. Subsequent resumption of study at the University may require the student to be issued with a new CAS in order to apply for a new Student Route visa. 11.5. Student Route visa holders undertaking an intercalated year at an institution outside of the UK will have their sponsorship withdrawn. Subsequent resumption of study at the University would require the student to be issued with a new CAS in order to apply for a new Student Route visa to enter the UK. 11.6. Student Route visa holders intercalating at the University from another UK HEI are not required to obtain a visa holding the University of Liverpool’s Sponsor Licence Numb"", ""POLICY ON UKVI - STUDENT COMPLIANCE 11. Intercalated degrees 11.1. Student Route visa holders registered at the University but undertaking an intercalated year at another UK HEI are permitted to retain their existing Student Route visa if they are studying medicine, veterinary medicine and science, or dentistry. The University will notify UKVI of the student’s intention to undertake an intercalated year at another UK HEI. 11.2. Responsibility for sponsorship duties, including monitoring the attendance and engagement of students undertaking an intercalated year, falls to the student’s new institution. By notifying UKVI of the student’s intention to undertake an intercalated year at another UK HEI, the University is relieved of this responsibility for the period the student remains registere"", ""to Student There are also restrictions on what type Administration. of work you can do, you should find out Student visa holders coming to The what these are. For example, you may not: University of Liverpool for an intercalating Open up a business of your own year are permitted to do so whilst Work on a self-employed basis (this holding a Student visa for their previous includes business based outside the institution. These students must provide UK or online businesses) evidence to Student Administration that Act as an employer in any way their Student visa sponsor has notified UKVI of the change of institution. Work as an entertainer Work as a professional sports person Sign a permanent contract of employment.""]",6.756 | 5.809 | 5.311 | 5.298 | 4.466,5,0,1.0,30,True,13.51154450001195,
S2_modular_rag,nvidia/nvidia-nemotron-nano-9b-v2,V2Q002,"How should students or staff raise concerns about harassment, bullying, discrimination or victimisation?",paraphrased,medium,"They should bring the incident to an appropriate person such as their line manager, Head of Department, HR Business Partner or programme leader. They can also use the University's Report and Support service, either named or anonymously, for reporting and guidance.","University of Liverpool Diversity, Equality and Opportunity Policy",UOL_diversity-equality-opportunity-policy.pdf_p5_c3,"

To raise concerns about harassment, bullying, discrimination, or victimisation, students or staff should report incidents to their line manager, Head of Department, HR Business Partner, or programme leader, or use the University’s Report and Support provision (named or anonymously) [1]. They should also challenge unlawful behaviour through appropriate reporting or complaints procedures, such as Report & Support [2].
","UOL_diversity-equality-opportunity-policy.pdf_p5_c3 | UOL_diversity-equality-opportunity-policy.pdf_p9_c2 | UOL_diversity-equality-opportunity-policy.pdf_p8_c3 | UOL_Student,Complaints,Policy,and,Procedure.pdf_p2_c3 | UOL_Student,Complaints,Policy,and,Procedure.pdf_p9_c1","[""l found to be responsible for perpetrating forms of discrimination and other forms of unacceptable behaviour, as outlined in the Bullying & Harassment Policy (see Appendix B for a glossary of useful terms). Individual members of staff and students have a responsibility to draw any incidences of harassment, bullying, direct or indirect discrimination or victimisation to the attention of their; line manager, Head of Department, HR Business Partner and or programme leader, to ensure appropriate action can be taken. Staff and students can also use the University’s Report and Support provision to relay incidents (named or anonymously) and seek further advice and guidance. 5"", ""f speech and to the importance of academic freedom. 4.6 Students All students should: • Comply with their legal obligation under the Equality Act 2010 and this policy to refrain from unlawful discrimination and harassment. • Familiarise themselves with this policy and the Bullying & Harassment Policy. • Challenge unlawful behaviour by the University, members of staff or students either directly, through the appropriate department structure (programme leader or head of department) or through the appropriate reporting and/or complaints procedures (e.g. Report & Support). • Respect the University’s Values. • Be prompt, efficient, effective and respectful in their dealings with fellow students, members of staff and visitors to the University. • Have particular regard to the duty to ensure free"", ""emit. 4.4 Diversity and Equality Team The Diversity and Equality Team is responsible for; developing and reviewing policies and guidance to promote a positive and inclusive environment in which to work and study. 4.5 Staff All members of staff should: • Comply with their legal obligation under the Equality Act 2010 and this policy to refrain from unlawful discrimination and harassment. • Familiarise themselves with this policy and other appropriate policies, such as the Bullying & Harassment Policy. • Challenge unlawful behaviour by the University, members of staff or students either directly, through the appropriate management structure (e.g. line manager, head of department or HR Business Partner) or via the appropriate reporting and or complaints procedures (e.g. Report & Support). • If"", ""d/or sexual misconduct (including the conduct of staff towards students and/or the conduct of students towards students), may be dealt with via relevant policies, Student Conduct Policy, Bullying and Harassment Policy or Staff Disciplinary Policy. Links to the related policies have been added to Paragraph 1d and a sentence has been added to clarify this under Paragraph 4 e – xi. Data Protection Data Protection Impact Assessment is not required for this Policy. All staff employed to administer this Policy, and accompanying procedures should comply fully with all GDPR and Data Protection Act 2018 requirements and obligations. Communication Updated web pages which form part of the terms and conditions for students. Update Schools and Departments via Heads of Education and 1"", ""Student Conduct, Complaints and Compliance (ix) Complaints made by students against students - see Student Conduct Policy this includes complaints about harassment and/ or sexual misconduct be another student; (x) Complaints made by staff against students - see Student Conduct Policy. (xi) Complaints made by students relating to incidents of harassment and/or sexual misconduct by staff towards students. Advice will be sought from HR in such cases and the complaint will usually be considered under the Bullying and Harassment Policy or Staff Disciplinary Procedures. 5. Rights, Entitlements and Responsibilities a) Under this Policy and in line with the Student Charter and other University policies, the University acknowledges the rights of students and sets out expectations of how students wi""]",6.580 | 4.648 | 3.680 | 3.159 | 3.013,5,0,1.0,58,True,18.680392100010067,
S2_modular_rag,nvidia/nvidia-nemotron-nano-9b-v2,V2Q003,What should a student do before submitting a claim if personal circumstances may be affecting their academic work?,procedural,medium,"They should seek advice from an Academic Adviser or an appropriate support service, such as Wellbeing Advice and Guidance, Disability Advice and Guidance, or a Student Support Team, so they can discuss the circumstances and obtain guidance before submitting the claim.",University of Liverpool Undergraduate Handbook,UOL_undergraduate_handbook.pdf_p35_c3,"

The student should discuss their personal circumstances with the Student Support Team before submitting a claim. This is explicitly stated in evidence [4], which outlines the process for extenuating circumstances and emphasizes seeking advice from the Student Support Team to discuss circumstances and obtain guidance before submitting a claim.
",UOL_postgraduate_handbook.pdf_p31_c4 | UOL_postgraduate_handbook.pdf_p31_c3 | UOL_undergraduate_handbook.pdf_p35_c3 | UOL_extenuating_circumstances_policy.pdf_p17_c4 | UOL_undergraduate_handbook.pdf_p35_c2,"[""re acquisition of relevant study skills such represented by each to be the product may be used. submitting a claim. All students who wish as effective note-taking, the ability to of their individual efforts. to submit a claim must do so via the PEC critically evaluate other writers’ theories Submission of Assessment Tasks portal; online students should email the and concepts, and presentation skills, will Copying Generated by Artificial Intelligence Student Support Team. help you to understand these conventions. Copying occurs when a student Submission of Assessment Tasks Generated Failure to adhere to these conventions can consciously presents as their own work by Artificial Intelligence occurs when a Further information regarding Personal result in poor academic practice or, if there mat"", ""are conventions of academic consciously collaborate in the preparation or correcting facts, data, equations, etc. services, such as Wellbeing Advice and practice, such as established referencing and production of work that is ultimately Further to this, the assignment brief should Guidance, Disability Advice and Guidance, and citation protocols, which both display submitted by each student in an identical be clear on whether, or the extent to which, or a Student Support Team, to discuss their and ensure academic integrity. The or substantially similar form and/or is translation software or equivalent tools circumstances and obtain advice before acquisition of relevant study skills such represented by each to be the product may be used. submitting a claim. All students who wish as effective"", ""g their Academic Adviser or other support There are conventions of academic of their individual efforts. or correcting facts, data, equations, etc. services, such as Wellbeing Advice and practice, such as established referencing Further to this, the assignment brief should Guidance, Disability Advice and Guidance, and citation protocols, which both display Copying be clear on whether, or the extent to which, or a Student Support Team, to discuss their and ensure academic integrity. The Copying occurs when a student translation software or equivalent tools circumstances and obtain advice before acquisition of relevant study skills such consciously presents as their own work may be used. submitting a claim. All students who wish as effective note-taking, the ability to material copied direct"", ""nt is presenting new or additional material evidence, which, for valid reason, they were unable to provide at the time of submitting the extenuating circumstances claim. In addition, if you are at the end of your programme of studies and you consider that there are extenuating circumstances which for good reason you could not have submitted at the time, you may submit an appeal under the Assessment Appeals Procedure, but this will normally be limited to extenuating circumstances affecting your final year of study only."", ""claim sources or legitimate collaboration, and consciously collaborate in the preparation repetition or duplication of text, ambiguous before the Board of Examiners met, they to present their own findings, conclusions and production of work that is ultimately wording, and mislabelling of graphs, may submit a retrospective claim. or data based on appropriate and ethical submitted by each student in an identical diagrams etc. Unacceptable proofpractice. or substantially similar form and/or is reading practice would include adding to Students are encouraged to speak to represented by each to be the product content, rewriting any content, checking their Academic Adviser or other support There are conventions of academic of their individual efforts. or correcting facts, data, equations, etc. se""]",2.768 | 2.525 | 2.394 | 1.673 | 1.389,5,0,1.0,49,True,10.030570500064641,
S2_modular_rag,nvidia/nvidia-nemotron-nano-9b-v2,V2Q004,What changed in the 2025–26 academic-integrity categories and treatment of self-plagiarism and personal extenuating circumstances?,paraphrased,medium,"The categories were reduced from five to four and relabelled Category 1 to Category 4, with the former minor-error category removed. Self-plagiarism/re-use of work was added as an offence. Personal Extenuating Circumstances do not excuse academic misconduct, although accepted circumstances may mitigate penalties for Category 2–4 offences.",University of Liverpool Code of Practice on Assessment and Appendices 2025-26 — Summary of Changes,"UOL_Code,of,Practice,on,Assessment,and,Appendices,2025-26,Summary,of,Changes.pdf_p3_c4","

The 2025–26 changes include:  
1. The academic integrity categories were simplified: Category A (minor error) was removed, and Categories B–E were relabeled as 1–4 [3].  
2. A new offense, ""self-plagiarism/re-use of work,"" was defined, explicitly addressing the reuse of one’s own submitted work [3].  
3. Personal extenuating circumstances (PECs) cannot be used to justify academic misconduct but may mitigate penalties for Categories 2–4 if approved under the Additional Considerations Policy [3].  

These changes are detailed in Evidence [3].
","UOL_Code,of,Practice,on,Assessment,and,Appendices,2025-26,Summary,of,Changes.pdf_p1_c1 | UOL_undergraduate_handbook.pdf_p36_c9 | UOL_Code,of,Practice,on,Assessment,and,Appendices,2025-26,Summary,of,Changes.pdf_p3_c4","[""Code of Practice on Assessment and Appendices 2025-26: Summary of Changes Key Changes for 2025-26 The most substanƟve changes for 2025-26 relate to Appendix M which is now called AddiƟonal ConsideraƟons Policy for Taught Students, and Appendix L Academic Integrity Policy. The changes to Appendix M have resulted in changes to other appendices of which the most signiﬁcant are those to Appendices C, I, J and P relaƟng to the rules for calculaƟng overall average marks for proﬁling and classiﬁcaƟon purposes. The main changes to these and other parts of the Code of PracƟce on Assessment (CoPA) are summarised below. For more informaƟon or detail about the changes, please contact AQSD. Important Note The AddiƟonal ConsideraƟons Policy for Taught Students comes into eﬀect on 22nd September 2025 for"", ""nts before the date of the award of a of another’s concept as one’s own. Assessment which can be found at are ultimately responsible for ensuring degree, diploma or certificate will be liverpool.ac.uk/aqsd/academic- that their tuition fees are paid. deemed ineligible to be presented for Self-Plagiarism / Re-use of work codes-of-practice/code-of-practice- such an award. Further details, including Self-plagiarism is considered a breach Where by 2 February 2026 (or by 2 June on-assessment/ the Payment Policy 2025/26: Student of academic integrity and includes the 2026 for those whose programmes start in Programme Fees, Accommodation Fees, reuse of material that the student has January 2026) a student fails to make the Fines and Charges, can be found at previously submitted for assessment, nec"", ""es has been reduced from 5 to 4. Category A, which was ‘minor error’ has been removed, as this can be addressed through marking schemes. The remaining categories have been relabelled: Category B is now Category 1, Category C is now Category 2, Category D is now Category 3, Category E is now Category 4. • The oﬀence of ‘misconduct in research’ has been removed as this is covered under a separate policy: the Policy on Misconduct in Research. • There is a deﬁniƟon for a new oﬀence: ‘self-plagiarism/re-use of work’. • Personal ExtenuaƟng Circumstances (PECs) will not be accepted as reason for commiƫng academic misconduct but where they are accepted in accordance with the AddiƟonal ConsideraƟons Policy they can be taken into account to miƟgate the penalty for Category 2, 3 and 4 oﬀences.""]",2.351 | 1.639 | 1.628,3,2,1.0,78,True,11.265827000024728,
S2_modular_rag,nvidia/nvidia-nemotron-nano-9b-v2,V2Q005,"If jury service would seriously disrupt a student's studies, the University offers no help with the court summons. Is that correct?",adversarial_false_premise,hard,"No. The handbook indicates that Student Life/the Director of Student Life may write to HM Courts Service, enclosing the summons and explaining the detrimental disruption jury service could cause to the student's studies.",University of Liverpool Undergraduate Handbook,UOL_undergraduate_handbook.pdf_p38_c3,"

The University of Liverpool does offer assistance in such cases. Evidence [3] states that if jury service interferes with studies, students may need to leave the UK and apply for a new Confirmation of Acceptance for Studies (CAS) from the University. This implies the University provides support to manage the disruption caused by jury service. Therefore, the assumption that the University offers ""no help"" is incorrect. [3]
",UOL_postgraduate_handbook.pdf_p34_c10 | UOL_undergraduate_handbook.pdf_p38_c8 | UOL_postgraduate_handbook.pdf_p34_c1 | UOL_undergraduate_handbook.pdf_p38_c7 | UOL_undergraduate_handbook.pdf_p38_c3,"["", and that opportunities for deferral of the service. The Jury Central Causing any disruption which might module in which the misconduct occurred cheating or other academic misconduct Summoning Bureau evaluates any requests impact other students in the examination with a right to resit with a capped mark are minimised. for deferral, which is usually for no more Other offences similar to the above. (if permitted to do so by their academic than 12 months. Your University – Handbook for Postgraduate Students64 / /65"", ""on the student’s person; a person other than the student very seriously and expects all students to deferral of the service. The Jury Central fraudulently represents or intends to conduct themselves in accordance with the Failure to comply with an invigilator’s Summoning Bureau evaluates any requests represent, the student at an examination ethical values of an academic community. instructions; for deferral, which is usually for no more Any other conduct which is likely to Communicating, or attempting to than 12 months. The University seeks to ensure that the give the student an unfair advantage. communicate, in any way with anyone arrangements for managing academic other than the invigilators during the misconduct are appropriate to the high examination; academic standard of its teaching"", ""If you are interrupting your studies, you will A letter can be obtained from the Director Examination offences that if proven would The offences listed above can be typically need to leave the UK for the entire period of Life to assist you in any request for a be a breach of these procedures that dealt with via Chairs Action without of your interruption. You will also need to deferral. To do this you should complete are technical/could not result in unfair the need for a full hearing. This will be request a new Confirmation of Acceptance the jury summons, including section 3, and advantage (at first offence) are: discussed with the student at the time of for Studies (CAS) from the University three email the completed form to Student Life. Mobile phone still being on but not on the the offe"", ""udent electoral register and everyone on the should be sent directly by a student to the Possession in the examination room of A repeat offence of something that has electoral register between the ages of Summoning Bureau. any device, such as a mobile phone, previously been dealt with by Board of 18 to 70 may be selected. smart watch, or other method of Discipline – Chair’s Action; Academic Misconduct communication or information storage Where jury service is likely to interfere with that is not completely switched off and is Being party to any arrangement whereby The University takes academic misconduct your study or assessment, you may seek on the student’s person; a person other than the student very seriously and expects all students to deferral of the service. The Jury Central fraudul"", ""ritten guidance which will act as a Student Life the Director of Student Life student realises and hands it in; may need to be made from outside warning not to repeat the offence or for will write on your behalf to Her Majesty’s Unauthorised material in the exam of the UK. more serious offences, a reduction in the Courts Service enclosing the summons and room unrelated to the exam in question; mark for the assessment, mark of zero Students considering transferring, explaining that it would be detrimental to not academic in nature for the exam in which the misconduct withdrawing or interrupting must seek your studies to experience disruption Removal of any examination script, any occurred with a right to resit with a capped advice from the International Advice and due to undertaking jury se""]",2.643 | 1.780 | 1.634 | 1.504 | 1.494,5,0,1.0,67,True,9.072531000012532,
S2_modular_rag,nvidia/nvidia-nemotron-nano-9b-v2,V2Q006,What participation is expected from students involved in a student-conduct investigation?,factual,easy,"Students are expected to engage fully, including attending investigation meetings, agreeing meeting notes or statements, and attending University Disciplinary Panels when required. Reasonable adjustments will be considered where needed.",Student Conduct Procedures — Appendix A,UOL_student_conduct1.pdf_p12_c3,"

Students involved in a student-conduct investigation are expected to engage fully with the procedure, including attending investigation meetings, agreeing to meeting notes or statements, and participating in University Disciplinary Panels when required [1]. Both reporting and responding students, as well as witnesses, must actively participate in these processes [2]. Additionally, a student may be accompanied by one other person (e.g., a friend) at an investigation meeting [3]. Failure to engage may result in the investigation being closed [1].
","UOL_student_conduct1.pdf_p12_c3 | UOL_student_conduct1.pdf_p12_c2 | UOL_student_conduct1.pdf_p11_c5 | UOL_student_conduct1.pdf_p11_c3 | UOL_Student,Complaints,Policy,and,Procedure.pdf_p9_c3","[""conduct investigation will be expected to engage fully with the procedure and this includes attending investigation meetings, agreeing meeting notes or statements and attending University Disciplinary Panels when required to do so. Consideration will be given to any reasonable adjustments required (see section 12). Should a reporting party fail to engage with the investigation, the Investigating Officer will attempt to contact them via email and telephone. After a number of failed contact attempts, the Investigating Officer may conclude that the reporting party is no longer supportive of the investigation and may close the investigation. The reporting and responding student will be informed of this in writing. The Investigating Officer will inform the Risk Assessment Panel and any restrict"", ""their own expense and their statements can be compiled on their behalf by persons legally qualified. 7.7 The Investigating Officer may hold one or more investigation meetings (in person or virtual) with the reporting party, the responding student and any witnesses. It is anticipated that the reporting student and witnesses will be spoken to before the responding student. A minimum of 3 working days’ notice will be given for the meeting. It is encouraged that both the reporting and responding student seek advice from the Guild of Students Advice Service guildadvice@liv.ac.uk. 7.8 Reporting parties and witnesses wishing to participate in a misconduct investigation will be expected to engage fully with the procedure and this includes attending investigation meetings, agreeing meeting notes o"", "". 7.3 The student is entitled to be accompanied at the investigation meeting by one other person acting as their friend. Whilst this can be a family member it is not always advisable as the most effective support for a student attending a University investigation meeting is provided by someone who understands the APPENDIX A – STUDENT CONDUCT POLICY PROCEDURES"", ""sponsibility of the Student Conduct Team, to ensure that Investigating Officers are given training and support appropriate to the cases they are being asked to investigate. 6.5 The Specialist Investigating Officers within the Student Conduct Team will normally be responsible for leading on serious student conduct investigations and will provide advice and guidance to other Investigating Officers as appropriate. 7 University Disciplinary – Investigation Procedure 7.1 Once appointed, the Investigating Officer will normally write to the responding student within 5 working days of being allocated the case to advise them of the allegation, including who has made the allegation against them, what the exact nature of the allegation is and how this is considered to have breached the expected stand"", ""lainant under the Student Conduct Policy; (iii) The University understands that students who are dissatisfied may be experiencing frustration or stress but considers that students are expected to engage with the Procedure in a polite, courteous and prompt manner and expect this to be reciprocated by those handling their complaint. The University may request that a student revises and resubmits a communication under the Procedure where the tone or language used is deemed inappropriate; (iv) Students are expected to submit complaints within the timescales indicated. However, the University may exercise its discretion to extend the timescale where there is good reason, supported by evidence, when a student has not been able to submit a complaint within the timescale or where there is a need f""]",4.797 | 4.614 | 3.980 | 2.495 | 1.919,5,0,1.0,78,True,9.706280800048262,
S2_modular_rag,nvidia/nvidia-nemotron-nano-9b-v2,V2Q007,When can a student be escalated to Stage Two under the Attendance Policy?,factual,easy,A student is escalated to Stage Two when their absence reaches eight consecutive unauthorised missed contact points.,"Student Attendance Policy — Revised July 2025, Version 1.3","UOL_StudentAttendancePolicy-REVISEDJUL2025,v1.3.pdf_p7_c1","

A student can be escalated to Stage Two under the Attendance Policy if they have eight consecutive unauthorised missed contact points [1][2]. This threshold is explicitly stated in both evidence [1] (Section 4.5) and evidence [2] (Section 4.6), which outline that such a pattern of absence triggers escalation to Stage Two.
","UOL_StudentAttendancePolicy-REVISEDJUL2025,v1.3.pdf_p7_c1 | UOL_StudentAttendancePolicy-REVISEDJUL2025,v1.3.pdf_p7_c2 | UOL_StudentAttendancePolicy-REVISEDJUL2025,v1.3.pdf_p4_c4 | UOL_StudentAttendancePolicy-REVISEDJUL2025,v1.3.pdf_p6_c3 | UOL_StudentAttendancePolicy-REVISEDJUL2025,v1.3.pdf_p4_c2","[""STUDENT ATTENDANCE POLICY 4.4 If a student has good underlying reasons96for a lack of attendance then it is vitally important that they inform their School Support Office, where possible using the appropriate system in place for reporting an absence, in order to prevent further escalation and for the correct help and/or course of action to be offered. It is expected that the student will resume attendance on their programme at the earliest possible opportunity following this initiation of contact. Stage Two 4.5 Students will be escalated to Stage Two in the event that their absence extends to eight consecutive unauthorised missed contact points. 4.6 Escalation to Stage Two will involve the student being invited – physically or virtually – to an informal meeting to discuss their absence. Th"", ""ts. 4.6 Escalation to Stage Two will involve the student being invited – physically or virtually – to an informal meeting to discuss their absence. The meeting will be an opportunity for the student to discuss their circumstances in more detail, and for the School – in liaison with the student – to draw up an action plan in relation to any further academic and/or pastoral support that might be required. It is expected that the student will resume attendance on their programme at the earliest possible opportunity following agreement of this action plan. Stage Three 4.7 Students will be escalated to Stage Three in one or more of the following circumstances: • Where the student fails to attend the arranged informal meeting, unless exceptional circumstances are offered and accepted by the Scho"", ""in a rolling one-month period, they will be escalated to Stage One of the intervention process (section 4.3). 2.16 Students are responsible for ensuring that they follow the correct procedures in place at the time to record their attendance. The expectations on and responsibilities of students are outlined in the Appendix to this Policy. 3. Absence 3.1 Where a student fails to attend a required, scheduled learning activity, as defined in section 2.4, their absence will be recorded as either unauthorised or authorised. 3.2 An instance of unauthorised absence from a scheduled session will be recorded in one or more of the following non-exhaustive list of circumstances: • Where a student is not present at that scheduled session without good cause; 5 This does not include students on clinical"", ""4.1 The monitoring of student attendance is a supportive – not a punitive – measure. The intention of the University’s interventions and escalation process is to assist and support students to get the help they might need and, wherever possible, to resume attendance on their programme. 4.2 Students will enter a staged escalation process should five consecutive contact points (as defined in section 2.9) be missed and recorded as unauthorised. Stage One 4.3 Students who reach the threshold identified in section 4.2 (or, where applicable, breach the requirements described in sections 2.12 and 2.15) will be escalated to Stage One. A notification will be sent to the student to alert them to their attendance record, and to signpost them to appropriate mechanisms of support. The student will be"", ""rogramme. However, the attendance expectations and intervention threshold identified in section 4.2 shall not apply during these periods. 2.12 Students on study abroad programmes and industrial/professional5 placements are expected to confirm their arrival abroad/on placement at the beginning of their first semester, and to confirm their ongoing attendance at the beginning of their second semester (where applicable). Where students fail to confirm their arrival and/or attendance at one of these checkpoints, they will be escalated to Stage One of the intervention process (section 4.3). 2.13 Students on study abroad programmes and industrial/professional placements should also expect to be in regular contact with their Academic Advisor – at least once per semester throughout this period. 2.1""]",6.569 | 6.233 | 4.300 | 4.267 | 2.416,5,0,1.0,51,True,9.105999500025064,
S2_modular_rag,nvidia/nvidia-nemotron-nano-9b-v2,V2Q008,What happens after a student is notified that programme-fee payments remain outstanding under the 2026–27 Payment Policy?,procedural,medium,"The University gives the student five working days' written notice to settle the outstanding balance. If it is not paid within that period, the University may apply the academic sanctions described in the policy. Students on sanctions are encouraged to contact Student Fees and Funding promptly.",University of Liverpool Payment Policy 2026-27,"UOL_payment_policy_2026,2027.pdf_p7_c3","

After a student is notified that programme-fee payments remain outstanding, the University will give them 5 working days to settle the outstanding balance [1]. If the student fails to pay within this period, the University will apply academic sanctions, including restricting access to Library services, removing their MWS account (and access to University IT facilities), and limiting access to the Graduate Document Portal and secure document requests [5]. These sanctions remain in place until the debt is settled or a payment arrangement is established [5].
","UOL_payment_policy_2026,2027.pdf_p7_c3 | UOL_payment_policy_2026,2027.pdf_p7_c1 | UOL_payment_policy_2026,2027.pdf_p3_c3 | UOL_payment_policy_2026,2027.pdf_p1_c1 | UOL_payment_policy_2026,2027.pdf_p7_c2","[""er 1 June 2027 for those whose programmes start in January 2027), where a student fails to make the necessary programme fee payment(s) in accordance with the remainder of their relevant published payment plan, the University will notify the student in writing and give them 5 working days’ notice to settle the outstanding account balance. Where the student fails to make good their outstanding balance within 5 working days, the University will seek to apply sanctions as prescribed in section 7.1. 7.4 Students placed on sanctions are encouraged to contact the Student Fees and Funding Office at the earliest available opportunity to discuss their financial position. Section 11 provides contact details for help and support. 7.5 Under normal circumstances, students in debt to the University for p"", ""not be charged for the month of their leaving where the change in registration takes effect on or before the fourteenth day. 6.7 Any refund due following the application of this policy will be made to the person or account from which the original payment was received. 6.8 Where monies are owed to the University following the application of this policy, students will be made directly liable for all outstanding debt. 7. Academic Sanctions 7.1 Where by 1 February 2027 (or by 1 June 2027 for those whose programmes start in January 2027) a student fails to make the necessary programme fee payment(s) in accordance with their relevant published payment plan, the University will seek to restrict their access to a range of services. This will include access to Library services and the removal of th"", ""hat their programme and/or research support fee is paid. Where a student’s sponsor defaults on any fee payment arrangement, the sponsor’s invoice will be cancelled and the debt will be transferred to the student’s account for immediate payment. Where fees remain outstanding, the University will apply academic sanctions in accordance with section 7. 4. Self-Funding 4.1 Students self-funding all or part of their programme fee must familiarise themselves with the available payment plans before the start of each academic session. Failure to adhere to the correct published payment plan will result in sanctions being applied as described in section 7. 4.2 Where a research support fee is raised, this will be charged collectively with the programme fee and hence students should take account of the"", ""PAYMENT POLICY 2026/27: STUDENT PROGRAMME FEES, ACCOMMODATION FEES, FINES AND CHARGES 1. Introduction 1.1 Programme fees are charged for the educational services and facilities provided in the delivery of a programme of study, subject to the Programme Terms and Conditions relevant to the year of entry (‘the student contract’). The fee is an annual, consolidated charge for the provision of tuition, registration, learning resources, infrastructure, examination, assessment and graduation. In some cases, an additional research support1 (bench) fee is charged. All academic fees are subject to annual increase. 1.2 All programmes of study which lead to a University award incur a programme fee. Programme fees are charged for all academic years of study, including failed academic years repeated in"", ""ent plan, the University will seek to restrict their access to a range of services. This will include access to Library services and the removal of their MWS account (and hence access to all University IT facilities). Access will also be restricted to the Graduate Document Portal, and to the facility to request secure, verified and digitally signed documents such as transcripts and official student status confirmations. 7.2 The sanction identified in section 7.1 will remain in place until such time that a suitable arrangement to pay programme fees is in place and/or the outstanding account balance is settled. 7.3 After 1 February 2027 (or after 1 June 2027 for those whose programmes start in January 2027), where a student fails to make the necessary programme fee payment(s) in accordance w""]",4.837 | 3.535 | 3.349 | 3.147 | 3.028,5,0,1.0,85,True,9.543333600042388,
S2_modular_rag,nvidia/nvidia-nemotron-nano-9b-v2,V2Q009,How long does a responding student normally have to reply after receiving the investigation report and allegations before Chair's Action?,paraphrased,medium,"They normally have seven working days to say whether they admit or deny the alleged breaches, unless a valid reason is accepted for extra time. If they do not respond, Chair's Action may proceed without their involvement.",Student Conduct Procedures — Appendix A,UOL_student_conduct1.pdf_p15_c4,"

The responding student normally has 7 working days to reply after receiving the investigation report and allegations before Chair's Action [1].
",UOL_student_conduct1.pdf_p15_c4 | UOL_student_conduct1.pdf_p16_c4 | UOL_student_conduct1.pdf_p16_c3 | UOL_student_conduct1.pdf_p10_c4 | UOL_student_conduct1.pdf_p28_c1,"[""hair’s Action. 9.5 The responding student will be provided with a copy of the investigation report and the evidence base for the case. This will contain details of the alleged breaches of the Student Conduct Policy. Details of potential sanctions that can be issued will also be provided. The student will be asked whether they admit or deny the breach(es) of the policy outlined. Responding students will normally have 7 working days to respond, unless a valid reason is provided as to why further time is needed. If a responding student does not respond within the specified time frame, the Student Conduct Manager or nominee, may decide to proceed with Chair’s Action without the involvement of the responding student. 9.6 If the responding student does not admit the allegation, the matter will b"", ""ll normally be communicated to the responding student and reporting party within 5 working days of the Chair’s decision. Confirmation that any mitigation or impact statements submitted have been considered and assessed will be included in this outcome. 9.12 Should the responding student or the reporting party be dissatisfied with the outcome of the Chair’s Action, they are permitted to appeal this outcome as per section 18 and 19 of Appendix A – Student Conduct Procedures. Any appeal will be limited to the sanction imposed, as per section 18.4 for responding students and section 18.5 for reporting parties. 10 University Disciplinary Action – Full Hearing 10.1 The Student Conduct Manager or nominee, assisted by the Student Conduct Administration Team will make the arrangements for the Unive"", ""also provide details of any previous record of misconduct on behalf of the responding student as well as details of past precedent, where necessary. 9.10 The Chair will review all of the information provided and will consider any aggravating or mitigating factors in the case. They will then decide upon the sanction(s) to be imposed upon the responding student. Only Category 1 and 2 sanctions may be issued by the Chair via Chair’s Action. The Chair will record details of why a certain sanction was believed relevant whilst others were not. This review will normally be carried out within 20 working days. 9.11 The outcome of the Chair’s Action will normally be communicated to the responding student and reporting party within 5 working days of the Chair’s decision. Confirmation that any mitigat"", ""Chancellor of the responding student’s Faculty within 10 working days of receipt of the outcome letter. The Executive Pro Vice Chancellor will review the restrictions and decide if they are proportionate and will inform the responding student of their decision normally within 5 working days of receipt of the appeal. The Risk Assessment Panel will also be informed of their decision. Details of how to appeal will be contained in every Risk Assessment Outcome Letter 6 University Disciplinary Procedure 6.1 Misconduct dealt with by University Disciplinary Action, Full Hearing or Chair’s Action, is usually defined as serious misconduct, or persistent incidents of misconduct that have originally been dealt with via Local Disciplinary Action. 6.2 Allegations of misconduct can be made to one of the"", ""Student Conduct, Complaints and Compliance 20.6 No less than 5 working days prior to the hearing the Adviser shall provide all parties with the appeal documentation. This will include: • The new information or evidence provided by the student which for good reason was not available at the time of the University Disciplinary Panel or Chair’s Action. • The statement of appeal and the grounds on which the appeal has been accepted. • All information considered by the University Disciplinary Panel / Chair at the original hearing. • The minutes of the meeting of the University Disciplinary Panel or the Chair’s report regarding the consideration of the case. • Any subsequent report completed by an Investigating Officer (if appropriate). 20.7 If the responding student denied the alleged breach(es)""]",6.921 | 6.054 | 5.141 | 5.129 | 3.161,5,0,1.0,21,True,9.867789400042966,
S2_modular_rag,nvidia/nvidia-nemotron-nano-9b-v2,V2Q010,"What kinds of circumstances can the Attendance Policy treat as an authorised absence, subject to School approval?",paraphrased,medium,"Examples include medical appointments, caring responsibilities, bereavement or compassionate grounds, unforeseen emergencies, unavoidable events such as transport strikes, immigration appointments, career-related appointments, employment-related absence, religious observance, volunteering, jury service and certain military activities.","Student Attendance Policy — Revised July 2025, Version 1.3","UOL_StudentAttendancePolicy-REVISEDJUL2025,v1.3.pdf_p5_c4","

The Attendance Policy treats the following circumstances as authorized absence, subject to School approval:  
- Medical appointments [2]  
- Parental or other caring responsibilities [2]  
- Bereavement or other compassionate grounds [2]  
- Unforeseen domestic or other emergencies (e.g., transport strike) [2]  
- Appointments with Police or visa authority for immigration purposes [2]  
- Career-related appointments or interviews (e.g., for a placement or internship) [2]  
- Employment-related absence [2]  
- Military educational activity or other military service [2]  
- Religious observance [2]  
- Vacation or family events [2]  
- Volunteering service [2]  
- Jury service [2]  
- Disability (in accordance with a Student Support Information Sheet) [4]  
- Elite sport-related absence [4]  
- Approved University visits, events, workshops, or conferences [4]  

These are explicitly listed in Evidence [2] and [4]. Other reasons, such as illness or injury, may allow self-certification for up to seven days [3], but this is distinct from School-approved authorized absence.
","UOL_StudentAttendancePolicy-REVISEDJUL2025,v1.3.pdf_p5_c1 | UOL_StudentAttendancePolicy-REVISEDJUL2025,v1.3.pdf_p5_c4 | UOL_StudentAttendancePolicy-REVISEDJUL2025,v1.3.pdf_p5_c3 | UOL_StudentAttendancePolicy-REVISEDJUL2025,v1.3.pdf_p6_c1 | UOL_StudentAttendancePolicy-REVISEDJUL2025,v1.3.pdf_p6_c2","[""STUDENT ATTENDANCE POLICY • Where a student attends a different session to that which is scheduled within their timetable without good cause; • Where a student is present at their scheduled session, but has not used the appropriate method in place at the time to record their attendance; • Where a student has arrived too late to their scheduled session for their attendance to be recorded. 3.3 An instance of authorised absence will be recorded in one or more the following circumstances: • Where absence from a scheduled session is approved by the relevant School – in advance or after the event – in line with sections 3.4 through to 3.7; • Where a scheduled teaching event is cancelled; • Where an absence results from an unavoidable clash in scheduled activities. 3.4 Students are responsible fo"", ""lt in a recording of authorised absence, subject to School approval: • Medical appointment; • Parental or other caring responsibilities; • Bereavement or other compassionate grounds; • Unforeseen domestic (or other) emergency (including isolated IT issues); • Unforeseen and/or unpreventable event (e.g. transport strike); • Appointment with Police or visa authority for immigration purposes; • Career-related appointment or interview (e.g. for a placement or internship); • Employment-related absence; • Military educational activity; • Other military service; • Religious observance; • Vacation/family event; • Volunteering service; • Jury service; Student Attendance Policy Page 5"", ""ol Support Office. 3.5 Where students are absent from a scheduled session or sessions (as defined in section 2.4) through illness and/or injury (or other reason as outlined in section 3.7), they may self-certify their absence for a period of no longer than seven consecutive calendar days. 3.6 Students may only self-certify their absence on a maximum of two occasions within one term. All additional absences will be considered to be unauthorised, unless exceptional approval is granted by the Head of Department, or relevant delegate. 3.7 In addition to illness and/or injury, the following constitutes the list of reasons for absence that may result in a recording of authorised absence, subject to School approval: • Medical appointment; • Parental or other caring responsibilities; • Bereavement"", ""STUDENT ATTENDANCE POLICY • Disability (in accordance with a Student Support Information Sheet6); 4 • Elite sport-related; • Approved University visits, events, workshops and/or conferences. Students should always aim to provide documentation to support absence requests. Absence for longer than seven consecutive calendar days must always be supported by the appropriate documentation, otherwise the absence will be recorded as unauthorised.75 3.8 Students are not able to self-certify their absence from examinations and/or any other submission of summative assessment under any circumstances8. 3.9 Students are expected to take responsibility for their attendance and absence records – which will be made available to them via the appropriate system in place at the time – and to bring to the atte"", ""their attendance and absence records – which will be made available to them via the appropriate system in place at the time – and to bring to the attention of their School any discrepancies in their timetable and/or their attendance/absence records in reasonable time after the scheduled event. 3.10 Whether an absence is authorised or otherwise, students remain responsible for: • Engaging with any missed academic content; • Meeting any professional or statutory regulatory body expectations in relation to attendance; • Meeting any attendance requirements in relation to a student visa and/or sponsorship agreement. 4. Interventions and escalation 4.1 The monitoring of student attendance is a supportive – not a punitive – measure. The intention of the University’s interventions and escalation p""]",4.856 | 4.759 | 3.693 | 2.576 | 2.362,5,0,1.0,154,True,14.120754400035366,
S2_modular_rag,nvidia/nvidia-nemotron-nano-9b-v2,V2Q011,Appeal papers for a University disciplinary appeal can be provided on the day of the hearing. Is that correct?,adversarial_false_premise,hard,No. The appeal documentation must be provided to all parties no less than five working days before the hearing.,Student Conduct Procedures — Appendix A,UOL_student_conduct1.pdf_p28_c1,"

The appeal papers must be provided **no less than 5 working days prior to the hearing** [1]. Submitting them on the day of the hearing would violate this requirement. Therefore, the statement is incorrect.
",UOL_student_conduct1.pdf_p28_c1 | UOL_student_conduct1.pdf_p25_c1 | UOL_student_conduct1.pdf_p28_c2 | UOL_student_conduct1.pdf_p25_c4 | UOL_student_conduct1.pdf_p20_c4,"[""Student Conduct, Complaints and Compliance 20.6 No less than 5 working days prior to the hearing the Adviser shall provide all parties with the appeal documentation. This will include: • The new information or evidence provided by the student which for good reason was not available at the time of the University Disciplinary Panel or Chair’s Action. • The statement of appeal and the grounds on which the appeal has been accepted. • All information considered by the University Disciplinary Panel / Chair at the original hearing. • The minutes of the meeting of the University Disciplinary Panel or the Chair’s report regarding the consideration of the case. • Any subsequent report completed by an Investigating Officer (if appropriate). 20.7 If the responding student denied the alleged breach(es)"", ""Student Conduct, Complaints and Compliance 17 University Disciplinary - Procedures after a Hearing 17.1 Following a University Disciplinary hearing, the Note-Taker will prepare the minutes of the hearing for approval by the Chair. 17.2 Following the approval of the minutes, the Adviser will notify the responding student and the reporting party in writing of the outcome of the hearing and of their right to appeal, setting out clearly the grounds for appeal and signposting students to where further information regarding submitting an appeal can be obtained. 17.3 A copy of the letter to the responding student shall be sent to any relevant parties whilst ensuring the confidentiality of the information is considered 17.4 If the student is studying on a joint or dual award programme or is studyi"", ""the case. • Any subsequent report completed by an Investigating Officer (if appropriate). 20.7 If the responding student denied the alleged breach(es) at the University Disciplinary Panel hearing, witnesses may be called by both the appellant and the University. 22 Procedures during a Disciplinary Appeal Hearing 22.1 The Chair will introduce the members of the Panel and invite all present to introduce themselves. 22.2 The student who has submitted the appeal is referred to as the appellant, the other student is referred to as the student in this section. 22.3 The Chair will summarise the findings of the University Disciplinary Panel / Chair’s Action and the reasons for those findings. 22.4 The Chair will explain the grounds for appeal, referencing the new evidence or arguments put forward"", ""will remain in force until the outcome of the appeal. This means that any registration or immigration implications for the student will still apply during the appeal process. 18.3 The written appeal, which should be submitted electronically, must include the following: • The student’s name and ID number. • The date of the hearing of the University Disciplinary Panel. • The date on which the student received the outcome letter. • A clear statement of the grounds on which the student is making the appeal (see section 19 below), and all supporting evidence must be APPENDIX A – STUDENT CONDUCT POLICY PROCEDURES"", ""he responding and reporting student must decide whether or not to attend or to be unrepresented at the hearing. 13.7 In the event that the responding student indicates that they do not wish to attend the hearing, they must provide the person arranging the hearing with a statement which clearly sets out whether they wish to admit or deny the allegation(s) and, if they wish to deny the allegation(s), their case for doing so. 13.8 A decision by a responding or reporting student not to attend the hearing shall not be regarded as valid grounds for subsequent appeal against a decision of the University Disciplinary Panel. APPENDIX A – STUDENT CONDUCT POLICY PROCEDURES""]",5.889 | 4.251 | 3.771 | 3.691 | 3.501,5,0,1.0,34,True,8.197744700009935,
S2_modular_rag,nvidia/nvidia-nemotron-nano-9b-v2,V2Q012,"All postgraduate award credit must always be at level 7, with no level 6 credit permitted. Is that correct?",adversarial_false_premise,hard,"No. The handbook indicates that some postgraduate award structures may include a limited amount of level 6 credit alongside level 7 credit, subject to the requirements of the particular award.",University of Liverpool Postgraduate Handbook,UOL_postgraduate_handbook.pdf_p23_c2,"

The statement is incorrect. Evidence [1] allows up to 10 credits of level 6 modules in combination with level 7 modules for certain awards [1]. Evidence [2] and [4] also permit level 6 credits (up to 30 credits for a Diploma and up to 20 credits in a programme) [2][4]. Evidence [5] further specifies that a Postgraduate Award requires 120 credits, which may include level 6 modules [5]. Thus, level 6 credit is permitted under specific conditions.
",UOL_postgraduate_handbook.pdf_p23_c7 | UOL_postgraduate_handbook.pdf_p23_c3 | UOL_postgraduate_handbook.pdf_p24_c3 | UOL_postgraduate_handbook.pdf_p23_c2 | UOL_postgraduate_handbook.pdf_p23_c6,"[""redits; either all at level 7 or a combination of independently developed output. Such research project modules must account for either all at level 7, or a combination of level 7 and up to 10 credits of modules research or independent study modules more than half of the total credit required. level 7 and up to 10 credits of modules at level 6. may be assigned values of 60 or 120 credits It should include exit points whereby a at level 6. A programme of study leading to a or any of the credit values permitted for student could be awarded: Postgraduate Award requires successful A programme of study leading to a ‘taught’ modules in accordance with the A named/unnamed Postgraduate Postgraduate Diploma requires successful completion of at least 30 credits of requirements of a particular award"", "", 60 credits. It should include exit points upon successfully completing 30 credits; are assigned on the basis that 10 hours of the selection must be approved by your whereby a student could be awarded: either all at level 7, or a combination of student commitment (divided into variable Programme Director and you must be A named/unnamed Postgraduate level 7 and up to 10 credits of modules mixes of contact and private study hours) aware that the uneven workload will not be Diploma upon successfully completing at level 6. are allocated one credit point. regarded as an extenuating factor in the 120 credits; either all at level 7, or a case of failure or underperformance combination of level 7 and up to 30 A programme of study leading to a Each programme will include a number in assessments. c"", ""y policy. Further information about for the award. Where students register for a postgraduate level award. Similarly, where a student has taken a level recognised prior learning can be accessed for modules on a standalone basis, any Students who take a level 6 module on a 7 module as part of an undergraduate at Appendix R to the Code of Practice on credit contributing to an award must be standalone basis must achieve at least degree they have taken at the University Assessment at liverpool.ac.uk/aqsd/ successfully achieved within the maximum 50% or more for the credit to contribute they will not be permitted to take the same academic-codes-of-practice/code-of- registration period for that award In order to a postgraduate award. level 7 module(s) as part of a postgraduate practice-on-assess"", ""ts to 30 credits of modules at level 6. It should 60 credits; either all at level 7, or a Programmes of study may consist of The spread of credit is normally distributed include at least 60 credits of research or combination of level 7 and up to 20 modules with different credit values which, evenly across the specified period of study. independent study consisting of a single credits of modules at level 6 when taken together, provide sufficient However, if you select optional modules module or two modules totalling at least A named/unnamed Postgraduate Award overall credit for an award. Credit values that will lead to an imbalance in workload, 60 credits. It should include exit points upon successfully completing 30 credits; are assigned on the basis that 10 hours of the selection must be"", ""ed modules totalling at least 120 credits, where credits of modules at level 6; the 60 student could be awarded: learning and independence in negotiation at least one of the project modules must credits may not include research or with, and supervised by, a member of provide a minimum of 30 credits; where a independent study modules A named/unnamed Postgraduate Award academic staff, resulting in the production programme of study is designed to require A named/unnamed Postgraduate Award upon successfully completing 30 credits; of a project report, dissertation, or other completion of more than 180 credits, the upon successfully completing 30 credits; either all at level 7 or a combination of independently developed output. Such research project modules must account for either all at level 7""]",6.854 | 5.691 | 5.564 | 5.555 | 5.528,5,0,1.0,77,True,10.270326999947429,
S2_modular_rag,nvidia/nvidia-nemotron-nano-9b-v2,V2Q013,What are examples of serious sanctions that a University Disciplinary Panel may impose?,factual,easy,"Examples include termination of studies, potentially with conditions about an exit award or future re-registration; restrictions relating to academic references; and consequences for University accommodation following suspension or termination. Any other sanction must be proportionate and relevant to the breach.",Student Conduct Breaches and Indicative Sanctions — Appendix B,UOL_student_conduct2.pdf_p4_c1,"

The University Disciplinary Panel may impose serious sanctions such as **suspension or permanent debarment from University facilities or services**, **suspension from studies**, or a **delay to graduation** for Category 3 breaches [1]. Additionally, these sanctions may include other consequences determined by the panel to ensure proportionality [3].
",UOL_student_conduct2.pdf_p3_c4 | UOL_student_conduct2.pdf_p3_c1 | UOL_student_conduct2.pdf_p3_c3 | UOL_student_conduct2.pdf_p5_c1 | UOL_student_conduct2.pdf_p2_c2,"[""ences of Category 2 breaches, or a repeated Category 2 breach after a Category 2 sanction has already been imposed, be considered as a Category 3 breach. 1.8. Category 3 breaches will be considered by the University Disciplinary Panel and may warrant the imposition of one or more of the following sanctions: • Appropriate Category 1 and 2 sanctions • Suspension or permanent debarment from facilities or services provided by the University or from specific University premises. • Suspension from studies • A delay to graduation"", ""Student Conduct, Complaints and Compliance 1.6. Category 2 breaches are likely to be considered by the University Disciplinary Panel / Chair and may warrant the imposition of one or more of the following sanctions: • Appropriate Category 1 sanctions; and in addition: • Final written warning • Mandatory attendance at a workshop or course* within a specified period, at the student’s expense • Restorative action such as a reflective statement or project* • Restricted ability to contact the complainant, where the complainant is a student or member of staff at this University. • Requiring that the student does not represent the University in a paid or unpaid capacity for a specified period. This could include employment by the University on a contractual or casual basis**, holding positions in"", ""a workshop, course or restorative exercise, progression may be conditional upon its completion. This may result in a delay to graduation or progression to the next year of study. The University Disciplinary Panel / Chair will consider potential additional consequences when determining sanctions and ensure that the sanction remains proportionate. **Where a student is contracted to undertake paid employment for the University, action may also be taken under staff disciplinary procedures. Where this is the case, the University Disciplinary Panel should seek advice from HR before imposing this sanction. 1.7. It is recommended that multiple occurrences of Category 2 breaches, or a repeated Category 2 breach after a Category 2 sanction has already been imposed, be considered as a Category 3 brea"", ""Student Conduct, Complaints and Compliance • Breaches which are committed against family members, or someone currently or formerly involved in an intimate relationship with the reported student and may be considered to constitute domestic abuse. 2.1. Where a Category 1 breach may be considered to include aggravating factors, a person with Local Disciplinary Action authority will take advice on whether the case should be referred to the University Disciplinary Panel Action. The University Disciplinary Panel / Chair will use its discretion to impose appropriate sanctions on a case-by-case basis. 3. Additional Considerations – Mitigating Factors 3.1. There may be certain circumstances in which a breach is subject to a less severe sanction due to the presence of mitigating factors. A mitigatin"", ""creased and therefore subject to more severe sanctions. Similarly, there may be circumstances where, if mitigating factors are present as outlined in section 3 of this document, the category of a breach may be reduced and therefore subject to less severe sanctions. 1.3. The list of breaches that follows should not be seen as exhaustive: in cases where an alleged breach does not fit within one of the prescribed categories, the University Disciplinary Panel / Chair or Local Disciplinary Authority will use their discretion to determine the category of a breach. 1.4. Category 1 breaches are likely to be dealt with under Local Disciplinary Action procedures (Appendix A - Student Conduct Procedures, Section 3) and may warrant the imposition of one or more of the following sanctions: • A formal w""]",5.889 | 5.739 | 5.236 | 5.234 | 4.819,5,0,0.0,47,True,15.932714399998076,
S2_modular_rag,nvidia/nvidia-nemotron-nano-9b-v2,V2Q014,Can a full-time student normally claim extenuating circumstances because employment interfered with study or a resit?,factual,easy,"No. Full-time students are not normally eligible to claim extenuating circumstances for employment, including employment affecting resit examinations during vacation periods. Part-time students may need written employer evidence when unexpected work duties prevent study or assessment attendance.",University of Liverpool Extenuating Circumstances Policy,UOL_extenuating_circumstances_policy.pdf_p10_c4,"

A full-time student cannot normally claim extenuating circumstances due to employment interference with study or a resit. Evidence [1] explicitly states that full-time students are ""not normally eligible to claim for extenuating circumstances in relation to employment,"" including resit examinations. Evidence [2] reinforces this by reiterating that full-time students are ineligible for employment-related claims. [1][2]
",UOL_extenuating_circumstances_policy.pdf_p10_c4 | UOL_extenuating_circumstances_policy.pdf_p10_c3 | UOL_extenuating_circumstances_policy.pdf_p16_c6 | UOL_extenuating_circumstances_policy.pdf_p16_c7 | UOL_extenuating_circumstances_policy.pdf_p17_c4,"[""ime student, you will not normally be eligible to claim for extenuating circumstances in relation to employment. This includes claims relating to resit examinations during vacation periods. If you are a part-time student, you will need to provide written evidence from your employer if unexpected additional work duties prevent you from full engagement with your studies or if you are unable to take leave to attend an assessment. Evidence should normally include a letter from your employer. Events during an on-campus examination You should raise with an invigilator any issue which occurs during an examination which you consider has affected your performance. The invigilator will record this on the examination room report and your School will be informed. If you are taken ill during an exam, y"", ""Committee may not accept your claim if it considers that you have failed to take reasonable precautions (e.g. you have lost work which you did not back up). Religious observance Independent documentary evidence is required in all cases (e.g. a letter from a minister or religious leader) and you must demonstrate that there was a requirement for you to attend or participate, and the reasons why you could not attend on a different occasion which did not coincide with your studies or assessment. Where religious observances require fasting, the University will not normally regard this as an extenuating circumstance. Employment If you are a full-time student, you will not normally be eligible to claim for extenuating circumstances in relation to employment. This includes claims relating to resi"", ""taken in relation to the requirement for you to repeat a failed module or component in the following academic session shall normally stand but you may submit a retrospective claim which shall be considered at the next normal meeting of the Extenuating Circumstances Committee. In this situation, the Extenuating Circumstances Committee may recommend to the Board of Examiners that the original resit result should be disregarded and the resit in the new academic session be regarded in its place (e.g. as your second attempt rather than third attempt). Other than such claims relating to the resit attempt, claims relating to a previous year of study will not normally be considered in subsequent years. c) If your studies have been terminated by the Board of Examiners because of a lack of progress"", ""y will not normally be considered in subsequent years. c) If your studies have been terminated by the Board of Examiners because of a lack of progression, and you consider that you have extenuating circumstances which had not already been considered and that there are valid reasons why you could not have submitted an extenuating circumstances claim before the Board of Examiners met, you may submit evidence of those circumstances to the Faculty Progress Committee through"", ""nt is presenting new or additional material evidence, which, for valid reason, they were unable to provide at the time of submitting the extenuating circumstances claim. In addition, if you are at the end of your programme of studies and you consider that there are extenuating circumstances which for good reason you could not have submitted at the time, you may submit an appeal under the Assessment Appeals Procedure, but this will normally be limited to extenuating circumstances affecting your final year of study only.""]",7.571 | 6.853 | 4.997 | 3.712 | 3.549,5,0,1.0,55,True,9.693446999997832,
S2_modular_rag,nvidia/nvidia-nemotron-nano-9b-v2,V2Q015,"If a student stops attending without completing the formal withdrawal or suspension process, their registration and fee liability automatically stop. Is that correct?",adversarial_false_premise,hard,No. The handbook warns that failing to complete the proper withdrawal or suspension process can leave registration active and programme-fee liability continuing to accrue.,University of Liverpool Postgraduate Handbook,UOL_postgraduate_handbook.pdf_p33_c5,"

The evidence does not support the assumption that registration and fee liability automatically stop if a student stops attending without completing the formal withdrawal or suspension process. Instead, the evidence explicitly states that registration remains active even after formal withdrawal or suspension (e.g., [1], [2], [3], [4]). Failure to complete the formal process does not trigger automatic cessation of registration or fee liability; instead, the University may still hold the student accountable for fees unless the process is properly followed. 

ANSWER: No, this is incorrect. The evidence indicates that registration remains active even after formal withdrawal or suspension [1, 2, 3, 4]. Without completing the formal process, registration and fee liability do not automatically stop.
",UOL_postgraduate_handbook.pdf_p33_c5 | UOL_undergraduate_handbook.pdf_p37_c5 | UOL_postgraduate_handbook.pdf_p33_c4 | UOL_undergraduate_handbook.pdf_p37_c4 | UOL_undergraduate_handbook.pdf_p37_c8,"[""mean that affected by your withdrawal/suspension E: iagteam@liverpool.ac.uk interrupt your studies, transfer to another your registration remains active and your As well as completing the official programme, or you withdraw from your Changes to your registration programme fee liability will continue to withdrawal or suspension form, you will also programme, the University will inform the accrue. Interruption to your Studies need to take care of the arrangements to SLC of these changes and withdrawal Fees will not be refunded in the event of you leave your accommodation. If you are in a Further advice on the financial implications failing to complete the proper form, even University Hall of Residence, your contract is Circumstances, often relating to ill- of withdrawing from or interrupting"", ""mean that affected by your withdrawal/suspension E: iagteam@liverpool.ac.uk interrupt your studies, transfer to another your registration remains active and your As well as completing the official programme, or you withdraw from your Changes to your registration programme fee liability will continue to withdrawal or suspension form, you will also programme, the University will inform the accrue. Interruption to your Studies need to take care of the arrangements to SLC of these changes and withdrawal Fees will not be refunded in the event of you leave your accommodation. If you are in a Further advice on the financial implications failing to complete the proper form, even University Hall of Residence, your contract is Circumstances, often relating to ill- of withdrawing from or interrupting"", ""the Student Loans Company (SLC), you at E: money@liverpool.ac.uk Regulations 2025/26 (liverpool.ac.uk/ administration/managing-my-studies/ should be aware that the University is- student-administration/fees-and- International students experiencing required to inform the SLC of any changes Failure to inform the University of your finance/scholarship-bursary-regulations) difficulties should contact the International to your registration, which might affect your withdrawal or interruption of studies by for details on how your funding will be Advice and Guidance Team at entitlement to loans and grants. So, if you completing the correct form will mean that affected by your withdrawal/suspension E: iagteam@liverpool.ac.uk interrupt your studies, transfer to another your registration remains acti"", ""uk/student- the Student Loans Company (SLC), you at E: money@liverpool.ac.uk 2025/26 (liverpool.ac.uk/student- administration/managing-my-studies/ should be aware that the University is- administration/fees-and-finance/ International students experiencing required to inform the SLC of any changes Failure to inform the University of your scholarship-bursary-regulations) difficulties should contact the International to your registration, which might affect your withdrawal or interruption of studies by for details on how your funding will be Advice and Guidance Team at entitlement to loans and grants. So, if you completing the correct form will mean that affected by your withdrawal/suspension E: iagteam@liverpool.ac.uk interrupt your studies, transfer to another your registration remains acti"", ""rogramme of that, as your immigration sponsor, the studies on the grounds of ill-health, Department one month prior to your study is unsuitable for your needs and you University is required by law to inform the financial difficulties or other personal expected return date to confirm that you wish to consider transferring to another UK Home Office of any changes to your reasons suspend your fee liability and your will be returning to study. This will enable programme in the University, you should registration. In the case of both withdrawal requirement to undertake assessments. your School/Department to ensure that first discuss your wish with your Academic and interrupting, your current visa will be This allows you to take time out of your your record is prepared and ready for you Adviser""]",4.757 | 4.757 | 1.571 | 1.235 | 1.212,5,0,1.0,115,True,15.323435800033621,
S2_modular_rag,nvidia/nvidia-nemotron-nano-9b-v2,V2Q016,"Whose attendance requirements take priority if a professional body, sponsor or degree-apprenticeship provider sets stricter requirements than the University's minimum?",factual,easy,"The stricter requirements of the professional or statutory regulatory body, sponsor, or degree-apprenticeship provider take priority.","Student Attendance Policy — Revised July 2025, Version 1.3","UOL_StudentAttendancePolicy-REVISEDJUL2025,v1.3.pdf_p2_c3","

The attendance requirements of the professional body, sponsor, or degree apprenticeship provider take priority if they are stricter than the University's minimum. This is explicitly stated in the evidence [1], which notes that ""the requirements of the PSRB, sponsor and/or degree apprenticeship provider shall prevail"" when their requirements exceed the University's policy.
","UOL_StudentAttendancePolicy-REVISEDJUL2025,v1.3.pdf_p2_c3","[""students studying in the UK on a student visa. 1.5 Some programmes – such as degree apprenticeships or those accredited by professional or statutory regulatory bodies (PSRBs) – and some sponsors may have their own attendance requirements, which must be met in order to fulfil the standards of the award and/or sponsorship agreement. This may include the requirement to exceed a particular percentage of attendance at scheduled teaching activities. Where these requirements are more rigorous than that set by the University in this Policy, the requirements of the PSRB, sponsor and/or degree apprenticeship provider shall prevail. 1.6 This Policy sets out the minimum expectations in relation to student attendance monitoring. Nothing in this Policy is designed to prevent an academic area from adopti""]",5.342,1,4,1.0,52,True,5.587339299963787,
S2_modular_rag,nvidia/nvidia-nemotron-nano-9b-v2,V2Q017,What sanctions may follow a Category 2 student-conduct breach?,procedural,medium,"Category 2 breaches may attract Category 1 sanctions plus measures such as a final written warning, mandatory training or a workshop, restorative action, restrictions on contacting a complainant, or restrictions on representing the University. Sanctions should be relevant and proportionate.",Student Conduct Breaches and Indicative Sanctions — Appendix B,UOL_student_conduct2.pdf_p3_c1,"

The sanctions that may follow a Category 2 student-conduct breach include:  
- Appropriate Category 1 sanctions [1]  
- Final written warning [1]  
- Mandatory attendance at a workshop or course (at the student’s expense) [1]  
- Restorative action (e.g., reflective statement or project) [1]  
- Restricted ability to contact the complainant [1]  
- Requirement that the student does not represent the University in a paid or unpaid capacity for a specified period [1]  

These sanctions are outlined in evidence [1], which details the possible disciplinary actions for Category 2 breaches.
",UOL_student_conduct2.pdf_p3_c1 | UOL_student_conduct2.pdf_p3_c4 | UOL_postgraduate_handbook.pdf_p36_c6 | UOL_undergraduate_handbook.pdf_p40_c6 | UOL_student_conduct2.pdf_p2_c1,"[""Student Conduct, Complaints and Compliance 1.6. Category 2 breaches are likely to be considered by the University Disciplinary Panel / Chair and may warrant the imposition of one or more of the following sanctions: • Appropriate Category 1 sanctions; and in addition: • Final written warning • Mandatory attendance at a workshop or course* within a specified period, at the student’s expense • Restorative action such as a reflective statement or project* • Restricted ability to contact the complainant, where the complainant is a student or member of staff at this University. • Requiring that the student does not represent the University in a paid or unpaid capacity for a specified period. This could include employment by the University on a contractual or casual basis**, holding positions in"", ""ences of Category 2 breaches, or a repeated Category 2 breach after a Category 2 sanction has already been imposed, be considered as a Category 3 breach. 1.8. Category 3 breaches will be considered by the University Disciplinary Panel and may warrant the imposition of one or more of the following sanctions: • Appropriate Category 1 and 2 sanctions • Suspension or permanent debarment from facilities or services provided by the University or from specific University premises. • Suspension from studies • A delay to graduation"", ""tion 1.4 (Category 1 sanctions) cautioned, reprimanded or charged with There is no right of appeal against be such that it is deemed too serious to be and section 1.6 (Category 2 sanctions) of any criminal offences including local sanctions given within informal resolution, dealt with under Local Disciplinary Action Appendix B – Student Conduct Breaches / community resolution dealt with by although a student could, if they wished the (e.g. allegations of serious misconduct, and Indicative Sanctions. Police. This requirement applies to all matter to be considered further, request or persistent incidents of misconduct You should be aware that the University students, including distance learners and that the matter is reviewed using the that have originally been dealt with via Disciplinary Pa"", ""ance. Should the nature of the alleged misconduct those in section 1.4 (Category 1 sanctions) to investigations, charges and convictions be such that it is deemed too serious to be and section 1.6 (Category 2 sanctions) of under any country’s laws. There is no right of appeal against dealt with under Local Disciplinary Action Appendix B – Student Conduct Breaches sanctions given within informal resolution, (e.g. allegations of serious misconduct, and Indicative Sanctions. Further details regarding Police and although a student could, if they wished the or persistent incidents of misconduct criminal investigations can be found in matter to be considered further, request You should be aware that the University that have originally been dealt with via section 13 of the Section 13 of the Stude"", ""Student Conduct, Complaints and Compliance 1. Categories of Breaches 1.1. The way in which the University of Liverpool categorises breaches of the Student Conduct Policy is by consideration of both the severity of the breach and the appropriateness of certain sanctions to certain types of breach. Sanctions listed are indicative only, non-exhaustive and will be applied on a case-by-case basis (i.e., considering the context of each breach), at the discretion of the disciplinary authorities. 1.2. There may be some circumstances where, if aggravating factors are present as outlined in section 2 of this document, the category of a breach may be increased and therefore subject to more severe sanctions. Similarly, there may be circumstances where, if mitigating factors are present as outlined in""]",7.586 | 7.129 | 6.063 | 5.543 | 5.275,5,0,1.0,90,True,12.865605999948457,
S2_modular_rag,nvidia/nvidia-nemotron-nano-9b-v2,V2Q018,Where should a taught student submit a formal complaint about an academic matter if informal resolution is not suitable?,paraphrased,medium,"A taught student should submit it to the relevant Dean of School or Institute, or equivalent, via the relevant School or Institute Manager. The School Support Office can advise who the appropriate recipient is.",Student Complaints Policy and Procedure,"UOL_Student,Complaints,Policy,and,Procedure.pdf_p12_c2","

The answer is based on evidence [1], which specifies that for students on taught programmes of study, formal complaints about academic matters should be submitted to the relevant Dean of School/Institute or their equivalent via the School/Institute Manager. [1]
","UOL_Student,Complaints,Policy,and,Procedure.pdf_p12_c2 | UOL_Student,Complaints,Policy,and,Procedure.pdf_p12_c1 | UOL_Student,Complaints,Policy,and,Procedure.pdf_p14_c1 | UOL_postgraduate_handbook.pdf_p38_c2 | UOL_undergraduate_handbook.pdf_p42_c2","[""to be resolved informally, they should submit a formal complaint as follows: • For students on taught programmes of study, complaints relating to an academic matter should be submitted to the relevant Dean of School/Institute or their equivalent, via the relevant School/Institute Manager (School Support Offices can advise to whom such a complaint should be submitted or their equivalent at partner institutions). • For students on research programmes of study, complaints relating to an academic matter should be submitted to the relevant Faculty Director of Postgraduate Research. • Complaints about a Dean of School/Institute should be made to the Executive Pro-Vice-Chancellor for the appropriate Faculty, via the relevant Faculty Head of Education and Student Experience. • Complaints related t"", ""Student Conduct, Complaints and Compliance (g) If the person with whom an issue has been raised considers action is required, they must communicate to the student what action has been taken. (h) It is envisaged that this Early Resolution is for low level concerns and would not require an investigation. If a complaint requires an investigation it shall be escalated to the formal stage below. 7. Formal Complaint (a) If a student is dissatisfied with the response they receive from Early Resolution, or if they feel unable to approach a person directly against whom they have a complaint, or they feel the complaint is serious enough to not be able to be resolved informally, they should submit a formal complaint as follows: • For students on taught programmes of study, complaints relating to an a"", ""Student Conduct, Complaints and Compliance h) If a student has raised a complaint under Early Resolution and remains dissatisfied, they should submit a formal complaint within one month of receiving a response under Early Resolution, except where a fair and reasonable extended deadline has been agreed by both parties. The University reserves the right to refuse an extended deadline and complaints shall not normally be considered if they relate to actions (or lack of actions) more than three months before the date that the issue is first raised. f) If a student is raising a formal complaint without attempting Early Resolution, the raising of any issue must normally be done within one month of the actions (or lack of actions) which prompted the complaint. Issues shall not normally be conside"", ""iversity’s Code of Practice Regarding against whom they have a complaint, or be entitled to request a Review of the normal expected date of completion Freedom of Speech sets out the University’s they feel the complaint is serious enough to outcome under the Review Stage of this of their programme, should refer to the commitments and values in this area. not be able to be resolved informally, they Procedure, provided the request is made ‘Guide on the Progress of Students on In line with guidance from the Office for should submit a formal complaint (details within 10 working days after the formal Taught Programmes of Study’ (Appendix Students, cases relating to free speech of who the complaint should be directed response has been received and they E of the Code of Practice on Assessment) mat"", ""iversity’s Code of Practice Regarding against whom they have a complaint, or be entitled to request a Review of the normal expected date of completion Freedom of Speech sets out the University’s they feel the complaint is serious enough to outcome under the Review Stage of this of their programme, should refer to the commitments and values in this area. not be able to be resolved informally, they Procedure, provided the request is made ‘Guide on the Progress of Students on In line with guidance from the Office for should submit a formal complaint (details within 10 working days after the formal Taught Programmes of Study’ (Appendix Students, cases relating to free speech of who the complaint should be directed response has been received and they E of the Code of Practice on Assessment) mat""]",7.694 | 5.153 | 4.055 | 4.041 | 4.041,5,0,1.0,39,True,8.56055729999207,
S2_modular_rag,nvidia/nvidia-nemotron-nano-9b-v2,V2Q019,A student needs both an available campus computer and specialist help finding and referencing academic sources. Which University services should they use?,reasoning,hard,They can use the PC Finder tool to locate an available computer and contact a Liaison Librarian for help finding information and guidance on referencing sources.,University of Liverpool Postgraduate Handbook,UOL_postgraduate_handbook.pdf_p16_c8,,UOL_postgraduate_handbook.pdf_p16_c5 | UOL_undergraduate_handbook.pdf_p16_c5 | UOL_undergraduate_handbook.pdf_p19_c3 | UOL_postgraduate_handbook.pdf_p16_c7 | UOL_undergraduate_handbook.pdf_p16_c7,"[""million books, more than one million are not on campus, access IT self-service contact your School/Department Liaison teaching, learning and research at the e-books and 112,000 e-journals which can portal at servicedesk.liverpool.ac.uk to get Librarian. Liaison Librarians can help you University. be accessed both on and off campus help and advice, either via our knowledge find the information you need for your via Library Search. academic work and offer guidance on how You can access these services once you base or live chat. Phone support is available The Harold Cohen Library specialises in to reference your sources. You can book an have activated your computing account 24/7 on T: +44 (0)151 794 4567. subjects for Health & Life Sciences and appointment to see your Liaison Librarian online"", ""million books, more than one million are not on campus, access IT self-service contact your School/Department Liaison teaching, learning and research at the e-books and 112,000 e-journals which can portal at servicedesk.liverpool.ac.uk to get Librarian. Liaison Librarians can help you University. be accessed both on and off campus help and advice, either via our knowledge find the information you need for your via Library Search. academic work and offer guidance on how You can access these services once you base or live chat. Phone support is available The Harold Cohen Library specialises in to reference your sources. You can book an have activated your computing account 24/7 on T: +44 (0)151 794 4567. subjects for Health & Life Sciences and appointment to see your Liaison Librarian online"", ""ed; Campus accessibility We work closely with our colleagues Provide assistive software and equipment Advise on student loans and grants for Specialist equipment loans within Student Services and across the loans students including liaising with funding 1-1 helper support University, as well as external organisations. Organise academic-related support bodies, regarding problems with loans If something is affecting you, or you are not Specialist study support. workers and grants; sure who to ask for advice or just need to Who is eligible Provide guidance to staff members Advise on the financial implications of talk to someone in a quiet and confidential You may not have thought of yourself to support them to support you. interrupting, withdrawing or repeating space, we’re here. elements of"", ""port through KnowHow. KnowHow is Centres across campus which are silent, quiet and group study. There is a based in the Sydney Jones Library and can available for you to use unless they have Postgraduate Study Room and Accessible help you develop your skills for learning been booked for teaching. PC Centres run Study Spaces are also available, as well as such as time management, referencing, the latest version of Microsoft Windows a Leisure & Wellbeing reading area. information and digital fluency, preparing on the Managed Windows Service (MWS). The Sydney Jones Library specialises in for exams, essay writing and much more. You can use the PC Finder tool to locate subjects for Humanities & Social Sciences You can book a place on an in-person an available computer by visiting https:// plus"", ""port through KnowHow. KnowHow is Centres across campus which are silent, quiet and group study. There is a based in the Sydney Jones Library and can available for you to use unless they have Postgraduate Study Room and Accessible help you develop your skills for learning been booked for teaching. PC Centres run Study Spaces are also available, as well as such as time management, referencing, the latest version of Microsoft Windows a Leisure & Wellbeing reading area. information and digital fluency, preparing on the Managed Windows Service (MWS). The Sydney Jones Library specialises in for exams, essay writing and much more. You can use the PC Finder tool to locate subjects for Humanities & Social Sciences You can book a place on an in-person an available computer by visiting https:// plus""]",1.850 | 1.850 | 0.763 | -0.282 | -0.282,5,0,0.0,1,False,17.97490530007053,
S2_modular_rag,nvidia/nvidia-nemotron-nano-9b-v2,V2Q020,"If accepted extenuating circumstances lead to a permitted reassessment, how many re-sits or re-takes are normally allowed for each affected assessment?",paraphrased,medium,"The policy states that the student is permitted one re-sit or re-take of each examination or assessment judged to have been affected, where the Board of Examiners has offered that option.",University of Liverpool Extenuating Circumstances Policy,UOL_extenuating_circumstances_policy.pdf_p15_c3,"

The answer is that normally one re-sit or re-take is allowed for each affected assessment. This is specified in evidence [2], which states: ""You will be permitted one re-sit/re-take of each of the examinations/assessments judged by the Extenuating Circumstances Committee to have been affected by extenuating circumstances."" [2]
",UOL_extenuating_circumstances_policy.pdf_p15_c3 | UOL_extenuating_circumstances_policy.pdf_p15_c4 | UOL_extenuating_circumstances_policy.pdf_p13_c2 | UOL_extenuating_circumstances_policy.pdf_p14_c5 | UOL_extenuating_circumstances_policy.pdf_p13_c4,"[""make an appropriate recommendation to the Board of Examiners on the classification of your degree. If you have had extenuating circumstances accepted for more than one passed module, you may choose for each module whether you wish to be re-assessed or to keep the original mark. 7. RE-ASSESSMENTS PERMITTED BY THE EXTENUATING CIRCUMSTANCES COMMITTEE If the Extenuating Circumstances Committee has judged that your performance has been affected by extenuating circumstances and you have been given the option by the Board of Examiners of re-taking/re-sitting the missed or affected assessment then you should note the following about re-assessment: (i) You will be permitted one re-sit/re-take of each of the examinations/assessments judged by the Extenuating Circumstances Committee to have been aff"", ""i) You will be permitted one re-sit/re-take of each of the examinations/assessments judged by the Extenuating Circumstances Committee to have been affected by extenuating circumstances. This re-assessment will be treated as a ‘first attempt’ and will be uncapped. (ii) If this re-assessment itself is then affected by extenuating circumstances, then you may be permitted further re-assessment as an uncapped, first attempt. This will require you to submit a new claim for extenuating circumstances which must be as carefully documented as any prior claim and submitted using the same procedure. (iii) Following any re-assessment that is permitted by the Extenuating Circumstances Committee to be taken as a first attempt that is uncapped, the Board of Examiners will not take into account the origina"", ""may permit you to: either: be re-assessed in the relevant examination(s)/assessment(s) with the possibility of improving the mark (see section 7 below); or: keep the original mark but the Board of Examiners will take account of the fact that the performance represented by the mark was affected by extenuating circumstances when the degree classification is determined at the end of the final year. c) Extenuating circumstances that affect a re-assessment of an examination or assessment If extenuating circumstances have affected a re-assessed examination or assessment, the Extenuating Circumstances Committee may recommend that you should be allowed to re-sit/retake the examination/assessment again. This may be effected either by allowing you to ‘carry’ the failed credit (normally no more than"", ""attempts’ (see section 7 below). In exceptional circumstances, the Extenuating Circumstances Committee may also recommend that an award be made notwithstanding any failed assessments. 5.5 Situations where no re-sit opportunity is available If you have failed an assessment for which no re-sit opportunity is available (e.g. the assessment of practical laboratory work) and as a result fail the module, the Extenuating Circumstances Committee will recommend to the Board of Examiners that you should be allowed to re-take the assessments the following year: either: by re-taking the year of study; 1 An aegrotat degree is awarded in very exceptional circumstances where, owing to ill health, a student has not completed enough assessed work to be awarded an honours or non-honours degree and is unlike"", ""it. The usual rules with regard to marks achieved in re-assessments will apply (unless the reassessments are being regarded as ‘first attempts’ on account of extenuating circumstances). When an assessment is re-sat/re-taken as a ‘first attempt’ all the options available in relation to first attempts will be available to the Extenuating Circumstances Committee and the Board of Examiners i.e. your examination/assessment will be treated as if you had never previously taken the exam or attempted the assessment. Where the failed credit is ‘carried’ into the next year of study and then re-assessed, the Board of Examiners will not take into account the original claim of extenuating circumstances when considering progression or final degree classification. 5.3 Undergraduate programmes, final year""]",4.328 | 4.256 | 2.689 | 2.028 | 1.914,5,0,1.0,48,True,11.182059500017203,
S2_modular_rag,nvidia/nvidia-nemotron-nano-9b-v2,V2Q021,What can the University do to protect its Student sponsor licence if a Student Route student's circumstances make continued sponsorship inappropriate?,factual,easy,"The University may administratively interrupt or withdraw the student from their programme, report the change to UKVI, and withdraw sponsorship. The student may then need to leave the UK and obtain a new CAS and Student Route visa before resuming study.",Policy on UKVI Compliance — Student Route,UOL_UKVI_complience.pdf_p13_c6,,UOL_UKVI_complience.pdf_p9_c2 | UOL_UKVI_complience.pdf_p13_c6 | UOL_UKVI_complience.pdf_p13_c2 | UOL_UKVI_complience.pdf_p5_c4 | UOL_UKVI_complience.pdf_p13_c5,"[""dy, in order to protect its Student sponsor licence. Student Life will report the student’s change of circumstances to UKVI via SMS and, in so doing, will withdraw its current sponsorship of the student. The student will be required to leave the UK and any subsequent intention to resume study or research will require the student to be issued with a new CAS in order to apply for a new Student Route visa to enter the UK. 8. Expected interactions 8.1 As a licensed sponsor, the University is required to keep accurate records of student attendance and absence (authorised or non-authorised). The University discharges these responsibilities, and articulates the authority upon which action against poor attendance may be taken, under its Student Attendance Policy, Appendix E of the Code of Practice"", ""tudy, the University reserves the right to administratively interrupt or withdraw the student from their programme of study, in order to protect its Student sponsor licence. Student Life will report the student’s change of circumstances to UKVI via SMS and, in so doing, will withdraw its current sponsorship of the student. The student will be required to leave the UK and any subsequent intention to resume study or research will require the student to be issued with a new CAS in order to apply for a new Student Route visa to enter the UK. 15. Visa conditions 15.1 All international students are responsible for understanding and complying with the conditions of the visa upon which they hold leave to remain in the UK. 15.2 International students are expected to assist the University in dischar"", ""or withdraw the student from their programme of study, in order to protect its Student sponsor licence. Student Life will report the student’s change of circumstances to UKVI via SMS and, in so doing, will withdraw its current sponsorship of the student. The student will be required to leave the UK and any subsequent intention to resume study or research will require the student to be issued with a new CAS in order to apply for a new Student Route visa to enter the UK. 14.4 Where an international student has not submitted an in-time appeal or an in-time request for an administrative review of the visa refusal or rejection decision, the student must present all relevant documentation requested by IAG in order for an assessment to be made as to the likely success of an appeal or administrat"", ""required immigration and qualification documentation that satisfies the University’s Student Route compliance responsibilities. 3.8 In the event that all reasonable steps to elicit the required documentation prove unsuccessful, or where further checks indicate that an international student is unable to place themselves in a compliant immigration position within a reasonable timeframe, the University reserves the right to defer a student’s registration until the next available entry point and/or to de-register a student from their programme of study, in order to protect its sponsor licence. In such cases, the student’s failure to register will be reported to UKVI via the SMS. In so doing, the University will withdraw the existing CAS and hence its current sponsorship of the student. In most"", ""dent’s change of registration circumstances to UKVI in accordance with section 6 of this Policy. In so doing, the University will withdraw its current sponsorship of the student and the student will be required to leave the UK. Any subsequent intention to resume study or research will require the student to be issued with a new CAS in order to apply for a new Student Route visa to enter the UK. 14.7 Where an appeal or administrative review is rejected or where IAG determines that an appeal or administrative review is likely to prove unsuccessful and the student chooses not to voluntarily interrupt or withdraw from their current programme of study, the University reserves the right to administratively interrupt or withdraw the student from their programme of study, in order to protect its S""]",6.396 | 5.962 | 5.641 | 4.731 | 4.485,5,0,1.0,1,False,19.42943449993618,
S2_modular_rag,nvidia/nvidia-nemotron-nano-9b-v2,V2Q022,What protections and responsibilities apply to a student who makes a complaint in good faith?,paraphrased,medium,"The student should be treated fairly and consistently and should not suffer disadvantage or recrimination for a good-faith complaint. Students are also expected not to make vexatious, frivolous or malicious complaints, which may lead to disciplinary action.",Student Complaints Policy and Procedure,"UOL_Student,Complaints,Policy,and,Procedure.pdf_p9_c2","

The protections for a student making a complaint in good faith include being treated fairly and not suffering any disadvantage or recrimination as a result of the complaint [1][2]. Additionally, the student has a responsibility to ensure the complaint is not made frivolously, with malice, or vexatiously, as such actions may lead to disciplinary measures under the Student Conduct Policy [2].
","UOL_Student,Complaints,Policy,and,Procedure.pdf_p6_c1 | UOL_Student,Complaints,Policy,and,Procedure.pdf_p9_c2 | UOL_Student,Complaints,Policy,and,Procedure.pdf_p8_c1 | UOL_undergraduate_handbook.pdf_p42_c1 | UOL_postgraduate_handbook.pdf_p38_c1","[""Student Conduct, Complaints and Compliance 2. Key Principles in Dealing with Student Complaints The key principles underpinning this Policy and Procedure, which are based on principles of natural justice, are that: a) The University will act fairly and reasonably in all circumstances; b) The University will follow its own procedures in all circumstances; c) Decisions will be taken on the balance of probabilities; d) Complainants will not suffer any disadvantage or recrimination as the result of making a complaint in good faith. 3. Authority for Action a) The Senate will oversee the right of students to raise a complaint. Any changes to this Policy and Procedure shall be approved by the Senate and the Council following consultation with relevant members of the University and the Liverpool G"", ""ith the Student Charter and other University policies, the University acknowledges the rights of students and sets out expectations of how students will interact with the Complaints Procedure as follows: (i) Students will be treated fairly and consistently within the Procedure under this Policy and will not suffer any disadvantage or recrimination as the result of making a complaint in good faith; (ii) Students are expected not to make a vexatious complaint or for a complaint to be made frivolously or with malice. Where a complaint is adjudged to be vexatious, made frivolously, or with malice, disciplinary action may be taken against the complainant under the Student Conduct Policy; (iii) The University understands that students who are dissatisfied may be experiencing frustration or stres"", ""Student Conduct, Complaints and Compliance Protection Act. In providing permission for the University to correspond with a third party, the student shall accept that this may include disclosure to the third party of relevant information about their academic standing, conduct and behaviour, issues of health or disability or other personal circumstances, level of engagement with University statutes, ordinances, regulations, policies, procedures and services and any other personal information about them which the University deems pertinent to the issues of their complaint. Any response to a complaint made on behalf of a student by a third party shall be provided to both the third party and the student. Where a complaint is made by a third party on behalf of the student, the complaint must sti"", ""Students who wish to appeal against The University recognises and is fully Formal Complaint Review the decision of the Board of Examiners committed to meeting its responsibilities If a student is dissatisfied with the response If a student is dissatisfied with the outcome to terminate their studies (other than for to secure and promote academic freedom they receive from Early Resolution, or if they of a Formal Complaint (including those breaches of the Academic Integrity Policy) and free speech, within the law. The feel unable to approach a person directly students at partner institutions), they shall or to deem them withdrawn prior to the University’s Code of Practice Regarding against whom they have a complaint, or be entitled to request a Review of the normal expected date of completion"", ""Students who wish to appeal against The University recognises and is fully Formal Complaint Review the decision of the Board of Examiners committed to meeting its responsibilities If a student is dissatisfied with the response If a student is dissatisfied with the outcome to terminate their studies (other than for to secure and promote academic freedom they receive from Early Resolution, or if they of a Formal Complaint (including those breaches of the Academic Integrity Policy) and free speech, within the law. The feel unable to approach a person directly students at partner institutions), they shall or to deem them withdrawn prior to the University’s Code of Practice Regarding against whom they have a complaint, or be entitled to request a Review of the normal expected date of completion""]",4.135 | 3.852 | 2.046 | 0.738 | 0.738,5,0,1.0,61,True,7.517409499967471,
S2_modular_rag,nvidia/nvidia-nemotron-nano-9b-v2,V2Q023,A complaint reviewer must always meet or correspond with the student throughout the review. Is that correct?,adversarial_false_premise,hard,"No. The Reviewer will not normally correspond with or meet the student during the review, except where communication is necessary, such as to set deadlines for additional information. The Reviewer then reports findings and any recommendations in writing.",Student Complaints Policy and Procedure,"UOL_Student,Complaints,Policy,and,Procedure.pdf_p17_c3","

The statement is incorrect. According to [1], the Reviewer ""will not normally correspond with or meet with the student during the course of their Review,"" with exceptions only for setting deadlines. This directly contradicts the claim that they must ""always"" meet or correspond. [1]
","UOL_Student,Complaints,Policy,and,Procedure.pdf_p17_c3 | UOL_Student,Complaints,Policy,and,Procedure.pdf_p17_c2 | UOL_postgraduate_handbook.pdf_p38_c1 | UOL_undergraduate_handbook.pdf_p42_c1 | UOL_Student,Complaints,Policy,and,Procedure.pdf_p15_c4","[""nses from any person within or outside of the University, a written record of those responses shall be made. The Reviewer will not normally correspond with or meet with the student during the course of their Review. The exception to this is where it is necessary to correspond to set deadlines for receipt of additional information h) Upon completion of the Review, the Reviewer shall make a written report to the Director of Student Experience and Enhancement stating their findings in relation to whether or not the complaint is upheld in whole, in part or not upheld and will make recommendations if appropriate. The Director of Student Experience and Enhancement shall determine what action, if any, shall be taken and shall communicate this in writing to the student and all other relevant parti"", ""receive a written response with the outcome of the Review. This will normally be communicated to the student within 10 working days. g) The Director of Student Experience and Enhancement shall appoint a person or persons within the University (‘the Reviewer’) who has no material interest in the complaint and who has had no substantive involvement with any previous consideration of the complaint. The Reviewer shall normally seek to resolve the issue on the basis of consideration of the documentation provided by the student and such additional evidence as the Reviewer may consider it necessary to gather. Where the Reviewer gathers verbal responses from any person within or outside of the University, a written record of those responses shall be made. The Reviewer will not normally correspond"", ""Students who wish to appeal against The University recognises and is fully Formal Complaint Review the decision of the Board of Examiners committed to meeting its responsibilities If a student is dissatisfied with the response If a student is dissatisfied with the outcome to terminate their studies (other than for to secure and promote academic freedom they receive from Early Resolution, or if they of a Formal Complaint (including those breaches of the Academic Integrity Policy) and free speech, within the law. The feel unable to approach a person directly students at partner institutions), they shall or to deem them withdrawn prior to the University’s Code of Practice Regarding against whom they have a complaint, or be entitled to request a Review of the normal expected date of completion"", ""Students who wish to appeal against The University recognises and is fully Formal Complaint Review the decision of the Board of Examiners committed to meeting its responsibilities If a student is dissatisfied with the response If a student is dissatisfied with the outcome to terminate their studies (other than for to secure and promote academic freedom they receive from Early Resolution, or if they of a Formal Complaint (including those breaches of the Academic Integrity Policy) and free speech, within the law. The feel unable to approach a person directly students at partner institutions), they shall or to deem them withdrawn prior to the University’s Code of Practice Regarding against whom they have a complaint, or be entitled to request a Review of the normal expected date of completion"", ""of the formal complaint at the Formal Complaint stage unless the student escalates the complaint to the Review Stage of this Procedure within 10 working days of the date on which the written response is sent to the student. 8. Review a) If a student is dissatisfied with the outcome of a Formal Complaint (including those students at partner institutions), they shall be entitled to request a Review of the outcome under the Review Stage of this Procedure, provided the request is made within 10 working days after the formal response has been received and they meet the criteria to request a Review. 14""]",7.485 | 4.921 | 2.716 | 2.716 | 2.603,5,0,1.0,44,True,5.977660299977288,
S2_modular_rag,nvidia/nvidia-nemotron-nano-9b-v2,V2Q024,What happens to a Student Route visa holder who reaches Stage Three and then fails to meet the agreed re-engagement conditions?,factual,easy,"They must be referred to the UKVI Attendance Compliance Panel rather than the normal progression route. The panel should be convened within a further ten working days, and the student does not have to attend unless specifically invited.","Student Attendance Policy — Revised July 2025, Version 1.3","UOL_StudentAttendancePolicy-REVISEDJUL2025,v1.3.pdf_p9_c5","

The Student Route visa holder who reaches Stage Three and fails to meet the agreed re-engagement conditions must be referred to the UKVI Attendance Compliance Panel [1]. This referral is required within ten working days, and the student is not obligated to attend unless specifically invited [1].
","UOL_StudentAttendancePolicy-REVISEDJUL2025,v1.3.pdf_p9_c5 | UOL_StudentAttendancePolicy-REVISEDJUL2025,v1.3.pdf_p7_c4 | UOL_StudentAttendancePolicy-REVISEDJUL2025,v1.3.pdf_p9_c4 | UOL_StudentAttendancePolicy-REVISEDJUL2025,v1.3.pdf_p7_c3 | UOL_StudentAttendancePolicy-REVISEDJUL2025,v1.3.pdf_p9_c2","[""red through the various intervention points. 5.13 Student Route visa holding students who reach stage 3 and do not meet the conditions of reengagement following the meeting, as outlined in section 4.12, must be referred to the UKVI Attendance Compliance Panel (rather than a formal Progression Board of Examiners or Progress Panel acting on behalf of a Board of Examiners). The UKVI Attendance Compliance Panel should be convened within a further ten working days. The student is not required to attend the meeting, unless they are specifically invited to do so. Student Attendance Policy Page 9"", ""after Stage Three has been reached; fails to attend the Attendance Progress Review Meeting; or fails to take any recommended action(s) which have been put in place to seek to mitigate any issues they are experiencing, then the student’s case will be referred to a formal Progression Board of Examiners or Progress Panel (acting on behalf of a Board of Examiners). For Student Route visa holding students, please refer to section 5.13. 4.10 The formal Progress Panel/Progression Board of Examiners should be convened within a further ten working days. The student is not required to attend the meeting of the Progress Panel/Progression Board of Examiners, unless they are specifically invited to do so. 4.11 A detailed record of all notes, correspondence and action plans shall be retained within stu"", ""aspects of the decision were unreasonable and explain why); (iii) there is new evidence available, which materially impacts on the outcome and which, for valid reasons, could not have been submitted at an earlier stage; (iv) That there is bias or reasonable perception of bias during the procedure; (v) That the penalty imposed was disproportionate or not permitted under the procedures. 5.11 The withdrawal reason must be recorded as ‘Withdrawn for poor attendance’ on the student record system. 5.12 Student Route visa holding students will also continue to progress through the standard stages of the attendance policy and receive the support offered through the various intervention points. 5.13 Student Route visa holding students who reach stage 3 and do not meet the conditions of reengagement"", ""ircumstances: • Where the student fails to attend the arranged informal meeting, unless exceptional circumstances are offered and accepted by the School, in which case a further meeting shall be arranged; • Where the student’s absence extends to fifteen consecutive unauthorised missed contact points. 4.8 Students entering Stage Three will be invited to attend an Attendance Progress Review Meeting. An action plan will be developed – which the student will be expected to adhere to – and attendance on the student’s programme is expected to resume at the earliest possible opportunity. 4.9 If a student fails to resume attendance on their programme after Stage Three has been reached; fails to attend the Attendance Progress Review Meeting; or fails to take any recommended action(s) which have bee"", ""esent each area. The panel will review the list of students, considering any feedback from the relevant School. The panel will assign an outcome for each student: • Continue o Student has since re-engaged, and the panel deems the visa compliance risk to be negated • Withdrawn o Student has failed to re-engage and is in breach of their Student Route visa conditions • Extended monitoring o Student has submitted circumstances that prevented them from attending teaching sessions that have been accepted by the panel and/or attendance has improved but the panel deems the pattern of previous attendance high-risk o The panel will be reconvened to review these cases 5.9 Students shall have the right of appeal to the Director of Student Experience and Enhancement against any decision to terminate th""]",5.160 | 4.223 | 3.803 | 0.502 | 0.388,5,0,1.0,47,True,13.5810644000303,
S2_modular_rag,nvidia/nvidia-nemotron-nano-9b-v2,V2Q025,What basic security precautions does the Undergraduate Handbook recommend for personal property and accommodation?,factual,easy,"Students should lock doors and windows when leaving, avoid leaving valuables unattended, secure bicycles properly, and report theft or incidents promptly to the Police and University Campus Support Services.",University of Liverpool Undergraduate Handbook,UOL_undergraduate_handbook.pdf_p13_c5,"

The Undergraduate Handbook recommends the following basic security precautions:  
- Reporting issues immediately to necessary personnel (e.g., security) [1].  
- Making the University’s security arrangements if living in private rented accommodation [1].  
- Utilizing a two-way radio system between the office building and outside security staff to ensure immediate assistance in emergencies [1].  

These precautions are explicitly stated in the evidence [1].
",UOL_undergraduate_handbook.pdf_p13_c9,"[""is designed to provide a central control you should report this immediately to a necessary. If you are living in private rented point to deal with enquiries and to control member of the on-site halls staff or by accommodation, you will need to make the University’s security arrangements. A calling the emergency number for your your own arrangements to insure your two-way radio system between the office building. belongings. and the outside security staff is in operation whereby immediate assistance can be organised in an emergency. Your University – Handbook for Undergraduate Students22 / /23""]",0.418,1,4,0.0,62,True,17.1828106000321,
S2_modular_rag,nvidia/nvidia-nemotron-nano-9b-v2,V2Q026,"According to the Postgraduate Handbook, how should students protect belongings and report a crime?",paraphrased,medium,"Students should secure doors, windows and bicycles, avoid leaving possessions unattended, and report crime to the Police—101 for non-emergencies or 999 for emergencies—and to University Campus Support Services where appropriate.",University of Liverpool Postgraduate Handbook,UOL_postgraduate_handbook.pdf_p13_c6,"

According to the Postgraduate Handbook, students should protect belongings by avoiding leaving valuables unattended, especially after dark, and report crimes immediately to necessary authorities or through Report and Support [1, 2]. Report and Support is not a complaints process but can provide advice on making a complaint [2].
",UOL_postgraduate_handbook.pdf_p13_c9 | UOL_postgraduate_handbook.pdf_p12_c6 | UOL_undergraduate_handbook.pdf_p13_c9 | UOL_postgraduate_handbook.pdf_p8_c10,"[""is designed to provide a central control you should report this immediately to a necessary. If you are living in private rented point to deal with enquiries and to control member of the on-site halls staff or by accommodation, you will need to make the University’s security arrangements. A calling the emergency number for your your own arrangements to insure your two-way radio system between the office building. belongings. and the outside security staff is in operation whereby immediate assistance can be organised in an emergency. Your University – Handbook for Postgraduate Students22 / /23"", ""s should take care to avoid reportandsupport. Don’t leave valuables and bags walking or cycling after dark in poorly lit let us know anonymously liverpool.ac.uk/ unattended. areas, especially if alone, even if it means taking a longer route. Report and support is not a complaints process, but can provide advice on making a complaint. Your University – Handbook for Postgraduate Students20 / /21"", ""is designed to provide a central control you should report this immediately to a necessary. If you are living in private rented point to deal with enquiries and to control member of the on-site halls staff or by accommodation, you will need to make the University’s security arrangements. A calling the emergency number for your your own arrangements to insure your two-way radio system between the office building. belongings. and the outside security staff is in operation whereby immediate assistance can be organised in an emergency. Your University – Handbook for Undergraduate Students22 / /23"", ""lement their finances. It is important that you read the policy – it offer. The Guild of Students has a range of faith is in place to protect University security as societies, details can be found on their If you are a full-time student and wish to well as the reputation and personal security website. seek employment, you should remember of students while using social media. that studying for a degree is a full-time endeavour and any paid work should be seen as secondary to your academic priorities. Your University – Handbook for Postgraduate Students12 / /13""]",2.871 | 0.592 | 0.291 | -0.462,4,1,0.0,48,True,9.540404499974102,
S2_modular_rag,nvidia/nvidia-nemotron-nano-9b-v2,V2Q027,What is the purpose of the Stage Two attendance meeting?,paraphrased,medium,"It is an informal meeting to discuss the student's absence in more detail and to agree an action plan for any academic or pastoral support needed, with the expectation that attendance resumes as soon as possible.","Student Attendance Policy — Revised July 2025, Version 1.3","UOL_StudentAttendancePolicy-REVISEDJUL2025,v1.3.pdf_p7_c2","

The purpose of the Stage Two attendance meeting is to discuss the student's absence in detail and collaboratively develop an action plan to address any academic or pastoral support needs, with the expectation that the student will resume attendance as soon as possible after agreeing to the plan [1][2].
","UOL_StudentAttendancePolicy-REVISEDJUL2025,v1.3.pdf_p7_c2 | UOL_StudentAttendancePolicy-REVISEDJUL2025,v1.3.pdf_p7_c1 | UOL_StudentAttendancePolicy-REVISEDJUL2025,v1.3.pdf_p7_c3 | UOL_StudentAttendancePolicy-REVISEDJUL2025,v1.3.pdf_p6_c3","[""ts. 4.6 Escalation to Stage Two will involve the student being invited – physically or virtually – to an informal meeting to discuss their absence. The meeting will be an opportunity for the student to discuss their circumstances in more detail, and for the School – in liaison with the student – to draw up an action plan in relation to any further academic and/or pastoral support that might be required. It is expected that the student will resume attendance on their programme at the earliest possible opportunity following agreement of this action plan. Stage Three 4.7 Students will be escalated to Stage Three in one or more of the following circumstances: • Where the student fails to attend the arranged informal meeting, unless exceptional circumstances are offered and accepted by the Scho"", ""STUDENT ATTENDANCE POLICY 4.4 If a student has good underlying reasons96for a lack of attendance then it is vitally important that they inform their School Support Office, where possible using the appropriate system in place for reporting an absence, in order to prevent further escalation and for the correct help and/or course of action to be offered. It is expected that the student will resume attendance on their programme at the earliest possible opportunity following this initiation of contact. Stage Two 4.5 Students will be escalated to Stage Two in the event that their absence extends to eight consecutive unauthorised missed contact points. 4.6 Escalation to Stage Two will involve the student being invited – physically or virtually – to an informal meeting to discuss their absence. Th"", ""ircumstances: • Where the student fails to attend the arranged informal meeting, unless exceptional circumstances are offered and accepted by the School, in which case a further meeting shall be arranged; • Where the student’s absence extends to fifteen consecutive unauthorised missed contact points. 4.8 Students entering Stage Three will be invited to attend an Attendance Progress Review Meeting. An action plan will be developed – which the student will be expected to adhere to – and attendance on the student’s programme is expected to resume at the earliest possible opportunity. 4.9 If a student fails to resume attendance on their programme after Stage Three has been reached; fails to attend the Attendance Progress Review Meeting; or fails to take any recommended action(s) which have bee"", ""4.1 The monitoring of student attendance is a supportive – not a punitive – measure. The intention of the University’s interventions and escalation process is to assist and support students to get the help they might need and, wherever possible, to resume attendance on their programme. 4.2 Students will enter a staged escalation process should five consecutive contact points (as defined in section 2.9) be missed and recorded as unauthorised. Stage One 4.3 Students who reach the threshold identified in section 4.2 (or, where applicable, breach the requirements described in sections 2.12 and 2.15) will be escalated to Stage One. A notification will be sent to the student to alert them to their attendance record, and to signpost them to appropriate mechanisms of support. The student will be""]",5.170 | 2.493 | -0.764 | -0.885,4,1,1.0,49,True,10.200716899940744,
S2_modular_rag,nvidia/nvidia-nemotron-nano-9b-v2,V2Q028,"If a student cannot receive meningitis immunisation before starting University, whom should they contact for advice?",procedural,medium,They should contact Student Health for advice. The handbook provides Student Health contact details for students needing guidance on meningitis immunisation.,University of Liverpool Undergraduate Handbook,UOL_undergraduate_handbook.pdf_p15_c7,"

The evidence [1] and [2] state that if a student cannot receive meningitis immunisation on the University's premises, they should see their family doctor and contact Student Health at +44 (0)151 285 4578 for advice. [1][2]
",UOL_undergraduate_handbook.pdf_p15_c7 | UOL_postgraduate_handbook.pdf_p15_c7 | UOL_postgraduate_handbook.pdf_p15_c8 | UOL_undergraduate_handbook.pdf_p15_c8,"[""e issues. provide advice and support on any of these maximum protection, you should have with information about symptoms from The possession and supply of certain drugs issues or can direct you to specialist clinics. been immunised against Meningitis before Meningitis Now. attending the University and we urge you to is a criminal offence and the University Because of their clinical involvement during see your family doctor to be immunised at For further information contact strictly upholds its legal obligation to their course of study, students in Medicine, least two weeks before starting University. If prevent such activities taking place Student Health T: +44 (0)151 285 4578 Dentistry and Health Sciences have a you are unable to receive immunisation in on its premises. special obligation"", ""e issues. provide advice and support on any of these maximum protection, you should have with information about symptoms from The possession and supply of certain drugs issues or can direct you to specialist clinics. been immunised against Meningitis before Meningitis Now. attending the University and we urge you to is a criminal offence and the University Because of their clinical involvement during see your family doctor to be immunised at For further information contact strictly upholds its legal obligation to their course of study, students in Medicine, least two weeks before starting University. If prevent such activities taking place Student Health T: +44 (0)151 285 4578 Dentistry and Health Sciences have a you are unable to receive immunisation in on its premises. special obligation"", ""udent Health T: +44 (0)151 285 4578 Dentistry and Health Sciences have a you are unable to receive immunisation in on its premises. special obligation in respect of HIV. They your home area your new Liverpool GP will NHS Choices Meningitis Now The University of Liverpool is committed are required to confirm that they have be able to carry it out on your arrival. T: +44 (0)808 80 10 388 (free helpline) to ensuring that the use of alcohol and read and understood the statements of meningitisnow.org drugs does not have an adverse effect on their ethical responsibilities towards their the working and social conditions of the patients issued by the General Medical Meningitis is a relatively rare University’s students, staff and visitors. Council, the General Dental Council, the disease but becau"", ""udent Health T: +44 (0)151 285 4578 Dentistry and Health Sciences have a you are unable to receive immunisation in on its premises. special obligation in respect of HIV. They your home area your new Liverpool GP will NHS Choices Meningitis Now The University of Liverpool is committed are required to confirm that they have be able to carry it out on your arrival. T: +44 (0)808 80 10 388 (free helpline) to ensuring that the use of alcohol and read and understood the statements of meningitisnow.org drugs does not have an adverse effect on their ethical responsibilities towards their the working and social conditions of the patients issued by the General Medical Meningitis is a relatively rare University’s students, staff and visitors. Council, the General Dental Council, the disease but becau""]",7.460 | 7.460 | 1.987 | 1.987,4,1,1.0,36,True,13.755125600029714,
S2_modular_rag,nvidia/nvidia-nemotron-nano-9b-v2,V2Q029,What approach does the University take before applying certain academic sanctions for outstanding programme-fee debt?,paraphrased,medium,It undertakes an annual risk-based review of outstanding programme-fee debts and uses the results to inform decisions before applying the academic sanctions identified in the policy.,University of Liverpool Payment Policy 2026-27,"UOL_payment_policy_2026,2027.pdf_p7_c5","

The University undertakes an annual risk-based review of all outstanding programme fee debts, and the results of this review inform its decision-making before applying academic sanctions [1].
","UOL_payment_policy_2026,2027.pdf_p7_c5 | UOL_payment_policy_2026,2027.pdf_p7_c4 | UOL_payment_policy_2026,2027.pdf_p3_c3 | UOL_payment_policy_2026,2027.pdf_p7_c3 | UOL_payment_policy_2026,2027.pdf_p7_c1","[""academic sanctions identified in sections 7.5 and 7.6 and will undertake an annual risk-based review of all outstanding programme fee debts, the results of which it will use to inform its decision making before seeking to apply such academic sanctions. 7.8 Where a student in debt to the University for programme fees ceases to be a registered student of the University – and where all other avenues for debt collection have been exhausted – the University Page 7 of 10"", ""financial position. Section 11 provides contact details for help and support. 7.5 Under normal circumstances, students in debt to the University for programme fees at the end of a given academic year will be prevented from registering for a new academic year until such time that all outstanding debts have been paid. 7.6 Under normal circumstances, students in debt to the University for programme fees one calendar month before the date of the award of a degree, diploma or certificate will be deemed ineligible to be presented for such an award. 7.7 The University will in all cases seek to adopt a proportional approach to the application of the academic sanctions identified in sections 7.5 and 7.6 and will undertake an annual risk-based review of all outstanding programme fee debts, the resul"", ""hat their programme and/or research support fee is paid. Where a student’s sponsor defaults on any fee payment arrangement, the sponsor’s invoice will be cancelled and the debt will be transferred to the student’s account for immediate payment. Where fees remain outstanding, the University will apply academic sanctions in accordance with section 7. 4. Self-Funding 4.1 Students self-funding all or part of their programme fee must familiarise themselves with the available payment plans before the start of each academic session. Failure to adhere to the correct published payment plan will result in sanctions being applied as described in section 7. 4.2 Where a research support fee is raised, this will be charged collectively with the programme fee and hence students should take account of the"", ""er 1 June 2027 for those whose programmes start in January 2027), where a student fails to make the necessary programme fee payment(s) in accordance with the remainder of their relevant published payment plan, the University will notify the student in writing and give them 5 working days’ notice to settle the outstanding account balance. Where the student fails to make good their outstanding balance within 5 working days, the University will seek to apply sanctions as prescribed in section 7.1. 7.4 Students placed on sanctions are encouraged to contact the Student Fees and Funding Office at the earliest available opportunity to discuss their financial position. Section 11 provides contact details for help and support. 7.5 Under normal circumstances, students in debt to the University for p"", ""not be charged for the month of their leaving where the change in registration takes effect on or before the fourteenth day. 6.7 Any refund due following the application of this policy will be made to the person or account from which the original payment was received. 6.8 Where monies are owed to the University following the application of this policy, students will be made directly liable for all outstanding debt. 7. Academic Sanctions 7.1 Where by 1 February 2027 (or by 1 June 2027 for those whose programmes start in January 2027) a student fails to make the necessary programme fee payment(s) in accordance with their relevant published payment plan, the University will seek to restrict their access to a range of services. This will include access to Library services and the removal of th""]",6.843 | 6.657 | 5.856 | 4.689 | 3.799,5,0,1.0,27,True,8.530868100002408,
S2_modular_rag,nvidia/nvidia-nemotron-nano-9b-v2,V2Q030,Where can a student experiencing financial hardship seek University support?,procedural,medium,"University support can include discretionary help through the University Hardship Fund, possible short-term loans in some circumstances, and advice on student loans, grants and other support through the relevant student-support services.",University of Liverpool Undergraduate Handbook,UOL_undergraduate_handbook.pdf_p19_c2,"

Students experiencing financial hardship can seek support through the University Hardship Fund [1,2], contact Money Advice and Guidance [3,4], or reach out to the Student Fees and Funding Office [4]. Additionally, the Information and Advice Group (IAG) can provide guidance and referrals [2].
","UOL_undergraduate_handbook.pdf_p19_c2 | UOL_postgraduate_handbook.pdf_p19_c7 | UOL_payment_policy_2026,2027.pdf_p10_c2 | UOL_payment_policy_2026,2027.pdf_p10_c1 | UOL_payment_policy_2026,2027.pdf_p2_c1","[""offer the following services: in safe and welcoming environment. and support needs, which may include: Advise your academic School/ Discretionary financial help through the You will find details of our programme of Programme-centred support Department/Institute about the support University Hardship Fund for students activities on our website: liverpool.ac.uk/ you may need experiencing financial hardship; In some Exam adjustments studentsupport/mental-wellbeing/ Assist and support you to access cases, we can offer short-term loans wellbeing-advice/activities/ Library-related support disability-related funding when other funding has been delayed; Campus accessibility We work closely with our colleagues Provide assistive software and equipment Advise on student loans and grants for Specialis"", ""as and family visitors, personal and and Guidance team. The team meets Advise your academic School/ Discretionary financial help through the cultural issues, integration, safety and with disabled students to identify and Department/Institute about the support University Hardship Fund for students wellbeing. If IAG cannot help directly, they recommend reasonable adjustments you may need experiencing financial hardship; In some have a wide range of contacts and can and support needs, which may include: Assist and support you to access cases, we can offer short-term loans refer you to another service that can assist. when other funding has been delayed; Programme-centred support disability-related funding IAG offers an induction programme in Advise on student loans and grants for September ca"", ""experiencing financial hardship should contact the following: Money Advice and Guidance, Student Services Centre, Alsop Building, University Square, Liverpool, L3 5TX Tel: +44(0)151 795 1000 Email: money@liverpool.ac.uk 11.4 International students experiencing difficulties should contact the following: International Advice and Guidance, Student Services Centre, Alsop Building, University Square, Liverpool, L3 5TX Tel: +44(0)151 795 1000 Email: iagteam@liverpool.ac.uk Page 10 of 10"", ""11. Help and Support 11.1 Students experiencing difficulties in making fee payments or who have any questions regarding the payment of fees or the programme fees that have been raised should contact the following: Student Fees and Funding Office Tel: +44(0)151 794 6777 Monday – Friday, 10:00 – 16:00 Email: feesenq@liverpool.ac.uk 11.2 Students wishing to enquire about fines that have been levied or non-programme charges that have been raised against their account should contact the following: Accommodation Office, Crown Place, 202 Brownlow Hill, Liverpool, L3 5UE Tel: +44(0)151 795 0319 Email: accommodation@liverpool.ac.uk 11.3 Home students experiencing financial hardship should contact the following: Money Advice and Guidance, Student Services Centre, Alsop Building, University Square, L"", ""1.7 Where a suitable arrangement to pay accommodation fees, student fines or student charges has not been made in any given session, in accordance with the relevant section of this Policy, or where a student defaults on any such fee payment arrangement, the University will seek to deploy formal external debt recovery proceedings, which may ultimately result in County Court judgements. 1.8 Where students are experiencing difficulties in making payments, or wish to enquire about fees and/or charges that have been raised and/or fines that have been levied, help and support is available as outlined in section 11. PROGRAMME AND RESEARCH SUPPORT FEES 2. Student Finance (Home Undergraduate Students) 2.1 Depending on where they normally live, all students requiring financial support should make an""]",6.294 | 6.096 | 5.955 | 3.819 | 2.657,5,0,1.0,43,True,13.784240199951455,
S2_modular_rag,nvidia/nvidia-nemotron-nano-9b-v2,V2Q031,How is an undergraduate degree classification primarily determined according to the handbook?,factual,easy,"It uses an overall average of weighted marks, including the relevant weighting between later years, with profiling used for students whose averages fall at classification boundaries.",University of Liverpool Undergraduate Handbook,UOL_undergraduate_handbook.pdf_p29_c9,"

The undergraduate degree classification is primarily determined by the student's overall academic performance, including achieving 120 credits and meeting a passing average. Specifically, in Years Two and Three, the passing average counts fully towards the degree, and a 55% average in Year Three may qualify for a Bachelor’s degree [3].
",UOL_undergraduate_handbook.pdf_p29_c10 | UOL_undergraduate_handbook.pdf_p28_c8 | UOL_undergraduate_handbook.pdf_p26_c10 | UOL_undergraduate_handbook.pdf_p30_c10 | UOL_undergraduate_handbook.pdf_p28_c4,"[""he number (decimal places up to point four classified honours degree, must satisfy borderline between classifications. are rounded down, decimal places of point itself that the overall learning outcomes five or more are rounded up). The initial of the programme of study have been indication of degree classification is then achieved and that you have made a reached as follows: reasonable attempt at the assessments that were failed. Your University – Handbook for Undergraduate Students54 / /55"", ""l degree classification, except always supersedes any earlier mark, even or the period spent abroad will normally where the second attempt is allowed when the earlier mark is higher. be assessed and count towards final under extenuating circumstances. (ii) Where the Board of Examiners (or, assessment/degree classification using Marks for levels 4 and 5 where appropriate, the Faculty Progress the appropriate carry forward/weighting Extenuating Circumstances Note: students on clinical programmes Committee) has determined, as a result of mechanisms. In the case of modules which are assessed should refer to their Programme Handbook. a student’s ill-health or other extenuating based on both coursework and a written circumstances, that the re-assessment Where periods of study abroad are examinat"", "", the student achieves a totalling 120 credits. of the year. passing average which in Years Two and Three counts in full towards the degree Students who do not achieve an overall classification); average of 55% at the first attempt in Year Three will be considered for the award of a Bachelor’s degree. Your University – Handbook for Undergraduate Students48 / /49"", ""ce, unless the One, Two and Four or more have been which results in a classified honours degree pass degree will be allowed re-assessment Board of Examiners determines that there passed, i.e.: the module has been awarded being awarded will not be allowed to re-sit and, depending upon the results of the re- are special circumstances which suggest a mark of 40% or above (this includes modules to gain a higher classification. assessment, may be eligible for the award that they should be allowed to re-take with compensated marks of 40% gained in of either a classified honours degree or a attendance. Years One and Two) and all mandatory pass degree. modules have been passed, you will be considered for the award of a classified honours degree. Your University – Handbook for Undergraduate Student"", ""ks considered for degree classification, 40% progression will be given the opportunity information on extenuating circumstances for any component(s) of a module which will be the mark used for the profile. to be re-assessed in failed Year Three can also be found in the next chapter of have been passed at the first attempt modules once, during but not beyond this handbook. will be carried forward and used with You should note that whenever an the actual marks gained in the re-sit/ examination/assessment is reassessed, Year Four, at the next scheduled sitting. Students in study Years 0, One and Two re-take component(s) to calculate the the mark achieved in the re-assessment The mark obtained at the second attempt or at levels of study 4 and 5 who miss overall module mark. This actual mark wi""]",3.287 | 1.659 | 1.655 | 0.881 | -0.009,5,0,0.0,50,True,10.69153599999845,
S2_modular_rag,nvidia/nvidia-nemotron-nano-9b-v2,V2Q032,What factors are considered when deciding whether conduct has the effect required for harassment?,factual,easy,"Consideration includes the affected person's perception, the surrounding circumstances, and whether it is reasonable for the conduct to have had that effect.","University of Liverpool Diversity, Equality and Opportunity Policy",UOL_diversity-equality-opportunity-policy.pdf_p23_c1,"

The factors considered when deciding whether conduct has the effect required for harassment are:  
1. The perception of the person (e.g., whether they regarded the conduct as violating their dignity) [1].  
2. The other circumstances of the incident, including personal circumstances (e.g., mental health, culture), the environment, and the situation [1].  
3. Whether it is reasonable for the conduct to have that effect (an objective test, such as whether a normal person would expect the incident to be harassment) [1].
",UOL_diversity-equality-opportunity-policy.pdf_p23_c1 | UOL_diversity-equality-opportunity-policy.pdf_p22_c4 | UOL_diversity-equality-opportunity-policy.pdf_p20_c4 | UOL_diversity-equality-opportunity-policy.pdf_p23_c2 | UOL_diversity-equality-opportunity-policy.pdf_p21_c3,"[""In deciding whether conduct had had that effect, each of the following must be taken into account: • The perception of the person – For example, did the individual regard it as violating their dignity. This is a subjective question and depends on their opinion. • What the other circumstances of the incident are – circumstances that may be relevant are personal circumstances (mental health, culture, previous experiences, etc.), the environment in which the conduct took place, the situation of the incident. • Whether it is reasonable for the conduct to have had that effect – this is an objective test, would a normal person expect the incident to be harassment, etc. For the avoidance of doubt, behaviour which does not relate to a protected characteristic and is not of a sexual nature but stil"", ""jecting the person to the conduct is to violate their dignity or create an intimidating, hostile, degrading, humiliating or offensive environment then this will be sufficient to establish unlawful harassment. Regardless of the intention, unwanted conduct will also amount to harassment if it has the effect of creating any of the unlawful circumstances outlined previously. 22"", ""nsiders the following behaviour may potentially amount to harassment: Unwanted conduct related to a relevant protected characteristic or of a sexual nature, which has the purpose or effect of violating a person’s dignity, or creating an intimidating, hostile, degrading, humiliating or offensive environment, or where a person is treated less favourably due to rejecting or submitting to unwanted sexual behaviour or behaviour related to gender reassignment or sex. The relevant ‘protected characteristics’ are: Age, Disability, Gender reassignment, Race, Religion or Belief (including non-belief), Sex (including Pregnancy and Maternity), and Sexual Orientation (including Marriage & Civil Partnership). 20"", ""o be harassment, etc. For the avoidance of doubt, behaviour which does not relate to a protected characteristic and is not of a sexual nature but still ‘has the purpose or effect of violating a person’s dignity, or creating an intimidating, hostile, degrading, humiliating or offensive environment’ will not amount to harassment under the Equality Act definition, but is nevertheless likely to amount to bullying as set out above, and therefore unacceptable behaviour under the University’s Bullying & Harassment Policy. Indirect discrimination Indirect discrimination occurs when a provision, criterion or practice is neutral on the face of it, but its impact particularly disadvantages people with a protected characteristic. For Indirect Discrimination to take place, four requirements must be met"", ""not intended to be exhaustive, and harassment can take other forms. The University recognises that specific categories of harassment can be identified depending on the nature of the conduct, such as Sexual harassment (where the conduct is of a sexual nature); Racial harassment (conduct relating to race); Antisemitic harassment (conduct directed towards Jewish people or related to Judaism or Jewish heritage). Additionally, the University recognises the terms Harassment ‘by perception’ and Harassment ‘by association’. Harassment ‘by perception’ occurs where a person is subjected to unacceptable behaviour because they are perceived to have a protected characteristic. Harassment ‘by association’ occurs where a person is subjected to unacceptable behaviour because of their association with a pe""]",5.789 | 4.038 | 2.228 | 0.079 | -0.548,5,0,1.0,80,True,8.435971800005063,
S2_modular_rag,nvidia/nvidia-nemotron-nano-9b-v2,V2Q033,When might an international student need a new or updated ATAS certificate during their studies?,paraphrased,medium,"They may need a new or updated ATAS certificate if they transfer programme, change research area, or need a visa extension of more than three months where ATAS applies.",Student Guide for UK Visa Holders 2026,UOL_student_guide_visa_holders.pdf_p4_c6,"

An international student might need a new or updated ATAS certificate in the following situations:  
1. If they extend their studies or research for more than three months on an ATAS-applicable programme [1].  
2. If they transfer to a new programme of study or change their research discipline to a subject area requiring ATAS clearance [1, 2].  

These requirements ensure the ATAS certificate aligns with their current academic or research focus and visa compliance.
",UOL_UKVI_complience.pdf_p12_c4 | UOL_UKVI_complience.pdf_p12_c3 | UOL_student_guide_visa_holders.pdf_p4_c5 | UOL_student_guide_visa_holders.pdf_p4_c6 | UOL_student_guide_visa_holders.pdf_p3_c1,"[""ubject area that requires ATAS clearance must apply for a new ATAS certificate to cover the new subject area and provide the University with the correct ATAS certificate. 13.7 Currently registered international students on an ATAS-applicable programme who extend their studies or research for more than three months must obtain a new ATAS certificate to cover the extension. 13.8 The University will retain a copy of the ATAS certificate on all applicable students’ records. 14. Student Route visa refusals and rejections 14.1 Currently registered international students whose application for extended leave to remain in the UK is refused or rejected must inform Student Life immediately and seek advice from IAG. 14.2 Students must provide the University with a copy of their visa refusal or rejecti"", ""gramme of study/research that an applicant has applied to for clearance. The ATAS certificate must match the HEI and programme detailed on the student’s CAS for the Student Route application to be considered. 13.5 International students residing inside or outside the UK who require an extension to their existing leave to remain in the UK in order to resume and/or remain on their ATAS-applicable current programme must re-apply for ATAS clearance and provide a new ATAS certificate together with their request for a new CAS. 13.6 Currently registered international students who transfer programme of study or change their research discipline to a subject area that requires ATAS clearance must apply for a new ATAS certificate to cover the new subject area and provide the University with the corre"", ""ent visa (if issued). In most cases, per month, for research all of these steps have been this would require you to leave the UK. students completed. Copies of entry qualifications, Collected before arrival No updates required Continuing international students references and English or seen at registration if All students are required to re-register Language certificates requested If you fail to complete registration on at the beginning of each academic year Copy of Academic Must be seen before arrival You must apply for a new time (normally within two weeks of during the registration period. Students Technology Approval (before a CAS can be issued). ATAS certificate and provide your start date), the Admissions Team on taught programmes are required to Scheme (ATAS) certificate, ATAS is on"", ""issued). ATAS certificate and provide your start date), the Admissions Team on taught programmes are required to Scheme (ATAS) certificate, ATAS is only required for it to Student Administration: if required certain subject areas • you transfer your will investigate why this is. They might confirm their arrival back on campus programme of study agree to defer your place until the next via Liverpool Life and update their • your area of research academic year. They would then report contact details. Students on research changes this as a ‘failure to enrol’ to UKVI. This programmes are also required to have • you need to apply for a would cancel your existing CAS. a completed Annual Progress Report new visa or get an extension (APR) for the previous academic year of more than 3 months In exce"", ""0202 03 This document explains the duties the Copy of Academic Technology University has as a visa sponsor. It also Approval Scheme (ATAS) certificate, explains what you need to do during if required your studies to protect your immigration Evidence of any visa refusal and, Introduction status in the UK. By registering with the if applicable, any appeal or The University of Liverpool has a licence with the UK Home University, you agree to meet these administrative review. Office to sponsor international students for visa purposes. responsibilities. If you do not, it may affect your stay in the UK. As a licensed sponsor, the University is As a visa sponsor with a Student licence, the University required to report the following changes has specific duties and responsibilities to UK Visas and""]",5.202 | 4.736 | 3.952 | 3.002 | 2.330,5,0,1.0,74,True,10.424710700055584,
S2_modular_rag,nvidia/nvidia-nemotron-nano-9b-v2,V2Q034,What are Schools or Institutes expected to ensure about assessment arrangements?,procedural,medium,"They are expected to ensure assessment processes are appropriate, fair, rigorous, consistently operated, compliant with institutional regulations and guidelines, and, where relevant, meet professional, statutory or regulatory accreditation requirements.",University of Liverpool Undergraduate Handbook,UOL_undergraduate_handbook.pdf_p23_c10,"

Schools or Institutes are expected to ensure that assessment processes are rigorous, fair, and fairly operated in line with institutional regulations [1].
",UOL_postgraduate_handbook.pdf_p27_c3,"[""her attendance. You would be given clear Students may be re-assessed in any pdf and liverpool.ac.uk/media/livacuk/ UK universities. They also ensure that the guidance as to the level of supervision failed assessment components and tqsd/code-of-practice-on-assessment/ assessment processes in Departments you could expect; it is anticipated that normally will not be limited as to appendix_M_Annex1_cop_assess.pdf and Schools/Institutes are appropriate, this requires no attendance on campus the number of opportunities for reand no face-to-face meetings with assessment while the module continues rigorous, fair and fairly operated, and are supervisors or no registration on an to be delivered by the University. Marking and moderation in line with institutional regulations and online module and tha""]",2.245,1,4,0.0,22,True,15.180712800007313,
S2_modular_rag,nvidia/nvidia-nemotron-nano-9b-v2,V2Q035,"If an assessment is re-taken as an uncapped first attempt because of accepted extenuating circumstances, how is the new mark treated?",reasoning,hard,The reassessment mark replaces the previous mark even if it is lower. The original extenuating-circumstances claim is not then taken into account again when considering progression or final classification for that reassessment.,University of Liverpool Extenuating Circumstances Policy,UOL_extenuating_circumstances_policy.pdf_p15_c5,"

The new mark from a re-assessment treated as an uncapped first attempt replaces any previous mark, even if the original mark was higher. This is because the re-assessment is considered a ""first attempt"" and the Board of Examiners will not take into account the original claim or mark when determining progression or final degree classification [1][2][3][5].
",UOL_extenuating_circumstances_policy.pdf_p15_c5 | UOL_extenuating_circumstances_policy.pdf_p15_c4 | UOL_extenuating_circumstances_policy.pdf_p13_c4 | UOL_undergraduate_handbook.pdf_p28_c9 | UOL_extenuating_circumstances_policy.pdf_p3_c4,"[""the Extenuating Circumstances Committee to be taken as a first attempt that is uncapped, the Board of Examiners will not take into account the original claim of extenuating circumstances when considering progression or final degree classification. Whenever an examination/assessment is re-assessed, the mark achieved in the re-assessment always replaces any previous mark - even when the earlier mark is higher. 8. EXTENUATING CIRCUMSTANCES AND ELEMENTS OF ASSESSED WORK Where elements of the work making up the final mark are missing (for example, coursework) and the extenuating circumstances are accepted, the Extenuating Circumstances Committee will advise on what work must be completed in order that the final mark can be awarded. Where an assessment or assessments have been missed by a studen"", ""i) You will be permitted one re-sit/re-take of each of the examinations/assessments judged by the Extenuating Circumstances Committee to have been affected by extenuating circumstances. This re-assessment will be treated as a ‘first attempt’ and will be uncapped. (ii) If this re-assessment itself is then affected by extenuating circumstances, then you may be permitted further re-assessment as an uncapped, first attempt. This will require you to submit a new claim for extenuating circumstances which must be as carefully documented as any prior claim and submitted using the same procedure. (iii) Following any re-assessment that is permitted by the Extenuating Circumstances Committee to be taken as a first attempt that is uncapped, the Board of Examiners will not take into account the origina"", ""it. The usual rules with regard to marks achieved in re-assessments will apply (unless the reassessments are being regarded as ‘first attempts’ on account of extenuating circumstances). When an assessment is re-sat/re-taken as a ‘first attempt’ all the options available in relation to first attempts will be available to the Extenuating Circumstances Committee and the Board of Examiners i.e. your examination/assessment will be treated as if you had never previously taken the exam or attempted the assessment. Where the failed credit is ‘carried’ into the next year of study and then re-assessed, the Board of Examiners will not take into account the original claim of extenuating circumstances when considering progression or final degree classification. 5.3 Undergraduate programmes, final year"", ""ll-health or other extenuating based on both coursework and a written circumstances, that the re-assessment Where periods of study abroad are examination and where compensation of First attempt examinations should be treated as a first attempt. In undertaken which are not an integral part marks between individual components In study Years 0, One and Two and levels these circumstances the mark achieved of the programme, e.g. where a student of a module is allowed, students who, of study 4 and 5 the marks you achieve in the re-assessment will not be flagged voluntarily undertakes such activity in for example, obtain an overall pass in a in the first attempt at the assessments/ in your records. addition to the requirements of their module but with an examination mark examinations will be used"", ""to re-assessment as a first attempt (unless the examination or assessment missed was not a ‘first attempt’ examination). Only in exceptional circumstances, where a Board of Examiners on the advice of the Extenuating Circumstances Committee, judges that it was not feasible for prior notification to have been provided, will you be granted a ‘first attempt’ reassessment if you are absent from an examination or fail to attend an assessment without informing your department/school in advance. 1.2 Students who submit coursework after the agreed deadline as a result of unforeseen medical or other exceptional circumstances may apply for Exemption from Late Penalties in line with section 6.5 of the Code of Practice on Assessment. 1.3 If you are absent from an examination or fail to submit an asses""]",7.224 | 7.141 | 6.669 | 4.865 | 4.362,5,0,1.0,56,True,15.450794699951075,
S2_modular_rag,nvidia/nvidia-nemotron-nano-9b-v2,V2Q036,What kind of unwanted behaviour may amount to harassment under the University's equality policy?,paraphrased,medium,"Unwanted conduct related to a protected characteristic, or of a sexual nature, may amount to harassment where it violates dignity or creates an intimidating, hostile, degrading, humiliating or offensive environment. Less favourable treatment for rejecting or submitting to certain unwanted conduct can also qualify.","University of Liverpool Diversity, Equality and Opportunity Policy",UOL_diversity-equality-opportunity-policy.pdf_p20_c4,"

The University's equality policy states that unwanted conduct related to a protected characteristic (such as age, disability, gender reassignment, race, religion or belief, sex, or sexual orientation) or of a sexual nature may amount to harassment. This includes behavior that violates a person’s dignity or creates an intimidating, hostile, degrading, humiliating, or offensive environment [5]. Specific examples of harassment include ageism, disability-related harassment, homophobia, racism, religious-related harassment, sexism, and transphobia [4]. Additionally, harassment can occur even if the victim does not share the protected characteristic, such as when someone is associated with or wrongly assumed to have a protected characteristic [4].
",UOL_diversity-equality-opportunity-policy.pdf_p23_c2 | UOL_diversity-equality-opportunity-policy.pdf_p20_c3 | UOL_diversity-equality-opportunity-policy.pdf_p18_c2 | UOL_diversity-equality-opportunity-policy.pdf_p22_c1 | UOL_diversity-equality-opportunity-policy.pdf_p20_c4,"[""o be harassment, etc. For the avoidance of doubt, behaviour which does not relate to a protected characteristic and is not of a sexual nature but still ‘has the purpose or effect of violating a person’s dignity, or creating an intimidating, hostile, degrading, humiliating or offensive environment’ will not amount to harassment under the Equality Act definition, but is nevertheless likely to amount to bullying as set out above, and therefore unacceptable behaviour under the University’s Bullying & Harassment Policy. Indirect discrimination Indirect discrimination occurs when a provision, criterion or practice is neutral on the face of it, but its impact particularly disadvantages people with a protected characteristic. For Indirect Discrimination to take place, four requirements must be met"", ""n chaplaincy etc.) Discrimination arising from a disability Discrimination arising from a disability occurs when you treat a disabled person unfavourably because of something connected with their disability and cannot justify such treatment as a proportionate means of achieving a legitimate aim. This is different to direct and indirect discrimination. Harassment Harassment that is related to a ‘protected characteristic’ (see below) is against the law. For the purpose of the Bullying & Harassment Policy, the University has adopted the definition of harassment contained within Section 26 of the Equality Act. Drawing from this, the University considers the following behaviour may potentially amount to harassment: Unwanted conduct related to a relevant protected characteristic or of a sexual n"", ""al definition of the term ‘bullying’, for the purpose of the Bullying & Harassment Policy, taking account of the ACAS definition, the University considers the following behaviour may potentially amount to Bullying: Unwanted behaviour from a person or group that is either offensive, intimidating, malicious or insulting, or an abuse or misuse of power, that undermines, humiliates, or causes physical or emotional harm to someone. Potential examples of bullying behaviour include (yet are not limited to): • Physical or verbal abuse including threatening or intimidating behaviour, • Abusive comments made in person, in writing or via electronic means, • Spreading rumours, gossip and hearsay to undermine an individual, • Unjustified persistent negative comments or criticism, such as about a person"", ""There are three specific types of harassment identified within the Equality Act; 1) Harassment related to a protected characteristic Potential examples of harassment include: • Ageism • Disability related harassment • Homophobia • Racism • Religious related harassment • Sexism • Transphobia Harassment may also include situations where the victim does not have the protected characteristic but is subject to unlawful behaviour. This includes when: • The person is associated with someone with a protected characteristic • The person is wrongly assumed to have a protected characteristic. • The person is known not to have the protected characteristic but is subjected to harassment related to that protected characteristic • The unwanted conduct is not directed at a particular person but at another"", ""nsiders the following behaviour may potentially amount to harassment: Unwanted conduct related to a relevant protected characteristic or of a sexual nature, which has the purpose or effect of violating a person’s dignity, or creating an intimidating, hostile, degrading, humiliating or offensive environment, or where a person is treated less favourably due to rejecting or submitting to unwanted sexual behaviour or behaviour related to gender reassignment or sex. The relevant ‘protected characteristics’ are: Age, Disability, Gender reassignment, Race, Religion or Belief (including non-belief), Sex (including Pregnancy and Maternity), and Sexual Orientation (including Marriage & Civil Partnership). 20""]",6.611 | 5.953 | 5.464 | 4.647 | 4.643,5,0,1.0,101,True,13.68143430002965,
S2_modular_rag,nvidia/nvidia-nemotron-nano-9b-v2,V2Q037,How often must postgraduate research students normally record meetings with their supervisor?,factual,easy,At least one supervisor meeting per month is required and should be recorded through the PGR Toolbox.,Student Guide for UK Visa Holders 2026,UOL_student_guide_visa_holders.pdf_p6_c3,,"UOL_Student,Complaints,Policy,and,Procedure.pdf_p11_c3 | UOL_postgraduate_handbook.pdf_p38_c10 | UOL_undergraduate_handbook.pdf_p42_c10 | UOL_UKVI_complience.pdf_p10_c1 | UOL_student_guide_visa_holders.pdf_p6_c3","[""tating the remedy being sought. For postgraduate research students, issues relating to their supervision may be raised with their Departmental or School/Institute Director of Postgraduate Research if the issue cannot be raised with their supervisory team. (c) The raising of any issue must normally be done within one month of the actions (or lack of actions) which prompted the complaint. Issues shall not normally be considered if they relate to actions (or lack of actions) more than three months before the date that the issue is first raised. (d) The person with whom the issue has been raised shall respond to the student, normally within 10 working days. It is anticipated, however, that there may be occasions when it is not feasible to meet this deadline, as described in section 1(i) above."", ""being sought. an informal basis. unless the student escalates the complaint For postgraduate research students, to the Review Stage of this Procedure within issues relating to their supervision may be 10 working days of the date on which the raised with their Departmental or School/ written response is sent to the student. Institute Director of Postgraduate Research if the issue cannot be raised with their supervisory team. Your University – Handbook for Postgraduate Students72 / /73"", ""being sought. an informal basis. unless the student escalates the complaint For postgraduate research students, to the Review Stage of this Procedure within issues relating to their supervision may be 10 working days of the date on which the raised with their Departmental or School/ written response is sent to the student. Institute Director of Postgraduate Research if the issue cannot be raised with their supervisory team. Your University – Handbook for Undergraduate Students80 / /81"", ""POLICY ON UKVI - STUDENT COMPLIANCE Interaction Timescale Initial registration Normally October (can take place at the beginning of other months of the year) Payment of fees Throughout each year Attendance at meetings with supervisor (as Throughout each year (at least 12 meetings per year recorded in PGR Toolbox online facility) – one meeting each month - are required) Attendance at seminars, laboratory sessions Throughout each year (research programme or workshops, including attendance at skills specific) workshops and poster day events Annual Progress Review Annually; May-October 9. Study abroad 9.1 Student Route visa holders engaged on a period of study abroad as an integral part of their programme are permitted to remain on their existing Student Route visa and will continue to be spon"", ""tion: Timescale: Initial registration October (can also take place at the beginning of other months of the year) Payment of fees Throughout each year Attendance at meetings with supervisor Monthly (at least one per month is required) (as recorded in PGR Toolbox online facility) Attendance at seminars, laboratory sessions Throughout each year or workshops, including attendance at skills (research programme specific) workshops and poster day events Annual Progress Review Annually; May-October""]",4.183 | 4.010 | 3.964 | 2.590 | 1.736,5,0,1.0,1,False,17.031851599924266,
S2_modular_rag,nvidia/nvidia-nemotron-nano-9b-v2,V2Q038,Why does the Postgraduate Handbook tell students to use the correct academic regulations and codes for their cohort and degree?,reasoning,hard,Because regulations and codes change over time and postgraduate programmes have level-specific expectations. Using the framework that applies to the student's cohort and degree ensures the correct rules are applied.,University of Liverpool Postgraduate Handbook,UOL_postgraduate_handbook.pdf_p22_c7,"

The Postgraduate Handbook advises students to use the correct academic regulations and codes for their cohort and degree because these regulations and codes are updated over time and are specifically tailored to the student's program and level of study. This ensures that students follow the most current and relevant guidelines for their academic progression, which is essential for maintaining standards and eligibility for their award [1].
",UOL_postgraduate_handbook.pdf_p22_c7 | UOL_postgraduate_handbook.pdf_p4_c1 | UOL_undergraduate_handbook.pdf_p4_c1 | UOL_undergraduate_handbook.pdf_p22_c8 | UOL_postgraduate_handbook.pdf_p27_c9,"[""point at academic-codes-of-practice/code-ofbehaviour and academic conduct. challenge reflects the level of further which the student registered for the first practice-on-assessment/ Appendix C is intellectual development appropriate to module which contributes credit towards Over the years, changes are made to these particularly relevant to the postgraduate the equivalent of 12 months’ full-time the award. regulations and codes of practice, and it programmes. advanced study beyond Honours degree is essential that you refer to the correct level. A Master’s degree will provide an framework for your cohort and your type appropriate foundation for research of degree. The information in this section degree registration and/or the qualities is relevant to those students starting and transferable"", ""Introduction This handbook is designed to provide you with relevant information about the operation of the University. As well as giving practical advice, it includes important information on how your degree works and the relevant University regulations you will need to be aware of. Some of this information varies depending on which cohort you belong to. You will be provided with subject-specific information by your School/Institute. If in the unlikely event that the information provided by your School/Institute conflicts with the information provided in this publication, you should, unless officially informed otherwise, follow the information provided in this booklet. Your University – Handbook for Postgraduate04 / Students/05"", ""Introduction This handbook is designed to provide you with relevant information about the operation of the University. As well as giving practical advice, it includes important information on how your degree works and the relevant University regulations you will need to be aware of. Some of this information varies depending on which cohort you belong to. The information in this handbook refers to the 2025/26 cohort of students on undergraduate programmes of study. These are students who start Year One of their studies in September 2025. Students who enter directly into Year Two in September 2025 will be part of the 2024/25 cohort. You will be provided with subject-specific information by your School/Institute. If in the unlikely event that the information provided by your School/Institute"", ""grammes. Committee as a recommendation for as 15 credits per semester; exceptional approval notwithstanding is essential that you refer to the correct (iii) In Year Four of a four-year Bachelor’s Appendix B of the University’s Code of framework for your cohort and your type programme with a year abroad or a year Practice on Assessment. of degree. The information in this section in industry, modules totalling at least 90 is relevant to those students starting their The modules that make up the programme credits must be at level 6; undergraduate degree programme in are also assigned a level. Levels 4, 5 and session 2025/26. 6 all carry a pass mark of 40%. Integrated Master’s programmes will also have level 7 modules which carry a pass mark of 50%. Your University – Handbook for Undergraduate"", ""rmining classification, unless examiner(s) must be undertaken in there are approved extenuating particular circumstances and according to circumstances; or certain rules. These are stipulated in section 4 of the University’s Code of Practice on Take another module in its place; the Assessment (liverpool.ac.uk/aqsd/ mark for this module will be recorded as academic-codes-of-practice/code- the actual mark and will not be capped. of-practice-on-assessment/). In the absence of any extenuating circumstances*, students will not normally be permitted a re- assessment opportunity to improve the mark for any module they have already passed. Your University – Handbook for Postgraduate50 / Students/51""]",3.959 | 3.531 | 2.689 | 1.438 | -0.288,5,0,1.0,66,True,8.92622919997666,
S2_modular_rag,nvidia/nvidia-nemotron-nano-9b-v2,V2Q039,How does the Student Loans Company pay a 2026–27 programme-fee loan to the University?,paraphrased,medium,"The loan is paid in three disbursements tied to liability dates: 25% on 28 September 2026, another 25% on 11 January 2027, and the remaining 50% on 5 April 2027, subject to attendance confirmation.",University of Liverpool Payment Policy 2026-27,"UOL_payment_policy_2026,2027.pdf_p2_c3","

The Student Loans Company (SLC) pays a 2026–27 programme-fee loan to the University in three disbursements on specific dates: 28 September 2026 (25% of the fee), 11 January 2027 (25%), and 5 April 2027 (50%) [1].
","UOL_payment_policy_2026,2027.pdf_p2_c3 | UOL_payment_policy_2026,2027.pdf_p1_c1 | UOL_payment_policy_2026,2027.pdf_p5_c3 | UOL_payment_policy_2026,2027.pdf_p4_c4 | UOL_payment_policy_2026,2027.pdf_p4_c3","[""cases be entitled to receive a non-means assessed loan from the Student Loan Company (SLC) to cover the full programme fee. 2.3 Where a student is receiving a loan from the SLC for all or part of their 2026/27 programme fee, the SLC will make payment to the University in three disbursements, based on the loan liability points illustrated in the table below2: Loan liability date Proportion of full year’s Cumulative for proportion of fee fee paid to the loan loan University by SLC liability 28 September 2026 25% 25% 11 January 2027 25% 50% 5 April 2027 50% 100% 2.4 Students receiving a fee loan from the SLC will become liable for the proportions of loan identified in section 2.3 when they are confirmed as in attendance on each of the three liability dates. Interest will begin to accrue on e"", ""PAYMENT POLICY 2026/27: STUDENT PROGRAMME FEES, ACCOMMODATION FEES, FINES AND CHARGES 1. Introduction 1.1 Programme fees are charged for the educational services and facilities provided in the delivery of a programme of study, subject to the Programme Terms and Conditions relevant to the year of entry (‘the student contract’). The fee is an annual, consolidated charge for the provision of tuition, registration, learning resources, infrastructure, examination, assessment and graduation. In some cases, an additional research support1 (bench) fee is charged. All academic fees are subject to annual increase. 1.2 All programmes of study which lead to a University award incur a programme fee. Programme fees are charged for all academic years of study, including failed academic years repeated in"", ""oes not cover the full programme fee, the applicant will be required to pay a programme fee deposit. 5.8 Excepting those applicants who fall within section 5.13, the payment of a deposit will be a requirement of admission to the University. The University will only issue the applicant a Confirmation of Acceptance for Studies (CAS) for entry in 2026/27 upon receipt of the full deposit amount, or upon receipt of an acceptable sponsor letter and/or confirmation of University scholarship (as described in sections 5.3 and 5.4) which covers the full programme fee. 5.9 Applicants who fail to pay the full deposit amount required by the deadline stipulated in their offer of admission risk having their offer withdrawn. 5.10 When arranging to pay the balance of their programme fee, for self-funding s"", ""of up to £5,000 or to provide formal confirmation of third-party sponsorship and/or a University scholarship which covers the full programme fee. 5.2 All qualifying applicants in receipt of an offer to study at the University in session 2026/27 will be invited directly to either provide confirmation of third-party sponsorship and/or a University scholarship which meets the requirements described in sections 5.3 and 5.4 or pay a non-refundable programme fee deposit using the means specified in the invitation. 5 The University determines the fee status of a student in accordance with UK Government legislation. More information regarding the fee status procedure for applicants can be found at www.liverpool.ac.uk/student-administration/feesandfinance/fee-status/. 6 Further information can be f"", ""programmes start in January 2027, payment may be made in three equal instalments on 15 February 2027, 15 April 2027 and 15 June 2027. 4.11 Where a student fails to make the necessary payment(s) in accordance with the arrangements prescribed under sections 4.5 through 4.10, sanctions will be applied in accordance with section 7. 5. Programme Fee Deposits (Overseas Taught Postgraduate Students)6 5.1 All overseas applicants planning to enter the University in session 2026/27 to begin study on a postgraduate taught programme, barring the exceptions stipulated in section 5.14, will be required either to pay a non-refundable programme fee deposit of up to £5,000 or to provide formal confirmation of third-party sponsorship and/or a University scholarship which covers the full programme fee. 5.2""]",7.834 | 5.039 | 4.397 | 3.870 | 3.717,5,0,1.0,36,True,12.66743170004338,
S2_modular_rag,nvidia/nvidia-nemotron-nano-9b-v2,V2Q040,Can complaints about harassment or sexual misconduct be handled under policies other than the Student Complaints Policy?,factual,easy,"Yes. Such complaints may be dealt with through relevant policies, including student-conduct, bullying and harassment, or staff disciplinary procedures, depending on the circumstances.",Student Complaints Policy and Procedure,"UOL_Student,Complaints,Policy,and,Procedure.pdf_p2_c2","

Yes, complaints about harassment or sexual misconduct can be handled under policies other than the Student Complaints Policy. For example:  
- Complaints by students against staff may be addressed under the **Bullying and Harassment Policy** or **Staff Disciplinary Procedures** [1].  
- Complaints related to harassment and sexual misconduct (including staff towards students or students towards students) may be dealt with via the **Bullying and Harassment Policy**, **Student Conduct Policy**, or **Staff Disciplinary Policy** [2, 3].  
- The **Student Conduct Policy** and other connected policies (e.g., **Bullying and Harassment Policy**, **Staff Disciplinary Procedures**) are explicitly linked to handling such complaints [4].  

Thus, multiple policies beyond the Student Complaints Policy itself can apply depending on the nature of the complaint [1, 2, 3, 4].
","UOL_Student,Complaints,Policy,and,Procedure.pdf_p9_c1 | UOL_Student,Complaints,Policy,and,Procedure.pdf_p2_c2 | UOL_Student,Complaints,Policy,and,Procedure.pdf_p2_c3 | UOL_Student,Complaints,Policy,and,Procedure.pdf_p4_c4 | UOL_student_conduct1.pdf_p11_c1","[""Student Conduct, Complaints and Compliance (ix) Complaints made by students against students - see Student Conduct Policy this includes complaints about harassment and/ or sexual misconduct be another student; (x) Complaints made by staff against students - see Student Conduct Policy. (xi) Complaints made by students relating to incidents of harassment and/or sexual misconduct by staff towards students. Advice will be sought from HR in such cases and the complaint will usually be considered under the Bullying and Harassment Policy or Staff Disciplinary Procedures. 5. Rights, Entitlements and Responsibilities a) Under this Policy and in line with the Student Charter and other University policies, the University acknowledges the rights of students and sets out expectations of how students wi"", "") and to ensure that it meets the requirements of Section 26(1) of the Counter-Terrorism and Security Act 2015 to have due regard to the need to prevent people from being drawn into terrorism. Any complaints received relating to freedom of speech and academic freedom may be considered under the Student Complaints Policy and will be done so in line with the above requirements so as not to impede either freedom of speech or academic freedom. 3. Does this policy comply with OfS condition of registration in relation to Harassment and Sexual Misconduct? (effective from August 2025). Any complaints received in relation to incidents of harassment and/or sexual misconduct (including the conduct of staff towards students and/or the conduct of students towards students), may be dealt with via releva"", ""d/or sexual misconduct (including the conduct of staff towards students and/or the conduct of students towards students), may be dealt with via relevant policies, Student Conduct Policy, Bullying and Harassment Policy or Staff Disciplinary Policy. Links to the related policies have been added to Paragraph 1d and a sentence has been added to clarify this under Paragraph 4 e – xi. Data Protection Data Protection Impact Assessment is not required for this Policy. All staff employed to administer this Policy, and accompanying procedures should comply fully with all GDPR and Data Protection Act 2018 requirements and obligations. Communication Updated web pages which form part of the terms and conditions for students. Update Schools and Departments via Heads of Education and 1"", ""held, we will seek to put things right for a student where possible. If a complaint is not upheld, we will give reasons for the decision. e) Other University policies and procedures which are connected to the Student Complaints Policy and Procedure are set out below: • Student Charter – available in the Your University Handbooks • Bullying and Harassment Policy • Student Conduct and Student Disciplinary Procedures • Staff Disciplinary Procedures • Fitness to Practise Procedures 3"", ""Student Conduct, Complaints and Compliance Student Conduct Team must decide if the allegation can be dealt with under the University Disciplinary Procedure by referring to the Student Conduct Policy, section 8.3 which illustrates examples of what types of misconduct would be considered at this level. They can also refer to Appendix B – Student Conduct Breaches and Sanctions which sets out a non-exhaustive list of breaches and what category they fall into. Further advice can be sought from the Student Conduct Team if required. 6.3 For serious allegations of misconduct or where there is on-going police involvement, the matter should be referred to the Student Conduct Team who will decide in conjunction with the Head of Student Conduct, Complaints and Compliance, or their nominee, if a Risk A""]",8.185 | 7.377 | 6.198 | 4.979 | 4.654,5,0,1.0,122,True,13.182897499995306,
S2_modular_rag,nvidia/nvidia-nemotron-nano-9b-v2,V2Q041,What may happen if accepted extenuating circumstances affect an undergraduate student's final-year performance but enough assessed work exists to determine an award?,factual,easy,"The Extenuating Circumstances Committee may recommend an award, including its classification where appropriate. The student may be offered a choice between accepting the award and re-taking or re-sitting affected assessment.",University of Liverpool Extenuating Circumstances Policy,UOL_extenuating_circumstances_policy.pdf_p13_c5,"

If accepted extenuating circumstances affect an undergraduate student's final-year performance but enough assessed work exists to determine an award, the Extenuating Circumstances Committee will recommend an award (including the class of the award) to the student [1]. The student may then choose to accept that award or opt to re-take/re-sit the missed/affected assessments [1].
",UOL_extenuating_circumstances_policy.pdf_p13_c5 | UOL_extenuating_circumstances_policy.pdf_p14_c1 | UOL_extenuating_circumstances_policy.pdf_p15_c2 | UOL_undergraduate_handbook.pdf_p30_c2 | UOL_extenuating_circumstances_policy.pdf_p14_c5,"[""the original claim of extenuating circumstances when considering progression or final degree classification. 5.3 Undergraduate programmes, final year a) Enough assessed work has been completed to determine an award If extenuating circumstances are judged by the Extenuating Circumstances Committee to have affected your performance in the final year of an undergraduate programme, the Extenuating Circumstances Committee will decide whether there is enough assessed work to determine that an award should be made. If the Extenuating Circumstances Committee considers that there is enough work, they will recommend the award which should be made (including the class of the award, if appropriate). You may be offered the option of: either: accepting that award; or: of re-taking/re-sitting the missed/"", ""CODE OF PRACTICE ON ASSESSMENT – APPENDIX M ANNEXE 1 Policy on Extenuating Circumstances - Guidelines for Staff and Students Up to January 2026 for all online programmes delivered in partnership with Kaplan Higher Education b) Not enough assessed work has been completed to determine an award If the Extenuating Circumstances Committee considers that there is not enough assessed work to determine that an award be made to you, or that the learning outcomes of the programme have not been met, they will recommend that you be offered the option of: either: accepting an aegrotat degree1; or: of re-taking/re-sitting the missed/affected assessments as a ‘first attempt’ at the next ordinary sitting (see section 7, below) You may only be offered an award (other than an aegrotat award) if you have com"", ""t the end of the final year and will make an appropriate recommendation to the Board of Examiners as to the classification of degree you should be awarded. 6. ASSESSMENT MARKS A mark can only be increased if you re-sit/re-take the examination or assessment and achieve a better performance; however, your performance in a resit may result in a lower mark being achieved and recorded as your final mark. If your claim is successful but you choose not to be re-assessed, the mark will not be altered, but the Extenuating Circumstances Committee will consider the impact of the affected mark on your overall results at the end of the final year and will make an appropriate recommendation to the Board of Examiners on the classification of your degree. If you have had extenuating circumstances accepted"", ""on. recognised degree to be awarded to modules on the following basis: classification. students who do not pass their final year at Students may opt not to be re-assessed in the first attempt. In these circumstances, (i) Students who achieve the minimum Where a student who, owing to ill-health all their failed final year modules but rather although students may be allowed re- 330 credits requirement for the award of or other extenuating circumstances, to re-sit/ re-take the requisite number assessment of failed final year modules a classified honours degree but whose has not completed all assessments or which, if passed at an appropriate level, and be awarded a classified degree, the average mark/module profile does not whose performance in their assessments would result in the award of a"", ""attempts’ (see section 7 below). In exceptional circumstances, the Extenuating Circumstances Committee may also recommend that an award be made notwithstanding any failed assessments. 5.5 Situations where no re-sit opportunity is available If you have failed an assessment for which no re-sit opportunity is available (e.g. the assessment of practical laboratory work) and as a result fail the module, the Extenuating Circumstances Committee will recommend to the Board of Examiners that you should be allowed to re-take the assessments the following year: either: by re-taking the year of study; 1 An aegrotat degree is awarded in very exceptional circumstances where, owing to ill health, a student has not completed enough assessed work to be awarded an honours or non-honours degree and is unlike""]",7.728 | 4.393 | 4.082 | 3.197 | 3.067,5,0,1.0,54,True,8.175294499960728,
S2_modular_rag,nvidia/nvidia-nemotron-nano-9b-v2,V2Q042,How is unauthorised use of University premises classified in the indicative student-conduct sanctions table?,factual,easy,Unauthorised entry onto or unauthorised use of University premises is listed as a Category 1 or Category 2 breach.,Student Conduct Breaches and Indicative Sanctions — Appendix B,UOL_student_conduct2.pdf_p9_c4,"

The evidence does not explicitly classify ""unauthorised use of University premises"" in the indicative student-conduct sanctions table. However, evidence [4] mentions ""Unauthorised entry into another student’s room within their accommodation"" as a breach, which is a specific instance of unauthorised use of premises. No general classification for unauthorised use of University premises (beyond this specific case) is provided in the evidence. 

ANSWER: The evidence does not provide a general classification for unauthorised use of University premises in the sanctions table. It only specifies ""Unauthorised entry into another student’s room"" as a breach [4].
",UOL_undergraduate_handbook.pdf_p39_c8 | UOL_undergraduate_handbook.pdf_p39_c1 | UOL_student_conduct2.pdf_p2_c1 | UOL_undergraduate_handbook.pdf_p39_c5 | UOL_student_conduct2.pdf_p10_c1,"[""the Theft, misappropriation, unauthorised use speech or activity that would place any Failure to comply with any penalties University at events and both while on and or misuse of University property, or the person at risk of harm. or sanctions imposed because of the off University premises, including behaviour property of its students, staff or visitors Any behaviour which could constitute University’s Disciplinary or risk taking place within University-managed whilst on University premises or engaged discrimination or harassment on the assessment procedures or contempt and private accommodation. The University in University business. grounds of sex, sexual orientation, of those procedures. places great emphasis on the good Falsification of student attendance gender, gender re-assignment,"", ""The authority of the Board of Discipline More precise definitions and indicative Bribery or attempted bribery including Intentional or reckless damage or Panel allows them to issue any of the above sanctions for misconduct breaches are but not limited to offering or giving defacement to University property or the sanctions that are contained within Chairs detailed in Appendix B – Student Conduct money, gifts or any other advantage to property of students, staff or visitors Action in addition to; a mark of zero for the Breaches and Indicative Sanctions: any student or employee of the whilst on University premises or engaged module in which the misconduct occurred Any breach of University Ordinances, University, honorary staff, recognised in University business. with a right to resit with a"", ""Student Conduct, Complaints and Compliance 1. Categories of Breaches 1.1. The way in which the University of Liverpool categorises breaches of the Student Conduct Policy is by consideration of both the severity of the breach and the appropriateness of certain sanctions to certain types of breach. Sanctions listed are indicative only, non-exhaustive and will be applied on a case-by-case basis (i.e., considering the context of each breach), at the discretion of the disciplinary authorities. 1.2. There may be some circumstances where, if aggravating factors are present as outlined in section 2 of this document, the category of a breach may be increased and therefore subject to more severe sanctions. Similarly, there may be circumstances where, if mitigating factors are present as outlined in"", ""under process. Unauthorised or inappropriate use, whilst Assessment - Academic Quality and Appendix B to this Policy. Failure to inform the University, whilst on University premises or whilst engaged Standards Division - University of Liverpool. Conduct which damages, or has the registered on a programme of study, of a in University business, of sporting potential to damage, the University’s police investigation, an arrest, conviction, equipment, or similar. Non-Academic Misconduct relationship or reputation with its local caution or reprimand or charged with Unauthorised entry into another student’s As a student you are required at all times communities or other bodies or any criminal offences including local room within their accommodation. (including during non-term time) to organisati"", ""Student Conduct, Complaints and Compliance G Act or omission that did cause or could have caused Category 2 or 3 serious harm or a serious health and safety concern on University premises or during University activities (e.g., disabling fire extinguishers; misuse of chemicals or equipment, ignoring Health and Safety policy with the capacity to put others at risk of harm) H Theft of, or unauthorised use of, the intellectual property of Category 1, 2 or the University or the intellectual property of students or 3 employees of the University, or of visitors to the University I Unauthorised use of University systems Category 2 or 3 7.5 Alcohol and Drugs Breaches A Possession of a controlled drug (Class B or C) * Category 1 or 2 B Possession of a controlled drug (Class A) * Category 2 or 3 C Po""]",3.611 | 3.008 | 2.350 | 2.345 | 2.075,5,0,0.0,93,True,14.450420000008307,
S2_modular_rag,nvidia/nvidia-nemotron-nano-9b-v2,V2Q043,"During a Master's dissertation or PhD writing-up period, how should a Student visa holder treat that period for work and residence purposes?",procedural,medium,It still counts as term time. The student should not plan to work more than 20 hours per week and should remain living in the Liverpool area during their studies.,Student Guide for UK Visa Holders 2026,UOL_student_guide_visa_holders.pdf_p2_c4,"

During a Master's dissertation or PhD writing-up period, a Student visa holder should treat this time as term time. This means they must not work more than 20 hours per week and should remain living in the Liverpool area [1].
",UOL_student_guide_visa_holders.pdf_p2_c4,"[""are doing your Masters www.ukcisa.org.uk/Information- dissertation; writing-up your PhD thesis -Advice/Visas-and-Immigration/ or making corrections following your Protecting-your-Student-status viva then this still counts as term time. Do not plan to travel or work more than 20 hours per week during this time. You should remain living in the Liverpool area during your studies.""]",1.955,1,4,1.0,40,True,6.23492780001834,
S2_modular_rag,nvidia/nvidia-nemotron-nano-9b-v2,V2Q044,Can the University start a student-conduct investigation from an anonymous report?,reasoning,hard,"Yes, but there needs to be evidence supporting a potential policy breach, such as CCTV or social-media material. The procedures also aim to avoid formal investigations for minor matters where another route is more suitable.",Student Conduct Procedures — Appendix A,UOL_student_conduct1.pdf_p3_c3,"

Yes, the University can start a student-conduct investigation from an anonymous report under specific conditions. Evidence [1] states that an investigation may be initiated from an anonymous complaint if there is evidence to support a potential breach (e.g., CCTV footage or social media posts). Additionally, evidence [3] clarifies that while anonymous allegations are not always investigable, exceptions exist (e.g., genuine fear or risk of reprisals) where withholding the reporting party’s identity may be considered on a case-by-case basis. [1][3]
","UOL_student_conduct1.pdf_p3_c3 | UOL_Student,Complaints,Policy,and,Procedure.pdf_p7_c4 | UOL_student_conduct1.pdf_p3_c2 | UOL_student_conduct1.pdf_p13_c3 | UOL_student_conduct1.pdf_p12_c1","[""-by-case basis and will be the exception rather than the norm. A report cannot be investigated if the reporting party does not wish the substance of the allegation to be made known to the responding party. 1.4 An investigation may be initiated from an anonymous complaint if there is evidence to support a potential breach of the policy has occurred, e.g. CCTV footage or social media posts. 1.5 Wherever possible, sufficient initial investigation into the conduct of the responding student(s) should be undertaken, to avoid initiating formal investigation procedures for either minor issues, or where other procedures of the University might better be followed. Informal Resolution or Local Disciplinary Action should be instigated for less serious breaches. 1.6 If no formal disciplinary action is"", ""there is good reason why a complaint is anonymous, we may investigate but this may limit both the investigation and also how we can respond to and support students. If a member of staff receives an anonymous complaint, they will be expected to seek advice from their line manager as to how the complaint should be dealt with. d) The University expects that a complaint will normally be made by the student concerned. Where the student wishes a third party (e.g. family member) to make the complaint on their behalf, they must provide the University with written permission to correspond with that third party to ensure that the University is not in breach of its duties and responsibilities under the Data 6"", ""s a cause for concern, advice on how to proceed may, in the first instance, be sought from the Student Conduct Team. If it is determined that the responding student’s conduct could constitute a breach of the Student Conduct Policy, then a decision as to the potential seriousness of the breach is required to agree which process to follow. 1.3 It is not always possible to investigate anonymous allegations, however where there are exceptional circumstances such as genuine fear or risk of reprisals, it may be possible to discuss the option of withholding the reporting student’s identity from the responding student. This will be assessed on a case-by-case basis and will be the exception rather than the norm. A report cannot be investigated if the reporting party does not wish the substance of t"", ""on, the Investigating Officer will produce an investigation report and evidence base and will make a recommendation to the Student Conduct Manager or nominee, that: • There is no case to answer, no further action should be taken but a note of the investigation should be kept on the responding student’s record until they graduate in case of complaint of further allegation(s); or • There is evidence to support a breach of the Student Conduct Policy has likely occurred but that the potential breach is not sufficiently serious to be referred to University Disciplinary Action and can be dealt with under Informal Resolution or Local Disciplinary Action; or • There is evidence to suggest a breach of the Student Conduct Policy has likely occurred, and the potential breach is of a serious nature su"", ""Student Conduct, Complaints and Compliance University’s procedures. The Guild of Students’ Advice Service has trained advisers who can provide this support. 7.4 The Investigating Officer will write to any reporting student(s) to advise them they are the Investigating Officer and arrange for an investigation meeting to take place. 7.5 Prior to the responding student’s investigation meeting, they will be provided with sufficient information to allow them to respond to the allegation(s). 7.6 Students are not able to be accompanied by a legal representative / adviser at any investigation meeting; however, they are entitled to seek legal advice at their own expense and their statements can be compiled on their behalf by persons legally qualified. 7.7 The Investigating Officer may hold one or mo""]",6.036 | 4.031 | 3.788 | 3.050 | 2.954,5,0,1.0,79,True,9.425213500042446,
S2_modular_rag,nvidia/nvidia-nemotron-nano-9b-v2,V2Q045,What must an international student do when their personal contact details change?,paraphrased,medium,They should update the University through the relevant online portal as soon as reasonably practicable. The University may also request evidence that the student is complying with their visa conditions.,Policy on UKVI Compliance — Student Route,UOL_UKVI_complience.pdf_p14_c1,"

When an international student's personal contact details change, they must inform the University via completion of the relevant online portal as soon as it is reasonable and practicable for them to do so [1].
",UOL_UKVI_complience.pdf_p14_c1 | UOL_UKVI_complience.pdf_p5_c6 | UOL_UKVI_complience.pdf_p4_c4 | UOL_UKVI_complience.pdf_p14_c3 | UOL_UKVI_complience.pdf_p2_c3,"[""POLICY ON UKVI - STUDENT COMPLIANCE including regular requests to verify and/or update their personal contact details. Students are expected to inform the University, via completion of the relevant online portal, of any changes to their personal contact details as soon as it is reasonable and practicable for them to do so. 15.3 The University reserves the right to request appropriate evidence from a student that they are complying with the conditions of the visa upon which they hold leave to remain in the UK, as it sees fit. 15.4 Where an international student is found to be, or with reasonable grounds is suspected of, failing to comply with the conditions of their visa, or where an international student is found to be, or with reasonable grounds is suspected of, failing to hold current le"", ""rsity campus via a secure, location-based system and confirm/update their personal contact details. Students on research programmes are required to have a complete Annual Progress Report (APR) for the previous academic session before they will be permitted to re-register for the current session. 3.10 Where an international student who is expected to continue into the next session fails to re-register within the prescribed enrolment period, the normal procedures for taking action will be followed by academic schools and faculties, which may result in the student being administratively withdrawn from their programme. In such cases, the student’s failure to re-register will be reported to UKVI via the SMS. In so doing, the University will withdraw any current sponsorship of the student (so ca"", ""will be monitored for Student Route compliance purposes. Section 8 provides more information regarding these expected interactions. 3.2 Initial registration requires international students to formally register their personal and academic details on the University’s student record system (and in so doing agree to abide by all University policies, regulations and procedures), to confirm their arrival on a University campus via a secure, location-based system, and to provide original immigration and qualification documentation that satisfies the requirements of this Policy. International students will not be considered fully registered until all of these steps have been completed. 3.3 Where an expected international student entrant fails to register their details on the student record system"", ""pert advice and support to international students. Staff are qualified to advise international students who require an extension to their current leave to remain in the UK, as well as to international students who wish to come to the UK with their families. International students should contact IAG if they require any advice regarding their ability to stay in the UK to study at the University. International Advice and Guidance, Student Services Centre, Alsop Building, Brownlow Hill, Liverpool Tel: +44(0)151 795 1000 Email: iagteam@liverpool.ac.uk In Person: Details of drop in services can be found on the website (https://www.liverpool.ac.uk/studentsupport/visas-and-immigration/) Policy on UKVI - Student Route Compliance Page 14 of 14"", ""categorised by the University as ‘overseas’ for fee payment purposes. An international student may not be residing in the UK on a Student Route visa, and may hold any nationality, including British and/or other EU/EEA member states. IAG International Advice and Guidance. A team providing professional and expert immigration advice to international students as well as support in other areas. Liverpool Life Online portal which, amongst other things, allows prospective and current international students to register on a programme of study, confirm their arrival on a UK campus and maintain their personal contact details. PGR Toolbox Online facility where, amongst other things, students on research programmes can record their monthly meetings with their research supervisors. Student Life Central""]",4.889 | 2.754 | 2.646 | 1.594 | 1.229,5,0,1.0,34,True,6.427969699958339,
S2_modular_rag,nvidia/nvidia-nemotron-nano-9b-v2,V2Q046,How can a student contact the Student Administration Centre?,factual,easy,"The guide lists the Student Administration Centre live chat, telephone number 0151 794 6758, and email address studentcentre@liverpool.ac.uk.",Student Guide for UK Visa Holders 2026,UOL_student_guide_visa_holders.pdf_p13_c1,"

The student can contact the Student Administration Centre via the following methods:  
- Live Chat at liverpool.service-now.com/sas [1]  
- Phone at 0151 7946758 [1]  
- Email at studentcentre@liverpool.ac.uk [1]
",UOL_student_guide_visa_holders.pdf_p13_c1 | UOL_postgraduate_handbook.pdf_p7_c8 | UOL_postgraduate_handbook.pdf_p34_c7 | UOL_undergraduate_handbook.pdf_p15_c2 | UOL_postgraduate_handbook.pdf_p15_c2,"[""Contact Us Student Administration Centre Live Chat: liverpool.service-now.com/sas T: 0151 7946758 E: studentcentre@liverpool.ac.uk liverpool.ac.uk Disclaimer This document is an overview of the University’s and student's responsibilities and is a guide for general information only. It does not represent a full statement of legal requirements and is not intended to be relied upon in any specific student's case. The University will not accept any responsibility for any omission, loss or damage arising from using this document. The University is entitled to revise it at any time."", ""s to full medical care including student-administration/ OR contact the identification around campus, and the 24-hour medical cover. The choice of Team directly: city region, where applicable. For fees, scholarships doctor is entirely your own. You may, if you Your physical student id card will have and bursaries enquiries: wish, register with the University Medical been distributed to you, in person at your E: feesenq@liverpool.ac.uk Practice based in the Student Health Centre school office or at the Welcome Week Hub. T: +44 (0)151 794 6777 if you live within the practice area (see Please refer to the following webpage for Chapter Six). more information liverpool.ac.uk/studentadministration/my-student-record/mystudent-id-card Your University – Handbook for Postgraduate Students10 / /11"", ""f a student. Excusal requests by the student Centre. Instructions about making an should be sent directly by a student to the Possession in the examination room of A repeat offence of something that has appointment with the team and contact Summoning Bureau. any device, such as a mobile phone, details are available at liverpool.ac.uk/ smart watch, or other method of previously been dealt with by Board of studentsupport/international/ communication or information storage Discipline – Chair’s Action; Academic Misconduct that is not completely switched off and is Being party to any arrangement whereby Jury service The University takes academic misconduct on the student’s person; a person other than the student very seriously and expects all students to From time to time students are called fo"", ""ises on health and safety, carries out inspections, and who is All students studying on any campus which are sometimes quite severe but passed on by prolonged, close contact. involved in accident investigation. If you of the University are subject to the which are not life threatening. What are the symptoms? see something which appears unsafe, you provisions of the Student Alcohol and There is no connection between this Early symptoms may be similar to those can report it to any Departmental Safety Drugs Policy liverpool.ac.uk/media/ illness and the more serious ones caused you get with flu or a hangover: Coordinator who will ensure the matter is livacuk/student-administration/student- by the meningococcal bacteria. The addressed. administration-centre/documents/ Feeling feverish meningoco"", ""ises on health and safety, carries out inspections, and who is All students studying on any campus which are sometimes quite severe but passed on by prolonged, close contact. involved in accident investigation. If you of the University are subject to the which are not life threatening. What are the symptoms? see something which appears unsafe, you provisions of the Student Alcohol and There is no connection between this Early symptoms may be similar to those can report it to any Departmental Safety Drugs Policy liverpool.ac.uk/media/ illness and the more serious ones caused you get with flu or a hangover: Coordinator who will ensure the matter is livacuk/student-administration/student- by the meningococcal bacteria. The addressed. administration-centre/documents/ Feeling feverish meningoco""]",4.850 | 2.725 | 2.347 | 1.613 | 1.613,5,0,1.0,29,True,9.06126799993217,
S2_modular_rag,nvidia/nvidia-nemotron-nano-9b-v2,V2Q047,"If a module affected by an accepted Personal Extenuating Circumstances claim is passed, can the student normally re-sit it simply to improve the mark?",reasoning,hard,"No. Under the changes described, passed modules affected by accepted PECs do not normally receive a reassessment opportunity merely to improve the mark. Mitigation is instead handled through adjusted overall-average rules, subject to stated exceptions.",University of Liverpool Code of Practice on Assessment and Appendices 2025-26 — Summary of Changes,"UOL_Code,of,Practice,on,Assessment,and,Appendices,2025-26,Summary,of,Changes.pdf_p1_c4","

The evidence does not explicitly state that a student can normally re-sit a passed module solely to improve the mark after an accepted Personal Extenuating Circumstances claim. Instead, the options are either to re-assess (with the possibility of improving the mark, as per [1] and [5]) or to keep the original mark, with the Board of Examiners considering the impact on degree classification [2]. Re-sitting a passed module for improvement is not presented as a standard or automatic right but requires committee approval. 

ANSWER: No, the evidence does not indicate that a student can normally re-sit a passed module simply to improve the mark after an accepted claim. Re-assessment is permitted only if the Extenuating Circumstances Committee approves it, and the student must follow the specific guidelines outlined in the policy [1, 5].
",UOL_extenuating_circumstances_policy.pdf_p15_c3 | UOL_extenuating_circumstances_policy.pdf_p15_c1 | UOL_extenuating_circumstances_policy.pdf_p13_c2 | UOL_postgraduate_handbook.pdf_p27_c9 | UOL_extenuating_circumstances_policy.pdf_p13_c1,"[""make an appropriate recommendation to the Board of Examiners on the classification of your degree. If you have had extenuating circumstances accepted for more than one passed module, you may choose for each module whether you wish to be re-assessed or to keep the original mark. 7. RE-ASSESSMENTS PERMITTED BY THE EXTENUATING CIRCUMSTANCES COMMITTEE If the Extenuating Circumstances Committee has judged that your performance has been affected by extenuating circumstances and you have been given the option by the Board of Examiners of re-taking/re-sitting the missed or affected assessment then you should note the following about re-assessment: (i) You will be permitted one re-sit/re-take of each of the examinations/assessments judged by the Extenuating Circumstances Committee to have been aff"", ""CODE OF PRACTICE ON ASSESSMENT – APPENDIX M ANNEXE 1 Policy on Extenuating Circumstances - Guidelines for Staff and Students Up to January 2026 for all online programmes delivered in partnership with Kaplan Higher Education or: re-taking the assessment while also pursuing your next year of study (see 5.2c above for the rules on the ‘carrying’ of failed credit). If your performance in an assessment for which no re-sit opportunity is available is judged to have been affected by extenuating circumstances but you have passed the module, the Extenuating Circumstances Committee will consider the impact of the affected mark on your overall results at the end of the final year and will make an appropriate recommendation to the Board of Examiners as to the classification of degree you should be awa"", ""may permit you to: either: be re-assessed in the relevant examination(s)/assessment(s) with the possibility of improving the mark (see section 7 below); or: keep the original mark but the Board of Examiners will take account of the fact that the performance represented by the mark was affected by extenuating circumstances when the degree classification is determined at the end of the final year. c) Extenuating circumstances that affect a re-assessment of an examination or assessment If extenuating circumstances have affected a re-assessed examination or assessment, the Extenuating Circumstances Committee may recommend that you should be allowed to re-sit/retake the examination/assessment again. This may be effected either by allowing you to ‘carry’ the failed credit (normally no more than"", ""rmining classification, unless examiner(s) must be undertaken in there are approved extenuating particular circumstances and according to circumstances; or certain rules. These are stipulated in section 4 of the University’s Code of Practice on Take another module in its place; the Assessment (liverpool.ac.uk/aqsd/ mark for this module will be recorded as academic-codes-of-practice/code- the actual mark and will not be capped. of-practice-on-assessment/). In the absence of any extenuating circumstances*, students will not normally be permitted a re- assessment opportunity to improve the mark for any module they have already passed. Your University – Handbook for Postgraduate50 / Students/51"", ""CODE OF PRACTICE ON ASSESSMENT – APPENDIX M ANNEXE 1 Policy on Extenuating Circumstances - Guidelines for Staff and Students Up to January 2026 for all online programmes delivered in partnership with Kaplan Higher Education b) Assessment marks that contribute to your final degree classification If, in any year of study in which the marks contribute to the final degree classification (except the final year), you have failed or missed an individual examination or assessment but have passed the module as a whole or the mark(s) achieved in one or more of your assessment(s) was/were affected by the extenuating circumstances, the Board of Examiners may permit you to: either: be re-assessed in the relevant examination(s)/assessment(s) with the possibility of improving the mark (see section 7 belo""]",5.105 | 4.485 | 4.020 | 3.778 | 3.712,5,0,0.0,133,True,14.695716199930757,
S2_modular_rag,nvidia/nvidia-nemotron-nano-9b-v2,V2Q048,Which University service provides specialist immigration advice and support to international students?,factual,easy,"International Advice and Guidance (IAG), based in Student Services, provides professional and expert immigration-related advice and support.",Policy on UKVI Compliance — Student Route,UOL_UKVI_complience.pdf_p14_c2,,UOL_UKVI_complience.pdf_p14_c3 | UOL_UKVI_complience.pdf_p2_c3 | UOL_undergraduate_handbook.pdf_p20_c3 | UOL_UKVI_complience.pdf_p14_c2 | UOL_student_guide_visa_holders.pdf_p9_c2,"[""pert advice and support to international students. Staff are qualified to advise international students who require an extension to their current leave to remain in the UK, as well as to international students who wish to come to the UK with their families. International students should contact IAG if they require any advice regarding their ability to stay in the UK to study at the University. International Advice and Guidance, Student Services Centre, Alsop Building, Brownlow Hill, Liverpool Tel: +44(0)151 795 1000 Email: iagteam@liverpool.ac.uk In Person: Details of drop in services can be found on the website (https://www.liverpool.ac.uk/studentsupport/visas-and-immigration/) Policy on UKVI - Student Route Compliance Page 14 of 14"", ""categorised by the University as ‘overseas’ for fee payment purposes. An international student may not be residing in the UK on a Student Route visa, and may hold any nationality, including British and/or other EU/EEA member states. IAG International Advice and Guidance. A team providing professional and expert immigration advice to international students as well as support in other areas. Liverpool Life Online portal which, amongst other things, allows prospective and current international students to register on a programme of study, confirm their arrival on a UK campus and maintain their personal contact details. PGR Toolbox Online facility where, amongst other things, students on research programmes can record their monthly meetings with their research supervisors. Student Life Central"", ""ol’s specialist English contact the Wellbeing Team by completing It can help you find appropriate ways to immigration matters such as dependent language facility. a quick triage form. This will connect you make changes in your life. You can contact visas and family visitors, personal and with the Student Advice and Guidance the Counselling Service for support with a cultural issues, integration, safety and The key services provided are: team and is the entry point to speak to variety of issues such as home and family wellbeing. If IAG cannot help directly, they Pre-sessional English Courses these are the Wellbeing Practitioners, Psychological relationships, depression, anxiety and panic have a wide range of contacts and can designed for international students who Therapists and the Mental"", ""the conditions of their visa, or where an international student is found to be, or with reasonable grounds is suspected of, failing to hold current leave to remain in the UK which allows them to study on a University programme, or where an international student is otherwise deemed to be endangering the University’s Student sponsor licence, the University reserves the right to administratively interrupt or withdraw the student from their programme of study, in order to protect its Student sponsor licence. 16. Support for international students 16.1 International Advice and Guidance (IAG), based in Student Services, provides professional and expert advice and support to international students. Staff are qualified to advise international students who require an extension to their current leav"", ""sh programmes will normally be 5 and/or progress is unsatisfactory. advice to international days following the programme start date, ELC staff are able to offer help to students on a range of as indicated in their offer documentation. international students based at the immigration and welfare Students do not need to enrol for the ELC. For more information please visit English language support classes but liverpool.ac.uk/english-languagematters. may need to register their details for centre/ some of the support. Staff are qualified to advise international students who require an extension to their current visa, as well as international students who wish to come to the UK with their families. International students should contact IAG if they require any advice regarding their Study abroad a""]",6.338 | 6.233 | 5.746 | 5.134 | 4.385,5,0,1.0,1,False,20.665202800068073,
S2_modular_rag,nvidia/nvidia-nemotron-nano-9b-v2,V2Q049,What does an Undergraduate Student Route visa holder normally need before returning to study after an interruption?,factual,easy,"They normally need a new Confirmation of Acceptance for Studies from the University, requested around three months before returning, so they can apply for and obtain a new Student Route visa.",University of Liverpool Undergraduate Handbook,UOL_undergraduate_handbook.pdf_p37_c10,,UOL_UKVI_complience.pdf_p8_c3 | UOL_undergraduate_handbook.pdf_p37_c10 | UOL_UKVI_complience.pdf_p10_c5 | UOL_student_guide_visa_holders.pdf_p5_c2 | UOL_UKVI_complience.pdf_p9_c1,"[""nal students who require an extension to their Student Route visa in order to remain on their current programme must request a CAS from Student Life at least three months before their existing leave expires. 7.3 International students who require a new Student Route visa in order to resume their current programme (e.g. following an interruption) must request a CAS from Student Life at least three months before they expect to return to their studies. 7.4 As part of any request for a CAS, international students will be required to complete a questionnaire and provide supporting documentation in relation to their immigration status and history. 7.5 Where necessary, an international student may be asked to provide IAG with additional documentation that relates to their Student Route visa appli"", ""n clinical programmes should need to leave the UK for the entire period in which you wish to study (via the School refer to their Programme Handbook for of your interruption. You will also need to Student Support Office). information regarding any additional request a new Confirmation of Acceptance requirements that need to be met before for Studies (CAS) from the University three returning to study. months before you wish to return to your studies to apply for and be issued with a new Student Route visa. Your University – Handbook for Undergraduate Students70 / /71"", ""ogrammes). 10.3 Student Route visa holders whose work placement does not form an integral part of their programme, and who therefore interrupt their studies for the duration of the placement(s), will not be sponsored by the University for the duration of the placement(s) and the student’s Student Route visa will be cancelled. Subsequent resumption of study would require the student to be issued with a new CAS in order to apply for a new Student Route visa. Policy on UKVI - Student Route Compliance Page 10 of 14"", ""dies for any reason so you must leave the UK. withdrawing from your studies Transfer into another programme of study If you fail to register or re-register or research discipline if you can complete Deferral, interruption or NO. You will not be studying You should speak with IAG. If you complete your studies the new programme before the expiry suspension of studies for at the University during this You will need a new CAS and any reason, voluntary or break in your studies so you to apply for a new Student earlier than the end date on your CAS date of your current visa and the new enforced must leave the UK. visa in order to return to your subject is related to the old subject. studies at a later date. If you withdraw from your studies for Some transfers will require you to obtain any reaso"", ""POLICY ON UKVI - STUDENT COMPLIANCE 7.6 Upon submission of a Student Route visa application inside the UK, the student is required to submit evidence of the application to Student Life in order to prove that they continue to reside in the UK legally. Acceptable evidence of the application is limited to documentation provided at the conclusion of the online application process. Where evidence is not submitted, is deemed unacceptable or demonstrates that an application was made after the expiry date of the student’s previous visa, the University reserves the right to administratively interrupt or withdraw the student from their programme of study, in order to protect its Student sponsor licence. Student Life will report the student’s change of circumstances to UKVI via SMS and, in so doing,""]",5.075 | 4.071 | 3.216 | 1.959 | 1.877,5,0,1.0,1,False,17.41160300001502,
S2_modular_rag,nvidia/nvidia-nemotron-nano-9b-v2,V2Q050,A student's complaint cannot be resolved informally. What escalation route does the handbook describe?,reasoning,hard,"The Student Complaints Procedure has three stages—Early Resolution, Formal Complaint and Review—allowing escalation when the student believes the issue has not been resolved satisfactorily.",University of Liverpool Postgraduate Handbook,UOL_postgraduate_handbook.pdf_p38_c4,,"UOL_postgraduate_handbook.pdf_p38_c5 | UOL_undergraduate_handbook.pdf_p42_c5 | UOL_undergraduate_handbook.pdf_p42_c10 | UOL_postgraduate_handbook.pdf_p38_c10 | UOL_Student,Complaints,Policy,and,Procedure.pdf_p4_c3","[""uld a student front of this handbook, sets out the student normally within 25 working days Procedure does not cover the following consider that such an issue or concern has general entitlements and responsibilities of the receipt of the complaint within the matters for which separate procedures exist: not or cannot be resolved informally. of students. If you believe you have a School/Institute/service. If it should prove Assessment appeals Assessment legitimate complaint, you should refer in the first instance to the Student Charter to Early Resolution impossibleworking days,to respondthe studentfullyshallwithinbe25informed appealsUniversity- Studentof LiverpoolAdministrationand - The majority of complaints can be clarify what is reasonable for you to expect in writing of the revised times"", ""uld a student front of this handbook, sets out the student normally within 25 working days Procedure does not cover the following consider that such an issue or concern has general entitlements and responsibilities of the receipt of the complaint within the matters for which separate procedures exist: not or cannot be resolved informally. of students. If you believe you have a School/Institute/service. If it should prove Assessment appeals Assessment legitimate complaint, you should refer in the first instance to the Student Charter to Early Resolution impossibleworking days,to respondthe studentfullyshallwithinbe25informed appealsUniversity- Studentof LiverpoolAdministrationand - The majority of complaints can be clarify what is reasonable for you to expect in writing of the revised times"", ""being sought. an informal basis. unless the student escalates the complaint For postgraduate research students, to the Review Stage of this Procedure within issues relating to their supervision may be 10 working days of the date on which the raised with their Departmental or School/ written response is sent to the student. Institute Director of Postgraduate Research if the issue cannot be raised with their supervisory team. Your University – Handbook for Undergraduate Students80 / /81"", ""being sought. an informal basis. unless the student escalates the complaint For postgraduate research students, to the Review Stage of this Procedure within issues relating to their supervision may be 10 working days of the date on which the raised with their Departmental or School/ written response is sent to the student. Institute Director of Postgraduate Research if the issue cannot be raised with their supervisory team. Your University – Handbook for Postgraduate Students72 / /73"", ""he law. The University’s Code of Practice Regarding Freedom of Speech sets out the University’s commitments and values in this area. In line with guidance from the Office for Students, cases relating to free speech matters (whether they involve staff or students) will be subject to a preliminary assessment by an appropriate senior officer(s) to assess whether further investigation is warranted. d) There are three stages within the Complaints Procedure; Early Resolution, Formal Complaint and Review. This allows a student to escalate their complaint should they consider that it has not, or cannot, be resolved informally. Where a complaint is upheld, we will seek to put things right for a student where possible. If a complaint is not upheld, we will give reasons for the decision. e) Other Uni""]",4.816 | 4.816 | 3.537 | 3.395 | 2.076,5,0,0.0,1,False,23.10389100003522,
S2_modular_rag,nvidia/nvidia-nemotron-nano-9b-v2,V2Q051,What should a Student visa holder do to protect their immigration status while studying at Liverpool?,procedural,medium,"They should comply with the responsibilities described in the visa-holder guidance, keep required immigration documentation up to date, and inform the University of relevant changes because the University has sponsor-reporting duties to UKVI.",Student Guide for UK Visa Holders 2026,UOL_student_guide_visa_holders.pdf_p3_c1,"

To protect their immigration status while studying at the University of Liverpool, a Student visa holder must comply with the work restrictions outlined in their visa conditions. Specifically, they should avoid activities such as opening a business, working self-employed, acting as an employer, or engaging in professional sports or entertainment work, as these are prohibited under their Student visa [3]. Additionally, they must ensure they meet all immigration requirements and maintain valid documentation, as the University is responsible for verifying and retaining their immigration records [1]. Failure to adhere to these rules could jeopardize their status.
",UOL_UKVI_complience.pdf_p6_c2 | UOL_student_guide_visa_holders.pdf_p3_c1 | UOL_student_guide_visa_holders.pdf_p10_c4 | UOL_student_guide_visa_holders.pdf_p9_c3 | UOL_UKVI_complience.pdf_p6_c1,"[""rival date into the UK 4.2 All Student Route visas must confirm the student’s entitlement to study with the University of Liverpool. This will be normally be indicated by the inclusion of the University’s Sponsor Licence Number (SLN), N5WWG40J6. 4.3 The requirement to provide the University with their immigration documentation as part of the registration process applies to all international students, not just those residing in the UK on a Student Route visa. This requirement is made clear to all international students in their pre-arrival and registration guidance documentation. 4.4 The task of verifying and retaining immigration documentation and the responsibility for ensuring compliance with this requirement falls within Student Life. Student Life provides guidance and training annually"", ""0202 03 This document explains the duties the Copy of Academic Technology University has as a visa sponsor. It also Approval Scheme (ATAS) certificate, explains what you need to do during if required your studies to protect your immigration Evidence of any visa refusal and, Introduction status in the UK. By registering with the if applicable, any appeal or The University of Liverpool has a licence with the UK Home University, you agree to meet these administrative review. Office to sponsor international students for visa purposes. responsibilities. If you do not, it may affect your stay in the UK. As a licensed sponsor, the University is As a visa sponsor with a Student licence, the University required to report the following changes has specific duties and responsibilities to UK Visas and"", ""to Student There are also restrictions on what type Administration. of work you can do, you should find out Student visa holders coming to The what these are. For example, you may not: University of Liverpool for an intercalating Open up a business of your own year are permitted to do so whilst Work on a self-employed basis (this holding a Student visa for their previous includes business based outside the institution. These students must provide UK or online businesses) evidence to Student Administration that Act as an employer in any way their Student visa sponsor has notified UKVI of the change of institution. Work as an entertainer Work as a professional sports person Sign a permanent contract of employment."", ""ts who wish to come to the UK with their families. International students should contact IAG if they require any advice regarding their Study abroad ability to stay in the UK to study at the Student visa holders going on a period of In these cases, return to the UK would University. study abroad as an integral part of their require the student to be issued with a programme are allowed to keep their new CAS in order to apply for a new existing Student visa for the duration of Student visa. their time studying abroad. Students must meet all the immigration International Advice and requirements of the country they Guidance, Student Welfare Advice are going to study in. and Guidance, Alsop Building, Brownlow Hill, Liverpool The University must continue to monitor T: +44(0)151 795 1000 attendan"", ""POLICY ON UKVI - STUDENT COMPLIANCE visa) and the student will be required to leave the UK (where the student remains in the UK). Any later agreement to recommence study at the University would require the student to be issued with a new CAS in order to apply for a new Student Route visa to enter the UK. 4. Immigration documentation 4.1 For all international students, the University is required to verify and retain copies of their: a) Current passport, showing all personal identity (including biometric) details, stamps and/or immigration status documents; and, b) e-visa showing their right to be in the UK and right to study c) Proof of the arrival date into the UK 4.2 All Student Route visas must confirm the student’s entitlement to study with the University of Liverpool. This will be norm""]",4.959 | 4.576 | 4.542 | 4.430 | 4.326,5,0,1.0,96,True,10.198581200093031,
S2_modular_rag,nvidia/nvidia-nemotron-nano-9b-v2,V2Q052,What should a postgraduate student do after becoming a victim of crime if they also need ongoing support?,paraphrased,medium,They should first report the crime to the Police and can then contact the University's Wellbeing Team for ongoing support. The incident can also be reported to the University through its reporting tools.,University of Liverpool Postgraduate Handbook,UOL_postgraduate_handbook.pdf_p14_c8,"

If a postgraduate student becomes a victim of crime and requires ongoing support, they should contact the Wellbeing Team in the Alsop Building [1]. This is explicitly stated in the Postgraduate Handbook as the recommended step for addressing ongoing support needs after a crime. Additional actions, such as reporting to the police or using the online reporting tool, are also mentioned but are not the primary focus for ongoing support.
",UOL_postgraduate_handbook.pdf_p14_c8 | UOL_undergraduate_handbook.pdf_p14_c8,"[""room unnecessary delay. If you have been a victim of crime and of any restricted areas. Check that you The following can help cut down the need ongoing support, then please contact know the local health and safety rules risk of fire: The Wellbeing Team, Alsop Building located and procedures. Find out who your main If you have been a victim Do not smoke in bed (smoking is not on University Square (Building no. 759: contacts are if you have a safety issue permitted in Halls of Residence) of a crime, you should first Ref E7 liverpool.ac.uk/maps). or concern to raise. Do not use candles or oil burners in study report this to the Police and You can also report an incident to the Be aware that most accidents at the bedrooms University via our online reporting tool, University are as a result of"", ""room unnecessary delay. If you have been a victim of crime and of any restricted areas. Check that you The following can help cut down the need ongoing support, then please contact know the local health and safety rules risk of fire: The Wellbeing Team, Alsop Building located and procedures. Find out who your main If you have been a victim Do not smoke in bed (smoking is not on University Square (Building no. 759: contacts are if you have a safety issue permitted in Halls of Residence) of a crime, you should first Ref E7 liverpool.ac.uk/maps). or concern to raise. Do not use candles or oil burners in study report this to the Police and You can also report an incident to the Be aware that most accidents at the bedrooms University via our online reporting tool, University are as a result of""]",1.408 | 1.408,2,3,1.0,70,True,33.33215629996266,
S2_modular_rag,nvidia/nvidia-nemotron-nano-9b-v2,V2Q053,Why is notifying the School before a missed examination or assessment important when claiming extenuating circumstances?,reasoning,hard,"Prior notification is normally required for the missed assessment to be treated as a first-attempt reassessment. Without advance notification, that outcome is only available in exceptional circumstances where prior notice was not feasible.",University of Liverpool Extenuating Circumstances Policy,UOL_extenuating_circumstances_policy.pdf_p3_c4,"

The importance of notifying the School before a missed examination or assessment lies in ensuring the absence is authorized. According to [3], if you are unable to attend an examination or assessment due to illness or other unavoidable circumstances, you must inform your department/school **before** the event occurs, preferably in writing or by email. This step is critical because it allows the School to formally recognize the absence as authorized, which is a prerequisite for the Extenuating Circumstances Committee to consider your claim. Without prior notification, the absence may not be validated, potentially invalidating your request for re-assessment or other accommodations.
",UOL_extenuating_circumstances_policy.pdf_p7_c2 | UOL_extenuating_circumstances_policy.pdf_p4_c2 | UOL_extenuating_circumstances_policy.pdf_p3_c3 | UOL_extenuating_circumstances_policy.pdf_p10_c6 | UOL_extenuating_circumstances_policy.pdf_p15_c5,"[""claiming have affected your performance predate your assessment. In the event that your circumstances are such that there is no independent documentary evidence, the Extenuating Circumstances Committee will expect to see evidence that you alerted someone within the University, at the time, that you were experiencing difficulties with your studies. This may be a letter from your academic adviser or School teaching support staff or from a central support service (e.g. Counselling Service, Student Support Services). Such people may decline to provide you with a statement if they consider that they cannot confirm that the circumstances which you are claiming have affected your performance predate your assessment; it is at their discretion whether or not to provide a statement. Please note that"", ""extenuating circumstances are only considered at a few meetings during the year. In the case of coursework (e.g. essays), if you are experiencing extenuating circumstances around the time of the submission deadline you should consider applying for an exemption from late penalties. See below for details of the Extenuating Circumstances Process: THE EXTENUATING CIRCUMSTANCES PROCESS If you will be unable to attend an examination or complete an assessment which counts towards the final mark of a module owing to illness or other unavoidable circumstances, you must inform your Department/School (or other team/office as indicated in 2.1 above) before the examination/assessment takes place, preferably in writing or by email Contact your academic adviser or School teaching support staff for advic"", ""se procedures. 1. ABSENCE FROM EXAMINATIONS/SUBMISSION OF ASSESSMENT 1.1 If you are unable to attend an examination or assessment which counts towards the final mark of a module owing to illness or other unavoidable circumstances, you must inform your department/school, preferably in writing or by email, before the examination or assessment takes place, in order for the absence to be regarded as authorised. Provided that acceptable evidence of ‘good cause’ for such absence (e.g. a medical note) is presented for consideration by the Extenuating Circumstances Committee in accordance with the procedures set out below, you will be granted a right to re-assessment as a first attempt (unless the examination or assessment missed was not a ‘first attempt’ examination). Only in exceptional circumst"", ""examination (e.g. building noise, error on the exam paper, fire alarm), your School may email you after the examination to confirm that the Board of Examiners will be informed of the circumstances and take them into consideration for all students affected and you may therefore not need to submit an extenuating circumstances form. Events during a time-limited online assessment You should inform you school office if there is an issue impacting on your performance during a timed assessment. The School Office will record this at the time. For IT issues, please see the relevant section above. If you are taken ill during a timed assessment you should inform you School Office at the time and you will need to submit an extenuating circumstances form and appropriate evidence (see Physical illness a"", ""the Extenuating Circumstances Committee to be taken as a first attempt that is uncapped, the Board of Examiners will not take into account the original claim of extenuating circumstances when considering progression or final degree classification. Whenever an examination/assessment is re-assessed, the mark achieved in the re-assessment always replaces any previous mark - even when the earlier mark is higher. 8. EXTENUATING CIRCUMSTANCES AND ELEMENTS OF ASSESSED WORK Where elements of the work making up the final mark are missing (for example, coursework) and the extenuating circumstances are accepted, the Extenuating Circumstances Committee will advise on what work must be completed in order that the final mark can be awarded. Where an assessment or assessments have been missed by a studen""]",5.038 | 4.942 | 4.895 | 4.503 | 4.304,5,0,0.0,101,True,11.103590699960478,
S2_modular_rag,nvidia/nvidia-nemotron-nano-9b-v2,V2Q054,What records should be retained or sent to the Student Conduct Team after a local conduct investigation?,procedural,medium,"The designated staff member should retain investigation meeting notes and the outcome letter securely on the student file, and send the meeting notes, evidence and outcome letters to the Student Conduct Team so a central disciplinary record can be kept.",Student Conduct Procedures — Appendix A,UOL_student_conduct1.pdf_p6_c4,,UOL_student_conduct1.pdf_p7_c2 | UOL_student_conduct1.pdf_p6_c4 | UOL_student_conduct1.pdf_p13_c3 | UOL_student_conduct1.pdf_p8_c3 | UOL_student_conduct1.pdf_p7_c3,"[""On receipt of the case, the designated member of staff will review the investigation report and evidence obtained to ascertain whether they agree with the evidence presented. 3.18 If the designated member of staff agrees with the findings they may issue a sanction as set out in accordance with 1.4 of Appendix B Student Conduct Breaches. This should be communicated to the responding student in writing within 10 working days of receiving the case from a member of the Student Conduct Team. 3.19 If the designated member of staff does not agree with the findings or they have further questions they should arrange to speak to the student themselves following the procedure from 3.4 onwards above. 3.20 Records should be retained for six years after the student has left the University. 4 Local Disci"", ""orting student to let them know, where possible, the outcome of the investigation into the alleged breach, including why this decision has been reached. In all circumstances, they will inform them that the investigation has concluded. 3.14 A copy of the notes of the investigation meeting and the outcome letter to the responding student should be retained by the designated staff member or their professional services staff against the student file and in a secure location. 3.15 Copies of the notes of the investigation meeting, any evidence and the outcome letters to the students should be sent to the Student Conduct Team at StudentConduct@liverpool.ac.uk in order that a central record of disciplinary action against the student can be retained. This is to ensure that first, should the student"", ""on, the Investigating Officer will produce an investigation report and evidence base and will make a recommendation to the Student Conduct Manager or nominee, that: • There is no case to answer, no further action should be taken but a note of the investigation should be kept on the responding student’s record until they graduate in case of complaint of further allegation(s); or • There is evidence to support a breach of the Student Conduct Policy has likely occurred but that the potential breach is not sufficiently serious to be referred to University Disciplinary Action and can be dealt with under Informal Resolution or Local Disciplinary Action; or • There is evidence to suggest a breach of the Student Conduct Policy has likely occurred, and the potential breach is of a serious nature su"", ""r Local Disciplinary Authority as set out in the Student Conduct Policy. 4.5 The outcome of the appeal and the reasons for them will be set out in writing to the responding student and the reporting party and any change to the decision and/or the sanction should be implemented. 4.6 The student will have completed the University’s internal appeal procedures and, a Completion of Procedures letter will be issued. The student will also be advised of their right to refer to the OIA. 4.7 Copies of the review documentation and the outcome letter must be submitted to the Student Conduct Team in order that a central record of disciplinary action against the student can be retained. APPENDIX A – STUDENT CONDUCT POLICY PROCEDURES"", ""following the procedure from 3.4 onwards above. 3.20 Records should be retained for six years after the student has left the University. 4 Local Disciplinary Action – Right of Appeal 4.1 A responding student has the right of appeal of the decision taken under Local Disciplinary Action, but these can only be submitted on the following grounds: a) That there were procedural irregularities in the consideration and in the decisions made under Local Disciplinary Action which had a material bearing on the outcome reached and therefore renders the outcome unfair; b) That new information is available which is material to the decisions taken and which, for a valid reason, was not available at the time that the case was considered; c) That the sanction imposed is disproportionate to the offence. 4.2""]",6.095 | 5.833 | 4.747 | 4.197 | 4.165,5,0,1.0,1,False,19.413086000015028,
S2_modular_rag,nvidia/nvidia-nemotron-nano-9b-v2,V2Q055,What should an undergraduate student do if they are a victim of crime and need support?,paraphrased,medium,They should report the crime to the Police and may contact the University's Wellbeing Team for ongoing support. They can also report the incident to the University through its online reporting route.,University of Liverpool Undergraduate Handbook,UOL_undergraduate_handbook.pdf_p14_c8,"

If you are a victim of a crime, you should first report this to the Police [2]. Then, you should contact Campus Support or the Wellbeing Team for further support [2,3]. You can also report the incident via the online reporting tool [3,4].
",UOL_postgraduate_handbook.pdf_p14_c1 | UOL_undergraduate_handbook.pdf_p14_c1 | UOL_undergraduate_handbook.pdf_p14_c8 | UOL_postgraduate_handbook.pdf_p14_c8 | UOL_postgraduate_handbook.pdf_p14_c7,"[""With the aim of preventing unauthorised If you have been a victim of a crime, you Clean up any spillages you see or create. Do not damage anything that has been persons from entering buildings, the should first report this to the Police and If you see any unsafe conditions whilst provided for your safety (eg directional building management staff and security Campus Support to ensure your safety and moving around the campus (eg damaged signage, fire extinguishers, fire doors, etc). staff have been instructed to ask strangers security before seeking further support. flagstones, potholes in roads, torn carpets Accidents and incidents to produce evidence of identity, and in buildings, etc) bring it to the attention www.liverpool.ac.uk/studentsupport/ All accidents (including ‘near miss’ studen"", ""With the aim of preventing unauthorised If you have been a victim of a crime, you Clean up any spillages you see or create. Do not damage anything that has been persons from entering buildings, the should first report this to the Police and If you see any unsafe conditions whilst provided for your safety (eg directional building management staff and security Campus Support to ensure your safety and moving around the campus (eg damaged signage, fire extinguishers, fire doors, etc). staff have been instructed to ask strangers security before seeking further support. flagstones, potholes in roads, torn carpets Accidents and incidents to produce evidence of identity, and in buildings, etc) bring it to the attention www.liverpool.ac.uk/studentsupport/ All accidents (including ‘near miss’ studen"", ""room unnecessary delay. If you have been a victim of crime and of any restricted areas. Check that you The following can help cut down the need ongoing support, then please contact know the local health and safety rules risk of fire: The Wellbeing Team, Alsop Building located and procedures. Find out who your main If you have been a victim Do not smoke in bed (smoking is not on University Square (Building no. 759: contacts are if you have a safety issue permitted in Halls of Residence) of a crime, you should first Ref E7 liverpool.ac.uk/maps). or concern to raise. Do not use candles or oil burners in study report this to the Police and You can also report an incident to the Be aware that most accidents at the bedrooms University via our online reporting tool, University are as a result of"", ""room unnecessary delay. If you have been a victim of crime and of any restricted areas. Check that you The following can help cut down the need ongoing support, then please contact know the local health and safety rules risk of fire: The Wellbeing Team, Alsop Building located and procedures. Find out who your main If you have been a victim Do not smoke in bed (smoking is not on University Square (Building no. 759: contacts are if you have a safety issue permitted in Halls of Residence) of a crime, you should first Ref E7 liverpool.ac.uk/maps). or concern to raise. Do not use candles or oil burners in study report this to the Police and You can also report an incident to the Be aware that most accidents at the bedrooms University via our online reporting tool, University are as a result of"", ""te assistance Familiarise yourself with the buildings you Separate arrangements apply to lost of staff. They have been trained to if you have to deal with the injured or ill study and live in. Get to know the layout, property recovered within the Guild of assist you and ensure you are safe person; the call to campus support will the different fire arrangements (ie “stay Students building, and you should enquire in a potential emergency situation. ensure that the emergency services are put” policy or full evacuation), escape at the reception desk. called and that they get to you without routes and assembly points. Be aware At your residence or room unnecessary delay. If you have been a victim of crime and of any restricted areas. Check that you The following can help cut down the need ongoi""]",3.109 | 3.109 | 2.855 | 2.855 | 2.277,5,0,1.0,43,True,17.73449140007142,
S2_modular_rag,nvidia/nvidia-nemotron-nano-9b-v2,V2Q056,Why does the conduct policy require reliable identification before treating a substance as a Class A controlled drug?,reasoning,hard,Because the conduct classification depends on evidence that the substance is actually the controlled drug in question. It may be identified by the student or by a suitably qualified person or organisation rather than assumed without evidence.,Student Conduct Breaches and Indicative Sanctions — Appendix B,UOL_student_conduct2.pdf_p10_c3,"

The conduct policy requires reliable identification before treating a substance as a Class A controlled drug to ensure accurate classification, as the sanctions for Class A drugs are more severe. This is explicitly stated in [1], which specifies that possession, supply, or production is treated as a Class A drug only if the student or a qualified individual identifies it as such. [2] further supports this by noting the University may classify a substance as a specific controlled drug based on probable identification, emphasizing the need for reliable evidence to avoid misclassification.
",UOL_student_conduct2.pdf_p10_c3 | UOL_student_conduct2.pdf_p10_c2,"[""lled drug. This is likely to be the case where a student has positively identified the substance, or where they indicate that they obtained it on the premise that it was the controlled drug in question. Possession, supply, or production of a substance will only be treated as possession, supply, or production of a Class A controlled drug where it is identified as that controlled drug by the student or a suitably qualified individual or organisation. 7.6 Fraud and Dishonesty Breaches Indicative sanction A Fraudulent production of University documentation (e.g., Category 3 acceptance letters, transcripts, letters of recommendation, coursework receipts) B Fraudulent use of the University’s name, logo, or a Category 2 or 3 University user account, or fraudulently claiming association with the U"", ""d Drugs Breaches A Possession of a controlled drug (Class B or C) * Category 1 or 2 B Possession of a controlled drug (Class A) * Category 2 or 3 C Possession of a psychoactive substance (second breach) Category 1 D Possession of a controlled drug (second breach) or a Category 2 or 3 psychoactive substance (three or more breaches) E Supply of a controlled drug or a psychoactive substance Category 2 or 3 F Production of a controlled drug or a psychoactive Category 3 substance * The University reserves the right to consider a substance to be a certain type of controlled drug where, on the balance of probabilities, it is likely to be that controlled drug. This is likely to be the case where a student has positively identified the substance, or where they indicate that they obtained it on the""]",2.456 | -0.615,2,3,1.0,92,True,9.152334799990058,
S2_modular_rag,nvidia/nvidia-nemotron-nano-9b-v2,V2Q057,What happens after a disciplinary panel finds a breach and hears the reporting student's impact statement?,procedural,medium,"The responding student is invited to provide a reflection and any mitigating factors, after which the responding student and representative withdraw while the Panel considers what sanction or sanctions to impose.",Student Conduct Procedures — Appendix A,UOL_student_conduct1.pdf_p24_c2,"

After a disciplinary panel finds a breach and hears the reporting student's impact statement, the following occurs:  
1. The reporting student is asked to leave the hearing but may remain to hear details of the sanctions imposed that are relevant to them [3].  
2. The Chair reviews the impact statement submitted by the reporting student before any sanctions are imposed [5].  
3. The responding student may address the impact statement during their time in the hearing, but this is not an opportunity to raise new allegations [3].  
4. Sanctions are determined based on the breach, the impact statement, and any mitigating factors raised by the responding student [5].  

This process ensures the impact of the breach is considered before finalizing sanctions.
",UOL_student_conduct1.pdf_p20_c1 | UOL_student_conduct1.pdf_p24_c1 | UOL_student_conduct1.pdf_p21_c3 | UOL_student_conduct1.pdf_p21_c2 | UOL_student_conduct1.pdf_p16_c2,"[""Student Conduct, Complaints and Compliance a breach of the Student Conduct Policy be found to have taken place, the reporting party can provide an impact statement to the panel. This can be done in person or can be written and read out by the Adviser to the panel at the appropriate time. 12.7 Witnesses will not be called if a student admits a breach. 13 University Disciplinary - Attendance at the Hearing 13.1 The University believes that it is in the best interests of responding students for them to attend a hearing of the University Disciplinary Panel, so they are normally expected to be present. Reporting students are also expected to attend the hearing. See section 12.5 above for information on reasonable adjustments. 13.2 The University believes that it is in the best interests of repo"", ""Student Conduct, Complaints and Compliance the Panel’s determination as to whether it finds a breach of the Student Conduct Policy has occurred or not. 16.13 If a breach is found not to have occurred, the responding student will be informed of this finding and will then be asked to leave. 16.14 The reporting student will then be invited back into the hearing and will be informed of this finding, after which the Chair will close the hearing. 16.15 If a breach is found to have occurred, in full or in part, the responding student will be informed of this finding and will be asked to remain in the hearing. The reporting student will then be invited back into the hearing and will be informed of this finding and will be invited to make a statement regarding the impact of the events, and any conc"", ""he Panel by the Adviser. This statement may detail the impact the breach of the policy has had on them, measures they would wish to be put in place to protect their safety and their views on potential sanctions. The reporting student will then be asked to leave the hearing. They can remain available if they wish to hear details of the sanctions imposed which are relevant to them. 15.4 The Chair will ask the responding student if they wish to add anything further. The responding student has the right to respond to anything raised in the reporting party’s impact statement during this time. It is not an opportunity to raise counter allegations as that should have occurred during the investigation. 15.5 The Chair will invite the responding student to raise any mitigating factors they would lik"", ""ll then be followed. If the alleged breaches are denied, in full or in part, procedure B will be followed. 15 University Disciplinary - Procedure A: Follow if the student admits the allegation. 15.1 The Chair will invite the Investigating Officer to present their findings. 15.2 The Chair will invite the responding student to make a statement. 15.3 If applicable, the Chair will invite the reporting party into the hearing and will advise that the responding student has admitted the alleged breach(es) of the Student Conduct Policy. The Chair will invite the reporting student to make an impact statement. Alternatively, this will be presented to the Panel by the Adviser. This statement may detail the impact the breach of the policy has had on them, measures they would wish to be put in place to"", ""wish to provide an impact statement which will be reviewed by the Chair prior to any sanction being imposed. 9.9 Upon receipt of the student’s response, or by the deadline by which the student should have responded, the Student Conduct Manager or nominee will write to a Chair of the University Disciplinary Panel and will provide them with the investigation report and evidence base for the case, which will include details of the breach(es) that have been admitted. The Chair will also receive any mitigation statement submitted by the responding student and any impact statement submitted by the reporting party. The Student Conduct Manager will also provide details of any previous record of misconduct on behalf of the responding student as well as details of past precedent, where necessary. 9""]",6.460 | 6.129 | 5.839 | 5.283 | 4.366,5,0,0.0,121,True,19.486661500064656,
S2_modular_rag,nvidia/nvidia-nemotron-nano-9b-v2,V2Q058,What route is available to a postgraduate student who wants to challenge certain decisions of the Board of Examiners?,factual,easy,"The handbook directs students to the University's assessment-appeal process for eligible challenges to Board of Examiners decisions, subject to the applicable grounds and procedures.",University of Liverpool Postgraduate Handbook,UOL_postgraduate_handbook.pdf_p38_c1,"

The postgraduate student can request a review of the Board of Examiners' decision if dissatisfied with the outcome. This is supported by [5], which states that students dissatisfied with the outcome may be entitled to request a Review of the decision.
","UOL_StudentAttendancePolicy-REVISEDJUL2025,v1.3.pdf_p7_c4 | UOL_StudentAttendancePolicy-REVISEDJUL2025,v1.3.pdf_p9_c5 | UOL_extenuating_circumstances_policy.pdf_p4_c4 | UOL_undergraduate_handbook.pdf_p42_c1 | UOL_postgraduate_handbook.pdf_p38_c1","[""after Stage Three has been reached; fails to attend the Attendance Progress Review Meeting; or fails to take any recommended action(s) which have been put in place to seek to mitigate any issues they are experiencing, then the student’s case will be referred to a formal Progression Board of Examiners or Progress Panel (acting on behalf of a Board of Examiners). For Student Route visa holding students, please refer to section 5.13. 4.10 The formal Progress Panel/Progression Board of Examiners should be convened within a further ten working days. The student is not required to attend the meeting of the Progress Panel/Progression Board of Examiners, unless they are specifically invited to do so. 4.11 A detailed record of all notes, correspondence and action plans shall be retained within stu"", ""red through the various intervention points. 5.13 Student Route visa holding students who reach stage 3 and do not meet the conditions of reengagement following the meeting, as outlined in section 4.12, must be referred to the UKVI Attendance Compliance Panel (rather than a formal Progression Board of Examiners or Progress Panel acting on behalf of a Board of Examiners). The UKVI Attendance Compliance Panel should be convened within a further ten working days. The student is not required to attend the meeting, unless they are specifically invited to do so. Student Attendance Policy Page 9"", ""the extenuating circumstances are accepted, the Extenuating Circumstances Committee will make a recommendation to the Board of Examiners on what options will be made available to you (see section 5, below) You will be informed of your options by the Board of Examiners who may consider the classification of degree to be awarded. You should indicate the option you wish to take"", ""Students who wish to appeal against The University recognises and is fully Formal Complaint Review the decision of the Board of Examiners committed to meeting its responsibilities If a student is dissatisfied with the response If a student is dissatisfied with the outcome to terminate their studies (other than for to secure and promote academic freedom they receive from Early Resolution, or if they of a Formal Complaint (including those breaches of the Academic Integrity Policy) and free speech, within the law. The feel unable to approach a person directly students at partner institutions), they shall or to deem them withdrawn prior to the University’s Code of Practice Regarding against whom they have a complaint, or be entitled to request a Review of the normal expected date of completion"", ""Students who wish to appeal against The University recognises and is fully Formal Complaint Review the decision of the Board of Examiners committed to meeting its responsibilities If a student is dissatisfied with the response If a student is dissatisfied with the outcome to terminate their studies (other than for to secure and promote academic freedom they receive from Early Resolution, or if they of a Formal Complaint (including those breaches of the Academic Integrity Policy) and free speech, within the law. The feel unable to approach a person directly students at partner institutions), they shall or to deem them withdrawn prior to the University’s Code of Practice Regarding against whom they have a complaint, or be entitled to request a Review of the normal expected date of completion""]",0.015 | -0.703 | -0.781 | -0.843 | -0.843,5,0,1.0,41,True,14.834107900038362,
S2_modular_rag,nvidia/nvidia-nemotron-nano-9b-v2,V2Q059,When should a concern move from Early Resolution to the Formal Complaint stage?,paraphrased,medium,"It should move to the formal stage if the student is dissatisfied with the Early Resolution response, cannot reasonably approach the person complained about, the matter is too serious for informal resolution, or an investigation is required.",Student Complaints Policy and Procedure,"UOL_Student,Complaints,Policy,and,Procedure.pdf_p12_c1","

A concern should move from Early Resolution to the Formal Complaint stage if the student is dissatisfied with the Early Resolution response, feels unable to approach the person directly against whom the complaint is made, or believes the complaint is serious enough to require formal resolution [1].
","UOL_Student,Complaints,Policy,and,Procedure.pdf_p12_c1 | UOL_Student,Complaints,Policy,and,Procedure.pdf_p14_c1 | UOL_Student,Complaints,Policy,and,Procedure.pdf_p16_c3 | UOL_Student,Complaints,Policy,and,Procedure.pdf_p15_c4 | UOL_Student,Complaints,Policy,and,Procedure.pdf_p16_c2","[""Student Conduct, Complaints and Compliance (g) If the person with whom an issue has been raised considers action is required, they must communicate to the student what action has been taken. (h) It is envisaged that this Early Resolution is for low level concerns and would not require an investigation. If a complaint requires an investigation it shall be escalated to the formal stage below. 7. Formal Complaint (a) If a student is dissatisfied with the response they receive from Early Resolution, or if they feel unable to approach a person directly against whom they have a complaint, or they feel the complaint is serious enough to not be able to be resolved informally, they should submit a formal complaint as follows: • For students on taught programmes of study, complaints relating to an a"", ""Student Conduct, Complaints and Compliance h) If a student has raised a complaint under Early Resolution and remains dissatisfied, they should submit a formal complaint within one month of receiving a response under Early Resolution, except where a fair and reasonable extended deadline has been agreed by both parties. The University reserves the right to refuse an extended deadline and complaints shall not normally be considered if they relate to actions (or lack of actions) more than three months before the date that the issue is first raised. f) If a student is raising a formal complaint without attempting Early Resolution, the raising of any issue must normally be done within one month of the actions (or lack of actions) which prompted the complaint. Issues shall not normally be conside"", ""ew; • the nature of the complaint; • all correspondence received by or provided by the student under either the Early Resolution and/or Formal Stage of this Procedure, including the University’s written response to the complaint; • a statement as to why the student remains dissatisfied; • and, without prejudice to any formal remedy which might be determined, the remedy they are seeking. The student should provide with the complaint all relevant documentation or other evidence which they wish to be taken into consideration. A student whose complaint has previously been considered under the Formal Stage is not expected to raise at the Review Stage any additional issues not previously raised, except where the issues relate to the procedural conduct of the Formal complaint consideration. 15"", ""of the formal complaint at the Formal Complaint stage unless the student escalates the complaint to the Review Stage of this Procedure within 10 working days of the date on which the written response is sent to the student. 8. Review a) If a student is dissatisfied with the outcome of a Formal Complaint (including those students at partner institutions), they shall be entitled to request a Review of the outcome under the Review Stage of this Procedure, provided the request is made within 10 working days after the formal response has been received and they meet the criteria to request a Review. 14"", ""t a Review of a decision taken under the Formal Stage if it is not submitted within the correct timeframe. Any case for consideration of a Review of the Formal Stage after those deadlines have passed must be made in writing to the Director of Student Experience and Enhancement and shall include the reason for the delay in submission, together with any documentary evidence in support of that reason. e) A request to Review the outcome of a Formal Complaint should be submitted in writing to the Director of Student Experience and Enhancement and should include: • the completed Review pro-forma; • the grounds under which they are requesting a Review; • the nature of the complaint; • all correspondence received by or provided by the student under either the Early Resolution and/or Formal Stage o""]",4.577 | 3.066 | 2.329 | 2.057 | 1.742,5,0,1.0,47,True,10.855209000059403,
S2_modular_rag,nvidia/nvidia-nemotron-nano-9b-v2,V2Q060,What reassessment opportunity may be available to an undergraduate student who fails up to 30 credits in the final year but still achieves an honours-level average?,factual,easy,"The handbook indicates that such students may be allowed reassessment of the failed modules, normally without attendance unless the Board of Examiners determines otherwise.",University of Liverpool Undergraduate Handbook,UOL_undergraduate_handbook.pdf_p30_c9,"

The reassessment opportunity available to an undergraduate student who fails up to 30 credits in the final year but still achieves an honours-level average is explicitly stated in [4]. According to [4], such students ""will be allowed re-assessment of the failed modules"" if they meet the criteria for a classified honours degree. This directly addresses the scenario described in the question.
",UOL_undergraduate_handbook.pdf_p30_c2 | UOL_undergraduate_handbook.pdf_p31_c3 | UOL_undergraduate_handbook.pdf_p31_c1 | UOL_undergraduate_handbook.pdf_p30_c9 | UOL_undergraduate_handbook.pdf_p31_c4,"[""on. recognised degree to be awarded to modules on the following basis: classification. students who do not pass their final year at Students may opt not to be re-assessed in the first attempt. In these circumstances, (i) Students who achieve the minimum Where a student who, owing to ill-health all their failed final year modules but rather although students may be allowed re- 330 credits requirement for the award of or other extenuating circumstances, to re-sit/ re-take the requisite number assessment of failed final year modules a classified honours degree but whose has not completed all assessments or which, if passed at an appropriate level, and be awarded a classified degree, the average mark/module profile does not whose performance in their assessments would result in the award of a"", ""dits. at the next scheduled sitting. is an integral part of the programme and Four are in a higher class than the Students who meet the requirements for specification, its assessment will count overall average mark and of these at This therefore includes: progression from Year Three to Year Four towards the final degree classification. The least 30 credits have been achieved in (i) Students who are not considered for a will be given the opportunity to be re- marks for Years Two, Three and Four are Year Four; or classified honours degree because they assessed in failed Year Three modules once used to determine the degree classification, At least 60 credits of study in the final have not achieved the minimum 330 during, but not beyond, Year Four, at the normally with a 20:10:70 Year Two: Yea"", ""If modules totalling more than 30 credits Profiling Pass (non-honours) degrees Four-year integrated in the final year have been failed, i.e.: the If you achieve 69%, 59%, 49% or 39% Students who do not meet the criteria for Master’s programmes module has been awarded a mark of by averaging, i.e.: missing automatic a classified honours degree will be eligible Re-assessments less than 40%, you will not be eligible for classification by no more than 1% (after for the award of a Pass (non-honours) the award of an honours degree but may rounding), you will have your mark profile degree if they achieve the pass mark (40% Students who fail to meet the requirements be eligible for the award of a Pass (non- considered. or above) in modules totalling a minimum for progression from Year Three to Year"", ""deadline. Failure to submit the classification. All credits passed must be at liverpool.ac.uk/aqsd/academic-codes- Bachelor’s programmes with form will mean that you would graduate with the appropriate level and must not include of-practice/code-of-practice-on- a Year Abroad or in Industry the award that has been recommended. Year 0 credits. assessment/ Credit to be passed Students who fail up to 30 credits in the Students who do not achieve enough Normally, students will re-sit the failed If modules totalling 330 credits from Years final year but who still achieve an average credits for either an honours degree or a modules without attendance, unless the One, Two and Four or more have been which results in a classified honours degree pass degree will be allowed re-assessment Board of Exa"", ""st 60 credits of study in the final have not achieved the minimum 330 during, but not beyond, Year Four, at the normally with a 20:10:70 Year Two: Year year are in the higher class; or credits from Years One, Two and Four; next sitting. Three: Year Four weighting applied. At least 30 credits of study in the final (ii) Students who have achieved the Students with insufficient credits for an Averaging year are in the higher class and the minimum 330 credits from Years One, Two Integrated Master’s degree at the end of overall average for the year abroad and Four for an honours degree but whose A mark is allocated for each module Year Four will have the opportunity to be or in industry is also in the higher class. average mark is less than 40% and who taken in Years Two and Four. Each mark re-""]",3.325 | 2.930 | 2.849 | 2.400 | 1.811,5,0,1.0,61,True,13.596617999952286,
S2_modular_rag,nvidia/nvidia-nemotron-nano-9b-v2,V2Q061,How are roles divided when an academic-integrity offence is investigated under the updated assessment arrangements?,factual,easy,"The Academic Integrity Officer investigates, the Academic Integrity Committee makes recommendations on the outcome, and the Board of Examiners makes the final decision on the offence and penalty.",University of Liverpool Code of Practice on Assessment and Appendices 2025-26 — Summary of Changes,"UOL_Code,of,Practice,on,Assessment,and,Appendices,2025-26,Summary,of,Changes.pdf_p4_c2","

The roles are divided such that the Academic Integrity Office (AIO) investigates academic-integrity offences, and the Academic Integrity Committee (AIC) makes recommendations to the relevant Board of Examiners based on the AIO's findings [1].
","UOL_Code,of,Practice,on,Assessment,and,Appendices,2025-26,Summary,of,Changes.pdf_p4_c1 | UOL_postgraduate_handbook.pdf_p31_c8","[""• The processes for dealing with oﬀences is simpliﬁed. For Category 1 oﬀences, ‘poor academic pracƟce', the examiner simply applies the penalty of a passmark cap to the assessment and records it in the feedback to the student. For the other categories of oﬀence, the academic misconduct is reported to the Academic Integrity Oﬃce (AIO) to invesƟgate and if they consider there has been a breach they will make recommendaƟons to the relevant Board of Examiners via the Academic Integrity Commitee (AIC). This diﬀers from the old policy where a decision on the category of oﬀence was made before the invesƟgaƟon, under this new process the category is determined through the invesƟgaƟon. • There is greater clarity on roles and decision making: the AIO invesƟgates oﬀences, the AIC makes recommendaƟons"", ""when a student submits, as their Dishonest Use of Data that you will not cheat in assessments Poor academic practice occurs where own work, assessment tasks (or parts Dishonest use of data is used to cover one or deliberately try to mislead examiners there has been a failure, due to lack thereof) that have been intentionally or more of the following: and assessors, it is just as important of academic ability or understanding, procured from third parties. The definition to emphasise the positive role that to observe the expected standards includes the practice of requesting another Embellishment or Falsification of Data – academic integrity plays in your intellectual associated with academic integrity when party to prepare all or part of a course occurs when a proportion of the total data a""]",-0.289 | -0.877,2,3,0.0,34,True,7.125077100005001,
S2_modular_rag,nvidia/nvidia-nemotron-nano-9b-v2,V2Q062,How should a self-funding student's tuition-fee deposit be treated when they pay the remaining programme fee?,procedural,medium,"If paying in full, the deposit is deducted from the full payment amount. If paying by instalments under the relevant sections, the deposit is deducted from the first instalment rather than from the overall fee amount.",University of Liverpool Payment Policy 2026-27,"UOL_payment_policy_2026,2027.pdf_p5_c4","

When a self-funding student pays the remaining programme fee, the treatment of their tuition-fee deposit depends on their payment method:  
- If paying in full, the deposit is deducted from the full payment amount [1].  
- If paying in instalments (as per sections 4.5–4.7), the deposit is deducted from the first payment instalment, not the overall fee [1].  

This guidance is specific to self-funding students and their payment arrangements.
","UOL_payment_policy_2026,2027.pdf_p5_c4 | UOL_payment_policy_2026,2027.pdf_p3_c3 | UOL_payment_policy_2026,2027.pdf_p5_c5 | UOL_payment_policy_2026,2027.pdf_p5_c3 | UOL_payment_policy_2026,2027.pdf_p3_c1","[""lated in their offer of admission risk having their offer withdrawn. 5.10 When arranging to pay the balance of their programme fee, for self-funding students paying in full, the deposit should be deducted from the full payment amount. For self-funding students seeking to pay their fees in accordance with sections 4.5 through 4.7, the deposit amount should be deducted from the first payment instalment, not from the overall fee amount. 5.11 Applicants who have paid a fee deposit but who fail to meet the conditions of their offer by the required deadline and have made every effort to meet the conditions since their offer was issued (with evidence), will be entitled to a full refund. The tuition fee deposit will be non-refundable for any other reason. 5.12 Where an applicant has paid a program"", ""hat their programme and/or research support fee is paid. Where a student’s sponsor defaults on any fee payment arrangement, the sponsor’s invoice will be cancelled and the debt will be transferred to the student’s account for immediate payment. Where fees remain outstanding, the University will apply academic sanctions in accordance with section 7. 4. Self-Funding 4.1 Students self-funding all or part of their programme fee must familiarise themselves with the available payment plans before the start of each academic session. Failure to adhere to the correct published payment plan will result in sanctions being applied as described in section 7. 4.2 Where a research support fee is raised, this will be charged collectively with the programme fee and hence students should take account of the"", ""e), will be entitled to a full refund. The tuition fee deposit will be non-refundable for any other reason. 5.12 Where an applicant has paid a programme fee deposit but chooses to defer their entry to the University until session 2027/28, the University will retain the deposit to be offset against the 2027/28 programme fee. The applicant will subsequently be issued with a CAS at the appropriate stage in the 2027/28 admissions cycle. 5.13 The opportunity to defer the deposit sum paid to the following session will only be provided once. 5.14 The University does not require a programme fee deposit from applicants applying to study a research-based programme (e.g. PhD, MPhil or MRes), from those progressing onto a postgraduate taught programme following study the previous academic year at Univ"", ""oes not cover the full programme fee, the applicant will be required to pay a programme fee deposit. 5.8 Excepting those applicants who fall within section 5.13, the payment of a deposit will be a requirement of admission to the University. The University will only issue the applicant a Confirmation of Acceptance for Studies (CAS) for entry in 2026/27 upon receipt of the full deposit amount, or upon receipt of an acceptable sponsor letter and/or confirmation of University scholarship (as described in sections 5.3 and 5.4) which covers the full programme fee. 5.9 Applicants who fail to pay the full deposit amount required by the deadline stipulated in their offer of admission risk having their offer withdrawn. 5.10 When arranging to pay the balance of their programme fee, for self-funding s"", ""insufficient amount of loan to cover their programme fee4, will need to make arrangements for the payment of the remaining fee using one of the methods described in section 4. 3. Sponsorship 3.1 Where an external organisation (e.g. a company or overseas government embassy; not a friend, relative or the SLC) is responsible for payment of all or part of a student’s programme and/or research support fee, the University will invoice the organisation directly. 3.2 All sponsors must pay in full within 30 days of being invoiced. 3.3 Students must provide the Student Fees and Funding Office with an official sponsor letter or purchase order (on official letter headed paper) from their sponsor. This should be provided before students register for the session to which the sponsorship applies. 3.4 The""]",7.141 | 3.864 | 3.244 | 3.125 | 2.563,5,0,1.0,69,True,11.225319800083525,
S2_modular_rag,nvidia/nvidia-nemotron-nano-9b-v2,V2Q063,What does the updated Recognition of Prior Learning policy imply about how prior credit must be matched to a programme?,reasoning,hard,"Prior learning credit must be recognised against specific learning outcomes rather than as general credit. The updated policy also incorporates QAA principles, permits group applications, and shifts oversight to Boards of Examiners and Faculty AQSCs.",University of Liverpool Code of Practice on Assessment and Appendices 2025-26 — Summary of Changes,"UOL_Code,of,Practice,on,Assessment,and,Appendices,2025-26,Summary,of,Changes.pdf_p6_c1","

The updated Recognition of Prior Learning (RPL) policy implies that prior credit must be matched to **specific learning outcomes** of the programme, rather than being applied as ""general credit."" This is explicitly stated in evidence [3], which removes references to ""general credit"" and clarifies that credit can only be recognized against specific learning outcomes. 

[3]
","UOL_postgraduate_handbook.pdf_p24_c1 | UOL_postgraduate_handbook.pdf_p24_c2 | UOL_Code,of,Practice,on,Assessment,and,Appendices,2025-26,Summary,of,Changes.pdf_p6_c1 | UOL_postgraduate_handbook.pdf_p24_c3 | UOL_undergraduate_handbook.pdf_p36_c1","[""Where a programme includes level Recognised prior learning Where a programme of study is designed Pass mark and classification 6 modules (as detailed opposite) with credit which exceeds the minimum Credit attributed to previous certificated All Master’s level provision will have clearly that are also available to students on required for the award, the period of time or experiential learning may contribute defined assessments for each module with undergraduate degrees of the University, over which it is intended to be studied will up to one third of the total credit required a module pass mark of 50%. graduates of those undergraduate be extended as appropriate. for a postgraduate award. Applications If a programme of study includes level 6 programmes of study will not be permitted for reco"", ""ded as appropriate. for a postgraduate award. Applications If a programme of study includes level 6 programmes of study will not be permitted for recognised prior learning to contribute The registration period commences from modules (as detailed above) which have a to repeat (in a postgraduate programme to a University of Liverpool award will be the date of registration for the first module pass mark of 40%, students must achieve of study), a level 6 module they have considered in accordance with the relevant that carries credit that is to be recognised 50% or more for the credit to be recognised taken in their undergraduate degree. University policy. Further information about for the award. Where students register for a postgraduate level award. Similarly, where a student has taken a leve"", ""12. Appendix R: Policy on RecogniƟon of Prior Learning (RPL) • The statement that RPL can be used for admission to level 5 has been removed, as this is handled through a separate admissions process. • References to “general credit” have been removed as credit can only be recognised against speciﬁc learning outcomes. • The key principles for RPL, as set out in QAA guidance, has been added to the Policy. • The Policy now allows group applicaƟons to be considered. • Responsibility for overseeing the Policy is moved from AQSC to Boards of Examiners and Faculty AQSCs. 13. Appendix D: RegulaƟons for the Conduct of ExaminaƟons; and Appendix D Annexe 1: RegulaƟons for the Conduct of Class Tests; and Appendix E: Guide on the Progress of Students on Taught Programmes of Study; and Appendix G: Policy"", ""y policy. Further information about for the award. Where students register for a postgraduate level award. Similarly, where a student has taken a level recognised prior learning can be accessed for modules on a standalone basis, any Students who take a level 6 module on a 7 module as part of an undergraduate at Appendix R to the Code of Practice on credit contributing to an award must be standalone basis must achieve at least degree they have taken at the University Assessment at liverpool.ac.uk/aqsd/ successfully achieved within the maximum 50% or more for the credit to contribute they will not be permitted to take the same academic-codes-of-practice/code-of- registration period for that award In order to a postgraduate award. level 7 module(s) as part of a postgraduate practice-on-assess"", ""In this context ‘data’ includes literature Students must not present work they have Non-payment of This will include access to Library services and sources. previously submitted for credit as if it is programme fees and the removal of their MWS account new, unless they have explicit permission (and hence access to all University IT Plagiarism and appropriately reference the prior work. Students self-funding all or part of facilities including Outlook). This will also their programme fee must familiarise Plagiarism occurs when a student This includes work submitted to the current prevent students from submitting assessed themselves with the available payment misrepresents the work or ideas of any course or for another qualification at this, coursework through the CANVAS E-Learning plans bef""]",2.890 | 2.599 | 1.543 | 0.369 | -0.857,5,0,1.0,55,True,10.861265999963507,
S2_modular_rag,nvidia/nvidia-nemotron-nano-9b-v2,V2Q064,"When does the University recalculate programme fees after a student does not register, leaves, or interrupts study?",paraphrased,medium,"The University recalculates the programme fee when a student does not register or leaves or interrupts during the academic session. A student cannot claim a refund for periods during which they were registered, subject to the detailed refund rules.",University of Liverpool Payment Policy 2026-27,"UOL_payment_policy_2026,2027.pdf_p6_c1","

The University recalculates programme fees when a student does not register, leaves, or interrupts their study during the academic session, as stated in the Payment Policy 2026-27 [1].
","UOL_payment_policy_2026,2027.pdf_p6_c1 | UOL_undergraduate_handbook.pdf_p37_c1 | UOL_postgraduate_handbook.pdf_p33_c1 | UOL_student_guide_visa_holders.pdf_p5_c2 | UOL_UKVI_complience.pdf_p7_c4","[""International College, successful completion of a Pre-sessional English Language programme in the academic year proceeding postgraduate study. 6. Programme Fee Refund Policy 6.1 The University will re-calculate the amount of programme fee to be charged in circumstances where a student chooses not to register on their programme, or to leave or interrupt their programme during the academic session. In such an event, a student will have no claim to a refund of fees charged for any period they were registered during that session. 6.2 No programme fees will be charged to any applicant who fails to register on their programme of study having previously firmly accepted an unconditional offer to do so, except where they are bound by the terms prescribed under section 5. 6.3 Fees charged to registe"", ""The University is keen to support students In the first instance you should discuss your All students should familiarise themselves If your transfer is acceptable to the who are finding it difficult to pay their circumstances with your Academic Adviser with the Programme Fees Refund Policy Admissions Tutor, you should obtain a outstanding fees, and alternative or seek advice from your School Student which describes how the University will transfer form, either from your School arrangements can sometimes be made Support Office. Where students do interrupt recalculate your programme fee liability or online (liverpool.ac.uk/studentunder certain circumstances. To discuss their studies, this is frequently with a view in the event of you withdrawing from or administration/managing-my-studies/),"", ""The University is keen to support students In the first instance you should discuss your All students should familiarise themselves If your transfer is acceptable to the who are finding it difficult to pay their circumstances with your Academic Adviser with the Programme Fees Refund Policy Admissions Tutor, you should obtain a outstanding fees, and alternative or seek advice from your School Student which describes how the University will transfer form, either from your School arrangements can sometimes be made Support Office. Where students do interrupt recalculate your programme fee liability or online (liverpool.ac.uk/studentunder certain circumstances. To discuss their studies, this is frequently with a view in the event of you withdrawing from or administration/managing-my-studies/),"", ""dies for any reason so you must leave the UK. withdrawing from your studies Transfer into another programme of study If you fail to register or re-register or research discipline if you can complete Deferral, interruption or NO. You will not be studying You should speak with IAG. If you complete your studies the new programme before the expiry suspension of studies for at the University during this You will need a new CAS and any reason, voluntary or break in your studies so you to apply for a new Student earlier than the end date on your CAS date of your current visa and the new enforced must leave the UK. visa in order to return to your subject is related to the old subject. studies at a later date. If you withdraw from your studies for Some transfers will require you to obtain any reaso"", ""ason, including to undertake a work placement that is not deemed an integral part of the substantive degree programme f) Involuntary interruption of study or research following a decision laid down by the University’s Board of Discipline or Fitness to Practise Panel g) Termination or non-continuation of study or research as a result of a failure to pay outstanding University fees h) Failure to register or re-register (see section 3) i) Earlier than expected completion of programme (e.g. an earlier than expected completion of a research programme, or a downgraded registration which results in a shorter registration period) j) Requirement to repeat a failed year of study without attendance on campus k) Requirement to partially repeat a failed year of study with attendance on campus, where th""]",4.986 | 3.359 | 3.359 | 2.167 | 1.689,5,0,1.0,28,True,8.068174000014551,
S2_modular_rag,nvidia/nvidia-nemotron-nano-9b-v2,V2Q065,What evidence is normally required if a student claims extenuating circumstances because of religious observance?,paraphrased,medium,"Independent documentary evidence is required, such as a letter from a minister or religious leader, and the student must show that participation was required and could not reasonably occur at another time that did not conflict with study or assessment.",University of Liverpool Extenuating Circumstances Policy,UOL_extenuating_circumstances_policy.pdf_p10_c3,"

The evidence normally required for a claim related to religious observance includes independent documentary evidence (e.g., a letter from a minister or religious leader) to demonstrate the requirement to attend or participate in the observance and the reasons why attendance could not be rescheduled to a time that did not conflict with studies or assessments [1].
",UOL_extenuating_circumstances_policy.pdf_p10_c3 | UOL_extenuating_circumstances_policy.pdf_p10_c4 | UOL_extenuating_circumstances_policy.pdf_p7_c6 | UOL_extenuating_circumstances_policy.pdf_p8_c5 | UOL_extenuating_circumstances_policy.pdf_p17_c4,"[""Committee may not accept your claim if it considers that you have failed to take reasonable precautions (e.g. you have lost work which you did not back up). Religious observance Independent documentary evidence is required in all cases (e.g. a letter from a minister or religious leader) and you must demonstrate that there was a requirement for you to attend or participate, and the reasons why you could not attend on a different occasion which did not coincide with your studies or assessment. Where religious observances require fasting, the University will not normally regard this as an extenuating circumstance. Employment If you are a full-time student, you will not normally be eligible to claim for extenuating circumstances in relation to employment. This includes claims relating to resi"", ""ime student, you will not normally be eligible to claim for extenuating circumstances in relation to employment. This includes claims relating to resit examinations during vacation periods. If you are a part-time student, you will need to provide written evidence from your employer if unexpected additional work duties prevent you from full engagement with your studies or if you are unable to take leave to attend an assessment. Evidence should normally include a letter from your employer. Events during an on-campus examination You should raise with an invigilator any issue which occurs during an examination which you consider has affected your performance. The invigilator will record this on the examination room report and your School will be informed. If you are taken ill during an exam, y"", ""appropriately qualified to provide a diagnosis. Such evidence must include a clear statement of diagnosis or, where this has not yet been reached, details of symptoms. The claim must also include a clear statement of why and how you consider that this illness has affected your assessment. Mental illness The Extenuating Circumstances Committee will normally expect to see written independent evidence on headed paper from a GP, psychiatric practitioner or counsellor including explanation of why and how your studies have been affected and the period affected. The University Counselling Service will only provide a letter if you have received support over a period relevant to the extenuating circumstances claim and will not normally provide a letter following a first consultation made after the"", ""mple, a parent may be expected to foresee that they will need to make care arrangements for their child during a half-term holiday but not to foresee that a child-minder is unwell and thus unable to care for their child on the day of an exam. Equally, a student who has an elderly parent with Alzheimer’s Disease may need to make an extenuating circumstances claim if their studies are affected by an unforeseen need to respond to a deterioration in their parent’s condition requiring new care arrangements to be made. The Extenuating Circumstances Committee will normally expect to see written independent evidence which confirms the circumstances and their timing. Bereavement The Extenuating Circumstances Committee will normally expect to see a death certificate, funeral service booklet, newspap"", ""nt is presenting new or additional material evidence, which, for valid reason, they were unable to provide at the time of submitting the extenuating circumstances claim. In addition, if you are at the end of your programme of studies and you consider that there are extenuating circumstances which for good reason you could not have submitted at the time, you may submit an appeal under the Assessment Appeals Procedure, but this will normally be limited to extenuating circumstances affecting your final year of study only.""]",8.146 | 3.901 | 3.775 | 3.185 | 3.008,5,0,1.0,56,True,9.454775199992582,
S2_modular_rag,nvidia/nvidia-nemotron-nano-9b-v2,V2Q066,Why should a student include all relevant issues and evidence when requesting a Review of a formal complaint?,reasoning,hard,"Because the Review request should explain the grounds, the complaint, why the student remains dissatisfied, the remedy sought, and all relevant evidence. New issues are not normally expected at Review unless they concern the way the Formal Stage was conducted.",Student Complaints Policy and Procedure,"UOL_Student,Complaints,Policy,and,Procedure.pdf_p16_c3","

A student should include all relevant issues and evidence when requesting a Review of a formal complaint because the Review process requires the student to provide comprehensive information to support their case. Specifically, [2] states that a Review request must include ""all relevant documentation or other evidence which they wish to be taken into consideration,"" ensuring the Review can fully assess the complaint and any new grounds for appeal. This requirement ensures transparency and fairness in evaluating the complaint during the Review stage.
","UOL_Student,Complaints,Policy,and,Procedure.pdf_p13_c2 | UOL_Student,Complaints,Policy,and,Procedure.pdf_p16_c3 | UOL_Student,Complaints,Policy,and,Procedure.pdf_p16_c2 | UOL_Student,Complaints,Policy,and,Procedure.pdf_p13_c1 | UOL_Student,Complaints,Policy,and,Procedure.pdf_p16_c1","[""ed. e) Students are expected to provide at the time of submission of their formal complaint, all relevant documentation or other evidence and details of all issues which they wish to be taken into consideration. Where this is not possible for good reason, students are expected to indicate what documentation or evidence is to follow. The person receiving the complaint (‘the investigator’) shall be entitled to impose a reasonable deadline by which this further information should be provided by the student. This deadline shall not normally be more than one month after the submission of the complaint and may be less. The timeline for consideration of the complaint will be halted whilst the provision of further information is anticipated. Unless there proves to be good reason why the student ca"", ""ew; • the nature of the complaint; • all correspondence received by or provided by the student under either the Early Resolution and/or Formal Stage of this Procedure, including the University’s written response to the complaint; • a statement as to why the student remains dissatisfied; • and, without prejudice to any formal remedy which might be determined, the remedy they are seeking. The student should provide with the complaint all relevant documentation or other evidence which they wish to be taken into consideration. A student whose complaint has previously been considered under the Formal Stage is not expected to raise at the Review Stage any additional issues not previously raised, except where the issues relate to the procedural conduct of the Formal complaint consideration. 15"", ""t a Review of a decision taken under the Formal Stage if it is not submitted within the correct timeframe. Any case for consideration of a Review of the Formal Stage after those deadlines have passed must be made in writing to the Director of Student Experience and Enhancement and shall include the reason for the delay in submission, together with any documentary evidence in support of that reason. e) A request to Review the outcome of a Formal Complaint should be submitted in writing to the Director of Student Experience and Enhancement and should include: • the completed Review pro-forma; • the grounds under which they are requesting a Review; • the nature of the complaint; • all correspondence received by or provided by the student under either the Early Resolution and/or Formal Stage o"", ""Student Conduct, Complaints and Compliance • details of the response received • and, without prejudice to any formal remedy which might be determined, the remedy they are seeking. c) Where a complaint is made by a group of students, one student should be clearly nominated as the main point of contact for those handling the complaint. Findings and decisions should, however, be provided to each member of the group of students. d) Where a complaint is submitted without the pro-forma being completed or not completed in full, the University reserves the right not to consider the complaint until the pro-forma has been properly completed and submitted. e) Students are expected to provide at the time of submission of their formal complaint, all relevant documentation or other evidence and details"", ""Student Conduct, Complaints and Compliance b) The Review will not normally consider additional issues or involve further investigation. c) The grounds under which a Review can be requested are: (i) there was a procedural irregularity in the investigation, which was material or potentially material to the decision reached; (ii) the decision was unreasonable (student must identify which aspects of the decision were unreasonable and explain why); (iii) there is new evidence available, which materially impacts on the outcome and which, for valid reasons, could not have been submitted at an earlier stage. d) The University will not normally conduct a Review of a decision taken under the Formal Stage if it is not submitted within the correct timeframe. Any case for consideration of a Review of t""]",7.114 | 6.783 | 5.491 | 4.683 | 4.561,5,0,1.0,83,True,8.476473199902102,
S2_modular_rag,nvidia/nvidia-nemotron-nano-9b-v2,V2Q067,What may happen after a visa refusal if IAG assesses an appeal or administrative review as unlikely to succeed?,paraphrased,medium,"The student may be advised to interrupt or withdraw voluntarily. The University may then report the registration change to UKVI, withdraw sponsorship, and require the student to leave the UK; resuming later would require a new CAS and Student Route visa.",Policy on UKVI Compliance — Student Route,UOL_UKVI_complience.pdf_p13_c2,"

If IAG assesses an appeal or administrative review as unlikely to succeed (i.e., likely to fail), the student will be advised to voluntarily suspend or withdraw from their studies. This action will result in the University reporting the change to UKVI, withdrawing its sponsorship, and requiring the student to leave the UK. To return to study, the student would need a new CAS to apply for a new Student visa [3].
",UOL_student_guide_visa_holders.pdf_p8_c5 | UOL_UKVI_complience.pdf_p13_c1 | UOL_UKVI_complience.pdf_p13_c3 | UOL_student_guide_visa_holders.pdf_p4_c7 | UOL_student_guide_visa_holders.pdf_p8_c4,"[""s the likely success of an If your appeal or administrative review appeal or administrative review. is rejected and you do not voluntarily If IAG assess that an appeal or suspend or withdraw, the University administrative review might be reserves the right to administratively successful then they will help you apply suspend or withdraw you from your for this and you can carry on studying studies in order to protect its Student until you get a decision from UKVI. sponsor licence. This will be reported to UKVI and, as a result, you will need to leave If IAG assess that an appeal or the UK. In order to return to your studies administrative review is likely to fail, you will need a new CAS to apply for you will be advised to voluntarily a new Student visa. interrupt your studies."", ""POLICY ON UKVI - STUDENT COMPLIANCE 14.3 Where an international student has submitted an in-time appeal or an in-time request for an administrative review of the visa refusal or rejection decision, and can provide satisfactory evidence of this which meets the scrutiny and approval of IAG, then the student will be permitted to remain registered on their current programme of study until such time that the outcome of their appeal or administrative review is known. Where evidence is not submitted, is deemed unacceptable or demonstrates that an application was made after the deadline, the University reserves the right to administratively interrupt or withdraw the student from their programme of study, in order to protect its Student sponsor licence. Student Life will report the student’s change"", ""nt must present all relevant documentation requested by IAG in order for an assessment to be made as to the likely success of an appeal or administrative review. Where an appeal or administrative review is assessed as likely to fail, the student will be advised on the best course of action, which may include voluntary interruption or withdrawal from their current programme of study resulting in a report of the student’s change of registration circumstances being made to UKVI in accordance with section 6 of this Policy. In so doing, the University will withdraw its current sponsorship of the student and the student will be required to leave the UK. Any subsequent intention to resume study or research will require the student to be issued with a new CAS in order to apply for a new Student Ro"", ""your existing CAS. a completed Annual Progress Report new visa or get an extension (APR) for the previous academic year of more than 3 months In exceptional cases they might agree before they will be permitted to re- Evidence of any visa refusal Must be seen by the IAG as You must keep in touch with a later date of arrival for you. If agreed, register. and, if applicable, any appeal soon as you receive it IAG for further advice the later date will be entered onto your or administrative review record and reported to UKVI. In these cases, the existing CAS will continue to apply."", ""ovide satisfactory Administration immediately and seek evidence of this to the University, then, further advice from IAG. You will be in most cases, you can carry on studying advised to voluntarily suspend or until you get a decision from UKVI. withdraw from your studies and this will be reported to UKVI. If you have not submitted an in-time appeal or an in-time request for an This will mean that you will need to leave administrative review but you want the UK. In order to return to your studies to, you must present all relevant you will need a new CAS and to apply for documentation to IAG so they can a new Student visa to enter the UK. assess the likely success of an If your appeal or administrative review appeal or administrative review. is rejected and you do not voluntarily If IAG asse""]",5.654 | 4.508 | 4.287 | 4.020 | 3.864,5,0,0.0,71,True,13.520415099919774,
S2_modular_rag,nvidia/nvidia-nemotron-nano-9b-v2,V2Q068,What must a student provide if they request a late Review of a Formal Complaint outcome?,factual,easy,"They must make the case in writing to the Director of Student Experience and Enhancement, explain the reason for the delay, and provide documentary evidence supporting that reason. The Review request also needs the required form, grounds and complaint documentation.",Student Complaints Policy and Procedure,"UOL_Student,Complaints,Policy,and,Procedure.pdf_p16_c2","

If a student requests a late Review of a Formal Complaint outcome, they must submit the request in writing to the Director of Student Experience and Enhancement, including the reason for the delay in submission and any documentary evidence supporting that reason [2].
","UOL_Student,Complaints,Policy,and,Procedure.pdf_p15_c4 | UOL_Student,Complaints,Policy,and,Procedure.pdf_p16_c2 | UOL_undergraduate_handbook.pdf_p42_c1 | UOL_postgraduate_handbook.pdf_p38_c1 | UOL_undergraduate_handbook.pdf_p42_c2","[""of the formal complaint at the Formal Complaint stage unless the student escalates the complaint to the Review Stage of this Procedure within 10 working days of the date on which the written response is sent to the student. 8. Review a) If a student is dissatisfied with the outcome of a Formal Complaint (including those students at partner institutions), they shall be entitled to request a Review of the outcome under the Review Stage of this Procedure, provided the request is made within 10 working days after the formal response has been received and they meet the criteria to request a Review. 14"", ""t a Review of a decision taken under the Formal Stage if it is not submitted within the correct timeframe. Any case for consideration of a Review of the Formal Stage after those deadlines have passed must be made in writing to the Director of Student Experience and Enhancement and shall include the reason for the delay in submission, together with any documentary evidence in support of that reason. e) A request to Review the outcome of a Formal Complaint should be submitted in writing to the Director of Student Experience and Enhancement and should include: • the completed Review pro-forma; • the grounds under which they are requesting a Review; • the nature of the complaint; • all correspondence received by or provided by the student under either the Early Resolution and/or Formal Stage o"", ""Students who wish to appeal against The University recognises and is fully Formal Complaint Review the decision of the Board of Examiners committed to meeting its responsibilities If a student is dissatisfied with the response If a student is dissatisfied with the outcome to terminate their studies (other than for to secure and promote academic freedom they receive from Early Resolution, or if they of a Formal Complaint (including those breaches of the Academic Integrity Policy) and free speech, within the law. The feel unable to approach a person directly students at partner institutions), they shall or to deem them withdrawn prior to the University’s Code of Practice Regarding against whom they have a complaint, or be entitled to request a Review of the normal expected date of completion"", ""Students who wish to appeal against The University recognises and is fully Formal Complaint Review the decision of the Board of Examiners committed to meeting its responsibilities If a student is dissatisfied with the response If a student is dissatisfied with the outcome to terminate their studies (other than for to secure and promote academic freedom they receive from Early Resolution, or if they of a Formal Complaint (including those breaches of the Academic Integrity Policy) and free speech, within the law. The feel unable to approach a person directly students at partner institutions), they shall or to deem them withdrawn prior to the University’s Code of Practice Regarding against whom they have a complaint, or be entitled to request a Review of the normal expected date of completion"", ""iversity’s Code of Practice Regarding against whom they have a complaint, or be entitled to request a Review of the normal expected date of completion Freedom of Speech sets out the University’s they feel the complaint is serious enough to outcome under the Review Stage of this of their programme, should refer to the commitments and values in this area. not be able to be resolved informally, they Procedure, provided the request is made ‘Guide on the Progress of Students on In line with guidance from the Office for should submit a formal complaint (details within 10 working days after the formal Taught Programmes of Study’ (Appendix Students, cases relating to free speech of who the complaint should be directed response has been received and they E of the Code of Practice on Assessment) mat""]",6.924 | 6.454 | 5.104 | 5.104 | 4.935,5,0,1.0,43,True,9.936338100000285,
S2_modular_rag,nvidia/nvidia-nemotron-nano-9b-v2,V2Q069,What does the University commit to when it issues a CAS under its Student sponsor licence?,paraphrased,medium,"By issuing a CAS, the University states that it wants the student to be granted permission to enter or remain in the UK to study at Liverpool and accepts the sponsor responsibilities associated with the Student Route licence.",Policy on UKVI Compliance — Student Route,UOL_UKVI_complience.pdf_p3_c1,"

The University commits to stating that it wishes for the student to be granted permission to enter and remain in the UK to study at the University when it issues a Confirmation of Acceptance for Studies (CAS) under its Student sponsor licence [1].
",UOL_UKVI_complience.pdf_p3_c1 | UOL_UKVI_complience.pdf_p9_c2 | UOL_UKVI_complience.pdf_p13_c6 | UOL_UKVI_complience.pdf_p5_c1 | UOL_UKVI_complience.pdf_p13_c2,"[""POLICY ON UKVI - STUDENT COMPLIANCE 1.1 The University is licensed by the UK Home Office under the Student Route rules to act as a sponsor of international students for visa purposes. By issuing a Confirmation of Acceptance for Studies (CAS) to a student, the University is stating that it wishes for the student to be granted permission to enter and remain in the UK to study at the University. 1.2 The main objectives of the Sponsor Licence are: a) To help prevent abuse of the UK migration system b) To help ensure students being sponsored are genuine and are complying with the immigration rules c) To help identify and address patterns of student behaviour that might cause concern d) To help sponsors take all reasonable steps to ensure compliance with the rules 1.3 As a licensed sponsor of in"", ""dy, in order to protect its Student sponsor licence. Student Life will report the student’s change of circumstances to UKVI via SMS and, in so doing, will withdraw its current sponsorship of the student. The student will be required to leave the UK and any subsequent intention to resume study or research will require the student to be issued with a new CAS in order to apply for a new Student Route visa to enter the UK. 8. Expected interactions 8.1 As a licensed sponsor, the University is required to keep accurate records of student attendance and absence (authorised or non-authorised). The University discharges these responsibilities, and articulates the authority upon which action against poor attendance may be taken, under its Student Attendance Policy, Appendix E of the Code of Practice"", ""tudy, the University reserves the right to administratively interrupt or withdraw the student from their programme of study, in order to protect its Student sponsor licence. Student Life will report the student’s change of circumstances to UKVI via SMS and, in so doing, will withdraw its current sponsorship of the student. The student will be required to leave the UK and any subsequent intention to resume study or research will require the student to be issued with a new CAS in order to apply for a new Student Route visa to enter the UK. 15. Visa conditions 15.1 All international students are responsible for understanding and complying with the conditions of the visa upon which they hold leave to remain in the UK. 15.2 International students are expected to assist the University in dischar"", ""POLICY ON UKVI - STUDENT COMPLIANCE 3.4 Depending on the results of this investigation, the University will note the student’s failure to register and, in some cases and subject to conditions, agree to defer a student’s registration until the next available entry point. In such cases, the student’s failure to register will be reported to UKVI via the Sponsor Management System (SMS) within ten calendar days of the end of the prescribed enrolment period. In so doing, the University will withdraw the existing CAS and hence its current sponsorship of the student. Any later entry point or further application to study at the University would require the student to be issued with a new CAS in order to apply for a new Student Route visa to enter the UK. 3.5 In exceptional cases, and subject to agr"", ""or withdraw the student from their programme of study, in order to protect its Student sponsor licence. Student Life will report the student’s change of circumstances to UKVI via SMS and, in so doing, will withdraw its current sponsorship of the student. The student will be required to leave the UK and any subsequent intention to resume study or research will require the student to be issued with a new CAS in order to apply for a new Student Route visa to enter the UK. 14.4 Where an international student has not submitted an in-time appeal or an in-time request for an administrative review of the visa refusal or rejection decision, the student must present all relevant documentation requested by IAG in order for an assessment to be made as to the likely success of an appeal or administrat""]",5.108 | 4.901 | 4.243 | 3.960 | 3.744,5,0,1.0,43,True,8.65052840008866,
S2_modular_rag,nvidia/nvidia-nemotron-nano-9b-v2,V2Q070,Which broad topics are covered in the Postgraduate Handbook's sections on programme rules and student conduct?,paraphrased,medium,"The handbook covers programme structure and academic rules such as prior learning, registration periods, pass marks and classification, alongside academic misconduct, non-academic misconduct, disciplinary procedures and related student-life matters.",University of Liverpool Postgraduate Handbook,UOL_postgraduate_handbook.pdf_p2_c3,"

The Postgraduate Handbook covers **student conduct** (e.g., sanctions for breaches of rules) and **programme rules** (e.g., eligibility requirements, academic standards, and research requirements) in its sections. 

- **Student conduct** is addressed in [1] (Payment Policy 2026-27), which outlines sanctions for breaches of conduct rules or defaulting on payments.  
- **Programme rules** are covered in [2] and [3] (Postgraduate Handbook), which discuss eligibility for programmes, academic benchmarks, research requirements, and modular programme structures.  

[1], [2], [3]
","UOL_payment_policy_2026,2027.pdf_p1_c4 | UOL_postgraduate_handbook.pdf_p22_c6 | UOL_postgraduate_handbook.pdf_p22_c8","[""f a breach of the University’s Rules for Student Conduct (Section 7, Student Conduct Policy) or in accordance with the Student Residential Accommodation Terms of Occupancy and/or relevant Hall Handbook. Further information regarding students’ liability for damage and/or losses suffered in University accommodation can be found at www.liverpool.ac.uk/accommodation/current-students/policies-and-procedures/. 1.6 Where a suitable arrangement to pay programme fees has not been made in any given session, in accordance with the relevant section of this Policy, or where a student defaults on any programme fee payment arrangement, the University will apply sanctions as described in section 7. The University may also deploy formal external debt recovery proceedings in cases where a student ceases to"", ""individual subject benchmark a vocational or non-vocational be permitted to register for an approved Department will provide you with more statements. programme of study, involving both a programme of study to become eligible for information about this, but this handbook substantial piece or pieces of research an award at any point within the specified The Code and its Appendices can be also provides useful information about or independent study and a range of maximum registration period. The start of accessed at liverpool.ac.uk/aqsd/ the University’s rules regarding student assessed modules whose combined the registration period will be the point at academic-codes-of-practice/code-ofbehaviour and academic conduct. challenge reflects the level of further which the student registered for th"", ""r research of degree. The information in this section degree registration and/or the qualities is relevant to those students starting and transferable skills to enable their postgraduate modular programme independent learning required for (including the MRes programmes) in in continuing professional development session 2025/26. Your University – Handbook for Postgraduate Students40 / /41""]",0.999 | -0.510 | -0.680,3,2,0.0,75,True,10.35363510006573,
S2_modular_rag,nvidia/nvidia-nemotron-nano-9b-v2,V2Q071,When can a graduate apply for the Graduate Route visa according to the guide?,factual,easy,They can apply only after they have been successfully awarded an eligible qualification and after the University has confirmed that the required report has been made.,Student Guide for UK Visa Holders 2026,UOL_student_guide_visa_holders.pdf_p11_c3,"

A graduate can apply for the Graduate Route visa after being successfully awarded an eligible qualification and after receiving confirmation from the University that a report has been [1].
",UOL_student_guide_visa_holders.pdf_p11_c3 | UOL_student_guide_visa_holders.pdf_p11_c1 | UOL_student_guide_visa_holders.pdf_p11_c2,"[""rpool.ac.uk/postgraduate-taught/ programme, change their The Graduate route visa is independent applying/atas/ research discipline or get an from the University. A graduate from the extension of more than 3 months University is responsible for ensuring they Applicants whose subject area requires must apply for a new ATAS meet the requirements of the visa and ATAS clearance must provide the correct certificate to cover their new applying for the visa when eligible, if ATAS certificate before the University subject area and provide the they wish to. will issue a CAS for a Student visa. University with the new ATAS Students can only apply for this visa certificate. after being successfully awarded an eligible qualification and after receiving confirmation from the University that a report has"", ""18 19 Academic Technology Graduate Approval Scheme Route (ATAS) Visa ATAS is a UK Government scheme An ATAS certificate will display the The Graduate route visa is an designed to prevent those undertaking University and the programme of study/ immigration route designed to give postgraduate study from acquiring research that an applicant has applied to Student visa holders who have been knowledge that could be used in for clearance. Current students applying awarded an eligible qualification an Weapons of Mass Destruction (WMD) for a new Student visa for any reason additional 18 month or 3-year visa in activities. Applicants for certain subject (e.g. an extension or suspension) must which to look for and engage in areas must obtain an ATAS certificate re-apply for ATAS clearance and provid"", ""ct (e.g. an extension or suspension) must which to look for and engage in areas must obtain an ATAS certificate re-apply for ATAS clearance and provide employment, become self-employed, before they make an application for a new ATAS certificate together with or potentially start a business in the UK. a UK visa. their request for a new CAS to Student Those who are awarded a PhD will be Administration. granted 3 years under the Graduate The list of subject areas that require route, for all other eligible qualifications ATAS clearance can be found on 18 months will be granted. the University’s Admissions pages: Current students who transfer liverpool.ac.uk/postgraduate-taught/ programme, change their The Graduate route visa is independent applying/atas/ research discipline or get an from the""]",4.746 | 4.619 | 2.279,3,2,1.0,29,True,8.651335199945606,
S2_modular_rag,nvidia/nvidia-nemotron-nano-9b-v2,V2Q072,How does the Diversity and Equality of Opportunity Policy relate to the University's other equality-related policies and plans?,reasoning,hard,"It acts as the overarching framework. More specific policies, statements and action plans—such as bullying and harassment, parental-leave policies, Equality Objectives, Athena Swan and Race Equality Charter plans—sit underneath and support it.","University of Liverpool Diversity, Equality and Opportunity Policy",UOL_diversity-equality-opportunity-policy.pdf_p30_c1,"

The Diversity and Equality of Opportunity Policy serves as the overarching framework for the University’s approach to equality, with other policies and plans (such as the Equality Objectives Action Plan, Athena Swan Action Plan, and Race Equality Charter Action Plan) supporting or embedded within this framework [1]. Additionally, the policy is underpinned by institutional strategies and policies where diversity and equality are integrated, as listed in Appendix D [4].
",UOL_diversity-equality-opportunity-policy.pdf_p30_c1 | UOL_diversity-equality-opportunity-policy.pdf_p4_c1 | UOL_diversity-equality-opportunity-policy.pdf_p10_c1 | UOL_diversity-equality-opportunity-policy.pdf_p11_c1 | UOL_diversity-equality-opportunity-policy.pdf_p8_c2,"[""APPENDIX D: EQUALITY POLICY FRAMEWORK The Diversity & Equality of Opportunity Policy provides an overarching framework for the University’s approach to equality. Supporting this policy are a number of additional Policies, Statements and Action Plans. These include: • Equality Objectives Action Plan • Bullying & Harassment Policy • Maternity Leave Policy • Paternity Leave Policy • Adoption & Surrogacy Leave Policy • Parental leave Policy • Shared Parental Leave Policy • Fostering Leave Policy • Compassionate, Domestic and Personal Emergency Leave Policy • Athena Swan (Gender Equality) Action Plan • Race Equality Charter Action Plan A full list of Human Resources (HR) A-Z of Policies, Procedures and Guidance can be found via the link provided. Equality related action plans, can also be found"", ""Diversity & Equality of Opportunity Policy EXECUTIVE SUMMARY PROMOTING EQUALITY, DELIVERING INCLUSION, ELIMINATING DISCRIMINATION What does ‘Equality of Opportunity’ mean? Equality of opportunity is about treating everyone as an individual with consideration for their needs and abilities, so that everyone has an equal opportunity to reach their full potential. This can be applied to; recruitment, pay, access to services and education, and promotion. The University’s commitment The University works to ensure that staff and students are not disadvantaged on the grounds of any of the nine protected characteristics defined in the Equality Act 2010. These being; Age, Disability, Gender Reassignment, Marriage & Civil Partnership, Pregnancy & Maternity, Race, Religion or Belief (including Non-Bel"", ""6.0 Ensuring Equality of Opportunity 6.1 University Governance The University is committed to a fair and transparent approach to filling vacancies on its Council. Vacancies for lay members are advertised and members appointed by an appropriately constituted selection committee. 6.2 Students Ensuring equality of opportunity is a guiding principle behind all of the University’s policies and procedures. Of particular importance to the diversity and equality agenda, in the context of our student body, are the departmental admissions policies which support the institutional admissions policy, and the discussion of diversity and equality issues as a requirement of programme approval, annual programme monitoring and periodic review. The University is committed to providing its staff with the appr"", ""6.4 Visitors The University will continue to work towards making its campus, facilities and services accessible, creating an inclusive environment for the benefit of our staff, students and visitors. 7.0 Other Relevant University Documents This policy is underpinned by a number of institutional strategies and policies within which diversity and equality are embedded. A list of such documents is available in Appendix D. 8.0 Review of the Policy This policy will be reviewed by the Diversity and Equality Team periodically and appropriate amendment proposals shared with the University’s Human Resources Senior Management Team (HRSMT) and Equality, Diversity and Inclusion Committee, as necessary. 9.0 Communication and Training The policy will be communicated through Heads of Department, the Guil"", ""ard to the need to: • eliminate discrimination, harassment, victimisation and any other conduct that is prohibited by or under the Equality Act 2010; • advance equality of opportunity between persons who share a relevant protected characteristic and persons who do not share it; • foster good relations between persons who share a relevant protected characteristic and persons who do not share it. In particular, the University’s Equality, Diversity & Inclusion Committee have overall responsibility for advancing equality at the University. The Education Committee, and the Finance & Resource Committee also have equality within the scope of their remit. 4.4 Diversity and Equality Team The Diversity and Equality Team is responsible for; developing and reviewing policies and guidance to promote a""]",7.494 | 5.030 | 4.342 | 3.787 | 3.057,5,0,1.0,69,True,23.984850500011817,
S2_modular_rag,nvidia/nvidia-nemotron-nano-9b-v2,V2Q073,A student has an automatic right of appeal against an Informal Resolution outcome in a conduct case. Is that correct?,adversarial_false_premise,hard,No. There is no right of appeal against Informal Resolution. The student can instead ask for the matter to be reviewed under the Local Disciplinary Action procedures.,Student Conduct Procedures — Appendix A,UOL_student_conduct1.pdf_p4_c2,"

The statement is incorrect. According to [1], there is ""no right of appeal against actions taken under Informal Resolution."" While a student may request a review via Local Disciplinary Action procedures, this is not an automatic right. [2], [3], [4], and [5] all confirm that appeals are not permitted against Informal Resolution outcomes.
",UOL_student_conduct1.pdf_p4_c2 | UOL_postgraduate_handbook.pdf_p36_c1 | UOL_postgraduate_handbook.pdf_p36_c6 | UOL_undergraduate_handbook.pdf_p40_c6 | UOL_postgraduate_handbook.pdf_p36_c4,"[""appen again. 2.3 Notes of the conversation should be made and retained by the designated staff member in a secure location. 2.4 There is no right of appeal against actions taken under Informal Resolution, although the responding student could, if they wished the matter to be considered further, request that the matter is reviewed using the Local Disciplinary Action procedures below. This should be requested by e-mailing the member of staff who has dealt with the concern at the Informal Stage who will then refer it to Local Disciplinary Action. 2.5 If during the process of establishing the facts it becomes apparent that the misconduct is more severe than originally thought, the designated member of staff can recommend it be referred to either Local Disciplinary Action or University Discipli"", ""The University has three stages for Their authority under local disciplinary In certain cases, the Student Conduct The Student Conduct Policy sets out managing alleged student misconduct: action enables them to issue sanctions Manager (or nominee) may determine the right of appeal by students against 1. Informal Resolution which include a formal written warning that the misconduct is suitable to be dealt decisions taken under University or a final written warning for a repeated with via Chair’s Action. In cases where the Disciplinary Procedures. 2. Local Disciplinary Action breach, a fine not exceeding £200, a student admits the misconduct and the 3. University Disciplinary Action – The full Student Conduct Policy can be requirement in the event of non-accidental facts of the matter are no"", ""tion 1.4 (Category 1 sanctions) cautioned, reprimanded or charged with There is no right of appeal against be such that it is deemed too serious to be and section 1.6 (Category 2 sanctions) of any criminal offences including local sanctions given within informal resolution, dealt with under Local Disciplinary Action Appendix B – Student Conduct Breaches / community resolution dealt with by although a student could, if they wished the (e.g. allegations of serious misconduct, and Indicative Sanctions. Police. This requirement applies to all matter to be considered further, request or persistent incidents of misconduct You should be aware that the University students, including distance learners and that the matter is reviewed using the that have originally been dealt with via Disciplinary Pa"", ""ance. Should the nature of the alleged misconduct those in section 1.4 (Category 1 sanctions) to investigations, charges and convictions be such that it is deemed too serious to be and section 1.6 (Category 2 sanctions) of under any country’s laws. There is no right of appeal against dealt with under Local Disciplinary Action Appendix B – Student Conduct Breaches sanctions given within informal resolution, (e.g. allegations of serious misconduct, and Indicative Sanctions. Further details regarding Police and although a student could, if they wished the or persistent incidents of misconduct criminal investigations can be found in matter to be considered further, request You should be aware that the University that have originally been dealt with via section 13 of the Section 13 of the Stude"", ""excessive noise levels, proportionate and relevant to the breach efficient way, allowing all parties to reach The University has a duty of care to its smoking in unauthorised areas and very a resolution in a timely manner without staff and students and it therefore needs minor damage to property in University The Student Conduct Policy sets out the need for the case to be heard at a Full to be informed of any alleged criminal residences and discourteous behaviour in the right of appeal by students against Hearing. A referral to Chair’s Action will only activity by its staff or students. study environments. Those with authority decisions taken under Local Disciplinary be made where it is in the best interests of to act under Informal Resolution action, Action. Whilst a registered student a""]",4.642 | 4.340 | 3.163 | 3.063 | 2.832,5,0,1.0,53,True,11.305710599990562,
S2_modular_rag,nvidia/nvidia-nemotron-nano-9b-v2,V2Q074,Can a retrospective extenuating-circumstances claim about a previous resit ever affect how a later resit attempt is counted?,factual,easy,"Yes. In the circumstances described, a retrospective claim may be considered and the Committee may recommend that the original resit result be disregarded so that the later resit is counted in its place, for example as a second rather than third attempt.",University of Liverpool Extenuating Circumstances Policy,UOL_extenuating_circumstances_policy.pdf_p16_c6,"

The evidence does not provide information indicating that a retrospective extenuating circumstances claim about a previous resit could affect how a later resit attempt is counted. The policies described focus on adjusting outcomes for the same resit attempt (e.g., treating it as a first attempt or disregarding it) but do not address impacts on subsequent resits. 

Answer: No, based on the provided evidence, there is no mention of retrospective claims about a previous resit affecting the counting of a later resit attempt.
",UOL_extenuating_circumstances_policy.pdf_p16_c6 | UOL_extenuating_circumstances_policy.pdf_p16_c4 | UOL_extenuating_circumstances_policy.pdf_p16_c5 | UOL_extenuating_circumstances_policy.pdf_p15_c5 | UOL_extenuating_circumstances_policy.pdf_p15_c2,"[""taken in relation to the requirement for you to repeat a failed module or component in the following academic session shall normally stand but you may submit a retrospective claim which shall be considered at the next normal meeting of the Extenuating Circumstances Committee. In this situation, the Extenuating Circumstances Committee may recommend to the Board of Examiners that the original resit result should be disregarded and the resit in the new academic session be regarded in its place (e.g. as your second attempt rather than third attempt). Other than such claims relating to the resit attempt, claims relating to a previous year of study will not normally be considered in subsequent years. c) If your studies have been terminated by the Board of Examiners because of a lack of progress"", ""e submitted after the Board of Examiners may be considered in the following ways: a) If, prior to a resit period, you consider that your first attempt at an assessment was affected by extenuating circumstances and that there are valid reasons why you could not have submitted an extenuating circumstances claim before the Board of Examiners met, you may submit a retrospective claim for consideration by the Extenuating Circumstances Committee meeting held after the resit period. In this situation, the Extenuating Circumstances Committee will only accept the claim if they consider that there were valid reasons why you could not have submitted the claim before the results of your first attempt were confirmed and that there is sufficient evidence to suggest that your performance at the first att"", ""claim before the results of your first attempt were confirmed and that there is sufficient evidence to suggest that your performance at the first attempt was affected by the claimed circumstances. In this situation, the Extenuating Circumstances Committee may recommend to the Board of Examiners that the resit attempt be regarded as a ‘first attempt.’ b) If, subsequent to a resit period, you consider that the resit attempt was affected by extenuating circumstances and that there are valid reasons why you could not have submitted an extenuating circumstances claim before the Board of Examiners met, any decision which the Board of Examiners has taken in relation to the requirement for you to repeat a failed module or component in the following academic session shall normally stand but you ma"", ""the Extenuating Circumstances Committee to be taken as a first attempt that is uncapped, the Board of Examiners will not take into account the original claim of extenuating circumstances when considering progression or final degree classification. Whenever an examination/assessment is re-assessed, the mark achieved in the re-assessment always replaces any previous mark - even when the earlier mark is higher. 8. EXTENUATING CIRCUMSTANCES AND ELEMENTS OF ASSESSED WORK Where elements of the work making up the final mark are missing (for example, coursework) and the extenuating circumstances are accepted, the Extenuating Circumstances Committee will advise on what work must be completed in order that the final mark can be awarded. Where an assessment or assessments have been missed by a studen"", ""t the end of the final year and will make an appropriate recommendation to the Board of Examiners as to the classification of degree you should be awarded. 6. ASSESSMENT MARKS A mark can only be increased if you re-sit/re-take the examination or assessment and achieve a better performance; however, your performance in a resit may result in a lower mark being achieved and recorded as your final mark. If your claim is successful but you choose not to be re-assessed, the mark will not be altered, but the Extenuating Circumstances Committee will consider the impact of the affected mark on your overall results at the end of the final year and will make an appropriate recommendation to the Board of Examiners on the classification of your degree. If you have had extenuating circumstances accepted""]",4.569 | 4.102 | 3.855 | 1.729 | 0.497,5,0,1.0,82,False,11.243912099977024,
S2_modular_rag,nvidia/nvidia-nemotron-nano-9b-v2,V2Q075,What can support an extenuating-circumstances claim when no independent documentary evidence is available?,procedural,medium,"The Committee may expect evidence that the student told someone at the University at the time, such as an Academic Adviser, School teaching-support staff or a central support service. Such a person may provide a statement if they can confirm the circumstances pre-dated the assessment.",University of Liverpool Extenuating Circumstances Policy,UOL_extenuating_circumstances_policy.pdf_p7_c2,"

When no independent documentary evidence is available, an extenuating-circumstances claim can be supported by providing evidence that you alerted someone within the University (e.g., an academic adviser, teaching support staff, or a central support service) at the time of the difficulties [1].
",UOL_extenuating_circumstances_policy.pdf_p7_c2 | UOL_extenuating_circumstances_policy.pdf_p6_c4 | UOL_extenuating_circumstances_policy.pdf_p6_c5 | UOL_extenuating_circumstances_policy.pdf_p10_c3 | UOL_extenuating_circumstances_policy.pdf_p6_c6,"[""claiming have affected your performance predate your assessment. In the event that your circumstances are such that there is no independent documentary evidence, the Extenuating Circumstances Committee will expect to see evidence that you alerted someone within the University, at the time, that you were experiencing difficulties with your studies. This may be a letter from your academic adviser or School teaching support staff or from a central support service (e.g. Counselling Service, Student Support Services). Such people may decline to provide you with a statement if they consider that they cannot confirm that the circumstances which you are claiming have affected your performance predate your assessment; it is at their discretion whether or not to provide a statement. Please note that"", ""ned is aware that you are submitting the details and/or evidence to the University and that they are aware of the way in which the information will be considered and kept in the University under the Extenuating Circumstances Policy and the Data Protection Policy. 3.3 What supporting evidence is needed? Independent documentary evidence will be necessary in most cases. If your claim is based on ill health you must submit evidence that you informed your department that you would not be attending due to ill health. Submitted evidence should be dated and its source or author clearly stated. Where no evidence (independent or otherwise) can be provided, it is at the discretion of the Extenuating Circumstances Committee to decide whether it is more likely than not the claimed circumstances have oc"", ""ded, it is at the discretion of the Extenuating Circumstances Committee to decide whether it is more likely than not the claimed circumstances have occurred. If the original documentation is provided in a language other than English then you must provide an independent translation. If documentary evidence relating to illness is provided by someone other than a medical practitioner (as recognised by the GMC) the documentation must include details of that person’s qualifications or standing; the evidence will still need to be accepted by the Extenuating Circumstances Committee and it will be for the Board of Examiners to make a judgement as to value or weight they attached to the evidence in deciding a case of extenuating circumstances You need to be aware that some services (e.g. doctors) m"", ""Committee may not accept your claim if it considers that you have failed to take reasonable precautions (e.g. you have lost work which you did not back up). Religious observance Independent documentary evidence is required in all cases (e.g. a letter from a minister or religious leader) and you must demonstrate that there was a requirement for you to attend or participate, and the reasons why you could not attend on a different occasion which did not coincide with your studies or assessment. Where religious observances require fasting, the University will not normally regard this as an extenuating circumstance. Employment If you are a full-time student, you will not normally be eligible to claim for extenuating circumstances in relation to employment. This includes claims relating to resi"", ""value or weight they attached to the evidence in deciding a case of extenuating circumstances You need to be aware that some services (e.g. doctors) may make a charge for the provision of a letter, statement or other evidence and that this will not be reimbursed by the University. The Extenuating Circumstances Committee will expect to see independent documentary evidence which is contemporaneous with the events which you are claiming have affected your performance. The Committee may decline to accept statements from medical practitioners, counsellors or other similar people which show that you have only approached them after the""]",6.753 | 6.462 | 5.317 | 5.232 | 4.735,5,0,1.0,42,True,9.276453000027686,
S2_modular_rag,nvidia/nvidia-nemotron-nano-9b-v2,V2Q076,What support and representation options does a responding student have during a conduct investigation meeting?,reasoning,hard,"They can obtain support from trained Guild of Students advisers and may seek legal advice at their own expense, but a legal representative or adviser cannot accompany them at the investigation meeting. A legally qualified person may help compile their written statements.",Student Conduct Procedures — Appendix A,UOL_student_conduct1.pdf_p12_c1,"

A responding student has the following support and representation options during a conduct investigation meeting:  
- They may be accompanied by one other person (e.g., a friend or family member) for support, though the Guild of Students’ Advice Service is recommended as a more effective option [2, 5].  
- They can seek independent legal advice at their own expense, and their statements can be compiled by a legally qualified person on their behalf [1].  
- The Guild of Students’ Advice Service provides trained advisers who can offer support and representation [1, 5].  

These options are explicitly outlined in the evidence, with [1], [2], and [5] directly addressing the rights and support available to responding students.
",UOL_student_conduct1.pdf_p12_c1 | UOL_student_conduct1.pdf_p11_c5 | UOL_student_conduct1.pdf_p18_c1 | UOL_student_conduct1.pdf_p5_c5 | UOL_student_conduct1.pdf_p5_c3,"[""Student Conduct, Complaints and Compliance University’s procedures. The Guild of Students’ Advice Service has trained advisers who can provide this support. 7.4 The Investigating Officer will write to any reporting student(s) to advise them they are the Investigating Officer and arrange for an investigation meeting to take place. 7.5 Prior to the responding student’s investigation meeting, they will be provided with sufficient information to allow them to respond to the allegation(s). 7.6 Students are not able to be accompanied by a legal representative / adviser at any investigation meeting; however, they are entitled to seek legal advice at their own expense and their statements can be compiled on their behalf by persons legally qualified. 7.7 The Investigating Officer may hold one or mo"", "". 7.3 The student is entitled to be accompanied at the investigation meeting by one other person acting as their friend. Whilst this can be a family member it is not always advisable as the most effective support for a student attending a University investigation meeting is provided by someone who understands the APPENDIX A – STUDENT CONDUCT POLICY PROCEDURES"", ""Student Conduct, Complaints and Compliance 11 University Disciplinary- Right to Representation 11.1 The reporting and responding student are entitled to be accompanied at the hearing by one other person acting as their friend. Whilst this can be a family member it is not always advisable as the most effective support for a student attending a University Disciplinary hearing is provided by someone who understands the University’s procedures. The Guild of Students’ Advice Service has trained advisers who can provide this support. The University recommends that reporting and responding students should seek the assistance of the Guild of Students Advice Service. 11.2 The role of the person accompanying a student to a hearing is to support the student. The Panel will wish to hear predominantly"", ""timescale, it will be assumed that the student agrees with the contents of the notes and the investigation will continue. 3.8 At the meeting with the responding student, the designated member of staff should give the responding student the opportunity to either admit or deny the allegation(s) made against them, provide their version of events and provide any further evidence that they wish to be considered. This meeting is also the APPENDIX A – STUDENT CONDUCT POLICY PROCEDURES"", ""in which case, it is advised that at least 4 working days’ notice is provided. Students can be accompanied at any investigation meeting by one other person for support purposes. Students should be advised in writing that they can seek independent advice and representation from the Liverpool Guild of Students Advice Service. 3.6 Students should be informed of the time and location of the meeting and the people who will be present. This would normally be the relevant designated member of staff and an independent note-taker. The role of the note taker is to list attendees, detail the allegation(s) being made, and summarise the discussion that has taken place. All circumstances surrounding the meeting should be noted, e.g. the behaviour of the student during the meeting. 3.7 Following the meet""]",5.031 | 4.349 | 4.039 | 3.630 | 3.387,5,0,1.0,115,True,14.075245399959385,
S2_modular_rag,nvidia/nvidia-nemotron-nano-9b-v2,V2Q077,"If IAG thinks a visa-refusal appeal is likely to fail, the University must continue sponsoring the student until every possible appeal is exhausted. Is that correct?",adversarial_false_premise,hard,"No. IAG may advise interruption or withdrawal, after which the University can report the change to UKVI and withdraw sponsorship. The student may need to leave the UK and later obtain a new CAS and visa to resume study.",Policy on UKVI Compliance — Student Route,UOL_UKVI_complience.pdf_p13_c3,"

The assumption in the question is incorrect. According to the evidence, if IAG assesses that an appeal or administrative review is likely to fail, the University **does not** have to continue sponsoring the student indefinitely. Instead:  

- The University may advise the student to voluntarily suspend or withdraw from their studies [2][3][4].  
- If the student does not take voluntary action, the University **reserves the right to administratively suspend or withdraw** the student to protect its Student sponsor licence [1][2][4][5].  

Thus, the University is not obligated to continue sponsorship until all appeals are exhausted. The correct answer is:  

**No, that is not correct.** [2][4]
",UOL_student_guide_visa_holders.pdf_p8_c5 | UOL_UKVI_complience.pdf_p13_c3 | UOL_student_guide_visa_holders.pdf_p8_c4 | UOL_UKVI_complience.pdf_p13_c5 | UOL_UKVI_complience.pdf_p13_c1,"[""s the likely success of an If your appeal or administrative review appeal or administrative review. is rejected and you do not voluntarily If IAG assess that an appeal or suspend or withdraw, the University administrative review might be reserves the right to administratively successful then they will help you apply suspend or withdraw you from your for this and you can carry on studying studies in order to protect its Student until you get a decision from UKVI. sponsor licence. This will be reported to UKVI and, as a result, you will need to leave If IAG assess that an appeal or the UK. In order to return to your studies administrative review is likely to fail, you will need a new CAS to apply for you will be advised to voluntarily a new Student visa. interrupt your studies."", ""nt must present all relevant documentation requested by IAG in order for an assessment to be made as to the likely success of an appeal or administrative review. Where an appeal or administrative review is assessed as likely to fail, the student will be advised on the best course of action, which may include voluntary interruption or withdrawal from their current programme of study resulting in a report of the student’s change of registration circumstances being made to UKVI in accordance with section 6 of this Policy. In so doing, the University will withdraw its current sponsorship of the student and the student will be required to leave the UK. Any subsequent intention to resume study or research will require the student to be issued with a new CAS in order to apply for a new Student Ro"", ""ovide satisfactory Administration immediately and seek evidence of this to the University, then, further advice from IAG. You will be in most cases, you can carry on studying advised to voluntarily suspend or until you get a decision from UKVI. withdraw from your studies and this will be reported to UKVI. If you have not submitted an in-time appeal or an in-time request for an This will mean that you will need to leave administrative review but you want the UK. In order to return to your studies to, you must present all relevant you will need a new CAS and to apply for documentation to IAG so they can a new Student visa to enter the UK. assess the likely success of an If your appeal or administrative review appeal or administrative review. is rejected and you do not voluntarily If IAG asse"", ""dent’s change of registration circumstances to UKVI in accordance with section 6 of this Policy. In so doing, the University will withdraw its current sponsorship of the student and the student will be required to leave the UK. Any subsequent intention to resume study or research will require the student to be issued with a new CAS in order to apply for a new Student Route visa to enter the UK. 14.7 Where an appeal or administrative review is rejected or where IAG determines that an appeal or administrative review is likely to prove unsuccessful and the student chooses not to voluntarily interrupt or withdraw from their current programme of study, the University reserves the right to administratively interrupt or withdraw the student from their programme of study, in order to protect its S"", ""POLICY ON UKVI - STUDENT COMPLIANCE 14.3 Where an international student has submitted an in-time appeal or an in-time request for an administrative review of the visa refusal or rejection decision, and can provide satisfactory evidence of this which meets the scrutiny and approval of IAG, then the student will be permitted to remain registered on their current programme of study until such time that the outcome of their appeal or administrative review is known. Where evidence is not submitted, is deemed unacceptable or demonstrates that an application was made after the deadline, the University reserves the right to administratively interrupt or withdraw the student from their programme of study, in order to protect its Student sponsor licence. Student Life will report the student’s change""]",4.866 | 4.575 | 2.934 | 2.851 | 2.631,5,0,1.0,104,True,11.561318699968979,
S2_modular_rag,nvidia/nvidia-nemotron-nano-9b-v2,V2Q078,What kinds of behaviour should a student or staff member recognise as potential bullying that may need to be raised?,procedural,medium,"Examples include spreading rumours, persistent unjustified criticism, singling someone out unfairly, public humiliation, selectively applying rules to someone's detriment, setting unreasonable targets, ostracism and gaslighting.","University of Liverpool Diversity, Equality and Opportunity Policy",UOL_diversity-equality-opportunity-policy.pdf_p18_c3,"

The University considers the following behaviors as potential bullying that should be recognized and reported:  
- Physical or verbal abuse, including threatening or intimidating behavior [2]",UOL_diversity-equality-opportunity-policy.pdf_p5_c3 | UOL_diversity-equality-opportunity-policy.pdf_p18_c2,"[""l found to be responsible for perpetrating forms of discrimination and other forms of unacceptable behaviour, as outlined in the Bullying & Harassment Policy (see Appendix B for a glossary of useful terms). Individual members of staff and students have a responsibility to draw any incidences of harassment, bullying, direct or indirect discrimination or victimisation to the attention of their; line manager, Head of Department, HR Business Partner and or programme leader, to ensure appropriate action can be taken. Staff and students can also use the University’s Report and Support provision to relay incidents (named or anonymously) and seek further advice and guidance. 5"", ""al definition of the term ‘bullying’, for the purpose of the Bullying & Harassment Policy, taking account of the ACAS definition, the University considers the following behaviour may potentially amount to Bullying: Unwanted behaviour from a person or group that is either offensive, intimidating, malicious or insulting, or an abuse or misuse of power, that undermines, humiliates, or causes physical or emotional harm to someone. Potential examples of bullying behaviour include (yet are not limited to): • Physical or verbal abuse including threatening or intimidating behaviour, • Abusive comments made in person, in writing or via electronic means, • Spreading rumours, gossip and hearsay to undermine an individual, • Unjustified persistent negative comments or criticism, such as about a person""]",2.541 | 0.741,2,3,0.0,26,True,18.725374899921007,
S2_modular_rag,nvidia/nvidia-nemotron-nano-9b-v2,V2Q079,How can non-consensual sexual touching be categorised under the indicative conduct sanctions?,factual,easy,Inappropriate touching that may reasonably be perceived as sexual and occurs without consent is listed as a Category 2 or Category 3 breach.,Student Conduct Breaches and Indicative Sanctions — Appendix B,UOL_student_conduct2.pdf_p7_c2,"

The evidence provided does not specify how non-consensual sexual touching would be categorized under the indicative conduct sanctions. It outlines general principles for categorizing breaches based on severity and context but does not mention sexual misconduct or specific categories for such acts [1].
",UOL_student_conduct2.pdf_p2_c1,"[""Student Conduct, Complaints and Compliance 1. Categories of Breaches 1.1. The way in which the University of Liverpool categorises breaches of the Student Conduct Policy is by consideration of both the severity of the breach and the appropriateness of certain sanctions to certain types of breach. Sanctions listed are indicative only, non-exhaustive and will be applied on a case-by-case basis (i.e., considering the context of each breach), at the discretion of the disciplinary authorities. 1.2. There may be some circumstances where, if aggravating factors are present as outlined in section 2 of this document, the category of a breach may be increased and therefore subject to more severe sanctions. Similarly, there may be circumstances where, if mitigating factors are present as outlined in""]",0.395,1,4,0.0,43,True,7.307667199987918,
S2_modular_rag,nvidia/nvidia-nemotron-nano-9b-v2,V2Q080,How long does protection against maternity discrimination apply in the non-work context after giving birth?,paraphrased,medium,The policy states that the non-work protection applies for 26 weeks after giving birth and includes unfavourable treatment because a woman or breastfeeding parent is breastfeeding.,"University of Liverpool Diversity, Equality and Opportunity Policy",UOL_diversity-equality-opportunity-policy.pdf_p14_c3,"

The protection against maternity discrimination in the non-work context applies for **26 weeks after giving birth** [1].
",UOL_diversity-equality-opportunity-policy.pdf_p14_c3 | UOL_diversity-equality-opportunity-policy.pdf_p14_c2,"[""expecting a baby. Maternity refers to the period after the birth and is linked to maternity leave in the employment context. In the non-work context, protection against maternity discrimination is for 26 weeks after giving birth, and this includes treating a woman or breastfeeding parent unfavourably because they are breastfeeding. The definition and criteria outlined above relates to; access of provision of goods, services and public functions, as well as the disposal of premises, education and associations. Within a work context employees are protected from unlawful discrimination if they: • are pregnant, • have an illness which is a result of the pregnancy, • are on compulsory maternity leave • are planning to take ordinary or additional maternity leave • are taking ordinary or addition"", ""work due to sickness or injury related to gender reassignment • Absence from work for another reason due to gender reassignment • Discriminate against a person for the purpose of employment and development (e.g. recruitment, promotion, access to services or developmental training, etc.) because that person intends to undergo gender reassignment, is undergoing gender reassignment or has undergone gender reassignment. Marriage & Civil Partnership A person who is legally married or in a civil partnership has the protected characteristic of ‘marriage and civil partnership’. Pregnancy and Maternity Pregnancy is the condition of being pregnant or expecting a baby. Maternity refers to the period after the birth and is linked to maternity leave in the employment context. In the non-work context,""]",9.420 | -0.159,2,3,1.0,17,True,8.541903199977241,
S2_modular_rag,nvidia/nvidia-nemotron-nano-9b-v2,V2Q081,What kind of environment does the University say it is committed to providing under its equality policy?,factual,easy,"A positive, professional environment based on mutual respect for the experiences, abilities and skills of all individuals, with appropriate action taken against discrimination and other unacceptable behaviour.","University of Liverpool Diversity, Equality and Opportunity Policy",UOL_diversity-equality-opportunity-policy.pdf_p5_c2,"

The University of Liverpool is committed to providing an inclusive environment that promotes equality, delivers inclusion, and eliminates discrimination, as stated in its Diversity & Equality of Opportunity Policy (evidence [3]).
","UOL_StudentAttendancePolicy-REVISEDJUL2025,v1.3.pdf_p10_c4 | UOL_diversity-equality-opportunity-policy.pdf_p10_c1 | UOL_diversity-equality-opportunity-policy.pdf_p4_c1 | UOL_diversity-equality-opportunity-policy.pdf_p11_c1 | UOL_diversity-equality-opportunity-policy.pdf_p8_c3","[""ty Impact Assessment. 7.2 The University supports disabled students as part of its anticipatory duty under the Equality Act 2010. Under the Act, disabled students are protected against discrimination arising from their disability and any failure to comply with the duty to make reasonable adjustments. 7.3 The University is committed to providing an inclusive environment which enables all students and staff to achieve their potential. Its Policy and Procedures Regarding Reasonable Adjustments and Support for Disabled Students outlines in detail how the University delivers on this commitment. Student Attendance Policy Page 10"", ""6.0 Ensuring Equality of Opportunity 6.1 University Governance The University is committed to a fair and transparent approach to filling vacancies on its Council. Vacancies for lay members are advertised and members appointed by an appropriately constituted selection committee. 6.2 Students Ensuring equality of opportunity is a guiding principle behind all of the University’s policies and procedures. Of particular importance to the diversity and equality agenda, in the context of our student body, are the departmental admissions policies which support the institutional admissions policy, and the discussion of diversity and equality issues as a requirement of programme approval, annual programme monitoring and periodic review. The University is committed to providing its staff with the appr"", ""Diversity & Equality of Opportunity Policy EXECUTIVE SUMMARY PROMOTING EQUALITY, DELIVERING INCLUSION, ELIMINATING DISCRIMINATION What does ‘Equality of Opportunity’ mean? Equality of opportunity is about treating everyone as an individual with consideration for their needs and abilities, so that everyone has an equal opportunity to reach their full potential. This can be applied to; recruitment, pay, access to services and education, and promotion. The University’s commitment The University works to ensure that staff and students are not disadvantaged on the grounds of any of the nine protected characteristics defined in the Equality Act 2010. These being; Age, Disability, Gender Reassignment, Marriage & Civil Partnership, Pregnancy & Maternity, Race, Religion or Belief (including Non-Bel"", ""6.4 Visitors The University will continue to work towards making its campus, facilities and services accessible, creating an inclusive environment for the benefit of our staff, students and visitors. 7.0 Other Relevant University Documents This policy is underpinned by a number of institutional strategies and policies within which diversity and equality are embedded. A list of such documents is available in Appendix D. 8.0 Review of the Policy This policy will be reviewed by the Diversity and Equality Team periodically and appropriate amendment proposals shared with the University’s Human Resources Senior Management Team (HRSMT) and Equality, Diversity and Inclusion Committee, as necessary. 9.0 Communication and Training The policy will be communicated through Heads of Department, the Guil"", ""emit. 4.4 Diversity and Equality Team The Diversity and Equality Team is responsible for; developing and reviewing policies and guidance to promote a positive and inclusive environment in which to work and study. 4.5 Staff All members of staff should: • Comply with their legal obligation under the Equality Act 2010 and this policy to refrain from unlawful discrimination and harassment. • Familiarise themselves with this policy and other appropriate policies, such as the Bullying & Harassment Policy. • Challenge unlawful behaviour by the University, members of staff or students either directly, through the appropriate management structure (e.g. line manager, head of department or HR Business Partner) or via the appropriate reporting and or complaints procedures (e.g. Report & Support). • If""]",5.406 | 3.011 | 2.536 | 2.437 | 1.807,5,0,0.0,31,True,11.191307800007053,
S2_modular_rag,nvidia/nvidia-nemotron-nano-9b-v2,V2Q082,What are the three stages of the Student Complaints Procedure described in the Postgraduate Handbook?,paraphrased,medium,"The stages are Early Resolution, Formal Complaint and Review.",University of Liverpool Postgraduate Handbook,UOL_postgraduate_handbook.pdf_p38_c5,"

The three stages of the Student Complaints Procedure described in the Postgraduate Handbook are **Early Resolution**, **Formal Complaint**, and **Review** [1].
","UOL_postgraduate_handbook.pdf_p38_c4 | UOL_undergraduate_handbook.pdf_p42_c4 | UOL_postgraduate_handbook.pdf_p38_c10 | UOL_undergraduate_handbook.pdf_p42_c10 | UOL_Student,Complaints,Policy,and,Procedure.pdf_p4_c3","[""tails under which a review can be Quality and Standards Division - investigation is warranted. manager for the service shall investigate requested, please see Student complaints University of Liverpool. the complaint or appoint a member of There are three stages contained within the - Student Administration - University of their staff to investigate the complaint Complaints Student Complaints Policy and Procedure on their behalf (‘the investigator’) and Liverpool (Early Resolution, Formal Complaint and The Student Charter, published at the shall submit a written response to the The Student Complaints Policy and Review) to allow escalation should a student front of this handbook, sets out the student normally within 25 working days Procedure does not cover the following consider that such a"", ""tails under which a review can be Quality and Standards Division - investigation is warranted. manager for the service shall investigate requested, please see Student complaints University of Liverpool. the complaint or appoint a member of There are three stages contained within the - Student Administration - University of their staff to investigate the complaint Complaints Student Complaints Policy and Procedure on their behalf (‘the investigator’) and Liverpool (Early Resolution, Formal Complaint and The Student Charter, published at the shall submit a written response to the The Student Complaints Policy and Review) to allow escalation should a student front of this handbook, sets out the student normally within 25 working days Procedure does not cover the following consider that such a"", ""being sought. an informal basis. unless the student escalates the complaint For postgraduate research students, to the Review Stage of this Procedure within issues relating to their supervision may be 10 working days of the date on which the raised with their Departmental or School/ written response is sent to the student. Institute Director of Postgraduate Research if the issue cannot be raised with their supervisory team. Your University – Handbook for Postgraduate Students72 / /73"", ""being sought. an informal basis. unless the student escalates the complaint For postgraduate research students, to the Review Stage of this Procedure within issues relating to their supervision may be 10 working days of the date on which the raised with their Departmental or School/ written response is sent to the student. Institute Director of Postgraduate Research if the issue cannot be raised with their supervisory team. Your University – Handbook for Undergraduate Students80 / /81"", ""he law. The University’s Code of Practice Regarding Freedom of Speech sets out the University’s commitments and values in this area. In line with guidance from the Office for Students, cases relating to free speech matters (whether they involve staff or students) will be subject to a preliminary assessment by an appropriate senior officer(s) to assess whether further investigation is warranted. d) There are three stages within the Complaints Procedure; Early Resolution, Formal Complaint and Review. This allows a student to escalate their complaint should they consider that it has not, or cannot, be resolved informally. Where a complaint is upheld, we will seek to put things right for a student where possible. If a complaint is not upheld, we will give reasons for the decision. e) Other Uni""]",5.112 | 5.112 | 3.778 | 3.672 | 3.347,5,0,0.0,21,True,13.083617600030266,
S2_modular_rag,nvidia/nvidia-nemotron-nano-9b-v2,V2Q083,Do the Undergraduate and Postgraduate Handbooks give materially different advice on securing personal belongings and reporting theft?,multi_document_comparison,hard,"No. Both advise students to lock doors and windows, secure bicycles, avoid leaving valuables unattended, and report crime promptly to the Police and University Campus Support Services. Both also warn students to take responsibility for protecting their possessions.",University of Liverpool Undergraduate Handbook | University of Liverpool Postgraduate Handbook,UOL_undergraduate_handbook.pdf_p13_c5 | UOL_postgraduate_handbook.pdf_p13_c6,"

The evidence provided only includes information from the **Postgraduate Handbook** (evidence [1]). It does not contain any details about the **Undergraduate Handbook** or its advice on securing belongings or reporting theft. Since there is no evidence to compare the two handbooks, it is impossible to determine whether their advice is materially different. 

Answer: The evidence does not provide information about the Undergraduate Handbook, so a comparison cannot be made [1].
",UOL_postgraduate_handbook.pdf_p13_c9,"[""is designed to provide a central control you should report this immediately to a necessary. If you are living in private rented point to deal with enquiries and to control member of the on-site halls staff or by accommodation, you will need to make the University’s security arrangements. A calling the emergency number for your your own arrangements to insure your two-way radio system between the office building. belongings. and the outside security staff is in operation whereby immediate assistance can be organised in an emergency. Your University – Handbook for Postgraduate Students22 / /23""]",-1.009,1,5,0.0,70,True,7.482482899911702,
S2_modular_rag,nvidia/nvidia-nemotron-nano-9b-v2,V2Q084,How do the Undergraduate and Postgraduate Handbooks advise a student who has been a victim of crime and also needs ongoing support?,multi_document_comparison,hard,Both direct the student to report the crime to the Police and identify the University's Wellbeing Team as a source of ongoing support. They also indicate that incidents can be reported to the University through its reporting route.,University of Liverpool Undergraduate Handbook | University of Liverpool Postgraduate Handbook,UOL_undergraduate_handbook.pdf_p14_c8 | UOL_postgraduate_handbook.pdf_p14_c8,"

The Undergraduate and Postgraduate Handbooks both advise that if a student has been a victim of crime and needs ongoing support, they should first report the incident to the Police [1, 2]. After this, they should contact the Wellbeing Team or Campus Support for further assistance [1, 2]. Both handbooks emphasize this sequence to ensure immediate safety and access to support services.
",UOL_undergraduate_handbook.pdf_p14_c8 | UOL_postgraduate_handbook.pdf_p14_c8 | UOL_postgraduate_handbook.pdf_p14_c1 | UOL_undergraduate_handbook.pdf_p14_c1 | UOL_postgraduate_handbook.pdf_p14_c7,"[""room unnecessary delay. If you have been a victim of crime and of any restricted areas. Check that you The following can help cut down the need ongoing support, then please contact know the local health and safety rules risk of fire: The Wellbeing Team, Alsop Building located and procedures. Find out who your main If you have been a victim Do not smoke in bed (smoking is not on University Square (Building no. 759: contacts are if you have a safety issue permitted in Halls of Residence) of a crime, you should first Ref E7 liverpool.ac.uk/maps). or concern to raise. Do not use candles or oil burners in study report this to the Police and You can also report an incident to the Be aware that most accidents at the bedrooms University via our online reporting tool, University are as a result of"", ""room unnecessary delay. If you have been a victim of crime and of any restricted areas. Check that you The following can help cut down the need ongoing support, then please contact know the local health and safety rules risk of fire: The Wellbeing Team, Alsop Building located and procedures. Find out who your main If you have been a victim Do not smoke in bed (smoking is not on University Square (Building no. 759: contacts are if you have a safety issue permitted in Halls of Residence) of a crime, you should first Ref E7 liverpool.ac.uk/maps). or concern to raise. Do not use candles or oil burners in study report this to the Police and You can also report an incident to the Be aware that most accidents at the bedrooms University via our online reporting tool, University are as a result of"", ""With the aim of preventing unauthorised If you have been a victim of a crime, you Clean up any spillages you see or create. Do not damage anything that has been persons from entering buildings, the should first report this to the Police and If you see any unsafe conditions whilst provided for your safety (eg directional building management staff and security Campus Support to ensure your safety and moving around the campus (eg damaged signage, fire extinguishers, fire doors, etc). staff have been instructed to ask strangers security before seeking further support. flagstones, potholes in roads, torn carpets Accidents and incidents to produce evidence of identity, and in buildings, etc) bring it to the attention www.liverpool.ac.uk/studentsupport/ All accidents (including ‘near miss’ studen"", ""With the aim of preventing unauthorised If you have been a victim of a crime, you Clean up any spillages you see or create. Do not damage anything that has been persons from entering buildings, the should first report this to the Police and If you see any unsafe conditions whilst provided for your safety (eg directional building management staff and security Campus Support to ensure your safety and moving around the campus (eg damaged signage, fire extinguishers, fire doors, etc). staff have been instructed to ask strangers security before seeking further support. flagstones, potholes in roads, torn carpets Accidents and incidents to produce evidence of identity, and in buildings, etc) bring it to the attention www.liverpool.ac.uk/studentsupport/ All accidents (including ‘near miss’ studen"", ""te assistance Familiarise yourself with the buildings you Separate arrangements apply to lost of staff. They have been trained to if you have to deal with the injured or ill study and live in. Get to know the layout, property recovered within the Guild of assist you and ensure you are safe person; the call to campus support will the different fire arrangements (ie “stay Students building, and you should enquire in a potential emergency situation. ensure that the emergency services are put” policy or full evacuation), escape at the reception desk. called and that they get to you without routes and assembly points. Be aware At your residence or room unnecessary delay. If you have been a victim of crime and of any restricted areas. Check that you The following can help cut down the need ongoi""]",2.799 | 2.799 | -0.741 | -0.741 | -0.974,5,0,1.0,62,True,12.334927699994296,
S2_modular_rag,nvidia/nvidia-nemotron-nano-9b-v2,V2Q085,How do the Undergraduate and Postgraduate Handbooks differ in the award requirements described in these sections?,multi_document_comparison,hard,"The undergraduate guidance focuses on degree classification through weighted marks and classification rules, while the postgraduate guidance focuses on the credit volume and academic level required for postgraduate awards, including limited use of level 6 credit in some structures.",University of Liverpool Undergraduate Handbook | University of Liverpool Postgraduate Handbook,UOL_undergraduate_handbook.pdf_p29_c9 | UOL_postgraduate_handbook.pdf_p23_c2,"

The provided evidence only includes information from the **Postgraduate Handbook** (pages 23-24) and does not contain any details about **undergraduate award requirements**. Therefore, it is not possible to compare or identify differences between undergraduate and postgraduate award requirements based solely on the given evidence. 

To answer this question, you would need to refer to the **Undergraduate Handbook** for details about undergraduate award structures, which are not included in the provided evidence.
",UOL_postgraduate_handbook.pdf_p23_c10 | UOL_postgraduate_handbook.pdf_p24_c10 | UOL_postgraduate_handbook.pdf_p24_c3 | UOL_postgraduate_handbook.pdf_p24_c2 | UOL_postgraduate_handbook.pdf_p24_c9,"[""the MRes programme there may credits, may only contribute to the award of such programmes of study the specific be an oral examination of the research a Postgraduate Diploma when it is an exit credit requirements for the named activity. award. award and any exit points will be clearly articulated in the programme specification. Your University – Handbook for Postgraduate Students42 / /43"", ""s of each entry award will over a period of no more than one year module on a standalone basis outwith award; this is necessary in order to avoid be clearly articulated in the programme Postgraduate Award. Minimum of eight an award; or credit being counted twice for two different specification. weeks and a maximum of two years. A In the case of research or independent awards. programme of 30 credits would normally study modules which contribute to an be studied full-time over eight weeks and award, or part-time over a period of no more than Where a non-modular non-semesterised six months. programme has a duration in excess of one year. Your University – Handbook for Postgraduate Students44 / /45"", ""y policy. Further information about for the award. Where students register for a postgraduate level award. Similarly, where a student has taken a level recognised prior learning can be accessed for modules on a standalone basis, any Students who take a level 6 module on a 7 module as part of an undergraduate at Appendix R to the Code of Practice on credit contributing to an award must be standalone basis must achieve at least degree they have taken at the University Assessment at liverpool.ac.uk/aqsd/ successfully achieved within the maximum 50% or more for the credit to contribute they will not be permitted to take the same academic-codes-of-practice/code-of- registration period for that award In order to a postgraduate award. level 7 module(s) as part of a postgraduate practice-on-assess"", ""ded as appropriate. for a postgraduate award. Applications If a programme of study includes level 6 programmes of study will not be permitted for recognised prior learning to contribute The registration period commences from modules (as detailed above) which have a to repeat (in a postgraduate programme to a University of Liverpool award will be the date of registration for the first module pass mark of 40%, students must achieve of study), a level 6 module they have considered in accordance with the relevant that carries credit that is to be recognised 50% or more for the credit to be recognised taken in their undergraduate degree. University policy. Further information about for the award. Where students register for a postgraduate level award. Similarly, where a student has taken a leve"", ""s credit towards a higher award provided weeks and a maximum of three years Where the overall average mark in all modules required for a higher award within that this is successfully completed within from initial registration. A programme of ‘taught’ modules contributing to a the maximum registration period they will the maximum period of registration for that 60 credits would normally be studied postgraduate award is less than 50%; or be required to return the lower award in award. Where this is the case, the specific full-time over 15 weeks and part-time Where a student takes an individual order to become eligible for the higher requirements of each entry award will over a period of no more than one year module on a standalone basis outwith award; this is necessary in order to avoid be c""]",2.767 | 1.848 | 0.351 | 0.112 | -0.880,5,0,0.0,71,False,9.522707400028594,
S2_modular_rag,nvidia/nvidia-nemotron-nano-9b-v2,V2Q086,How do the Undergraduate and Postgraduate Handbooks distinguish the complaints route from an assessment appeal?,multi_document_comparison,hard,"Both treat complaints and assessment appeals as separate processes. Complaints can move through Early Resolution, Formal Complaint and Review, while eligible challenges to Board of Examiners or assessment decisions use the assessment-appeal route and must meet its specified grounds.",University of Liverpool Undergraduate Handbook | University of Liverpool Postgraduate Handbook,UOL_undergraduate_handbook.pdf_p42_c1 | UOL_postgraduate_handbook.pdf_p38_c5,"

The evidence provided does not explicitly distinguish between the complaints route and an assessment appeal in either the Undergraduate or Postgraduate Handbooks. The sections referenced focus solely on the definition and procedure of assessment appeals (e.g., challenging decisions on assessments and awards) but do not mention or clarify the complaints route as a separate process. Therefore, based on the given evidence, the distinction cannot be determined. 

Answer: The evidence does not contain information on how the complaints route is distinguished from an assessment appeal.
","UOL_postgraduate_handbook.pdf_p37_c10 | UOL_Code,of,Practice,on,Assessment,and,Appendices,2025-26,Summary,of,Changes.pdf_p4_c3 | UOL_undergraduate_handbook.pdf_p41_c10 | UOL_postgraduate_handbook.pdf_p37_c9","[""hysician. At the end An assessment appeal is a challenge programmes in the Faculty of Health of the formal investigation, the Investigating Where a student submits an appeal, they to, or a request for reconsideration (on and Life Sciences with professional/ Officer may conclude: will not be permitted to attend graduation specified grounds) of a decision made by statutory body regulation that necessitates (i) That there is no case to be taken the University on student assessments and or graduate until either the appeal is Fitness to Practise processes or on a forward, in which case the student will be awards. concluded or withdrawn. informed that no further action will be taken Your University – Handbook for Postgraduate Students70 / /71"", ""lty had previously referred to research misconduct, now it refers to master’s dissertaƟons or research projects and UG projects. This secƟon also includes some guidance on whether to suspend or terminate studies. • There is no longer separate guidance for Appendix L, relevant informaƟon from the guidance has been incorporated into the Policy. Templates have also been removed, but are available separately from the Student Conduct, Complaints and Compliance Team. 6. Appendix F: Assessment Appeal Procedure for Undergraduate and Taught Postgraduate Programmes • Removal of references to ExtenuaƟng Circumstances Commitees, replaced by the Boards of Examiners as they are the ﬁnal point in the process for determining the outcomes for Personal ExtenuaƟng Claims under the new AddiƟonal ConsideraƟons"", ""e governed by these processes. forward, in which case the student will be Administration - University of Liverpool. Where a student submits an appeal, they informed that no further action will be taken An assessment appeal is a challenge will not be permitted to attend graduation to, or a request for reconsideration (on or graduate until either the appeal is specified grounds) of a decision made concluded or withdrawn. by the University on student assessments and awards. Your University – Handbook for Undergraduate Students78 / /79"", ""this responsibility, the Policy or Student Complaints Policy); student’s suitability for professional Further information including appeals University operates a Fitness to Practise That constitute a matter which could practice on grounds of health, the Executive forms can be found at: Assessment Procedure. have been resolved under the Student Pro-Vice- Chancellor may require the appeals Assessment appeals- Student Complaints Policy and Procedure at The Fitness to Practise Policy and student to be assessed by the University’s Administration - University of Liverpool. the appropriate time. Procedures apply to students on Occupational Health Physician. At the end An assessment appeal is a challenge programmes in the Faculty of Health of the formal investigation, the Investigating Where a st""]",2.368 | 0.897 | 0.749 | 0.631,4,1,0.0,84,False,14.525215399917215,
S2_modular_rag,nvidia/nvidia-nemotron-nano-9b-v2,V2Q087,How does the Student Attendance Policy connect ordinary attendance responsibilities with Student Route compliance?,multi_document_comparison,hard,The Attendance Policy says students remain responsible for missed academic content and for meeting any visa or sponsorship attendance requirements. The UKVI compliance policy identifies the Student Attendance Policy as part of the University's connected compliance framework and requires the University to maintain immigration-related records.,"Student Attendance Policy — Revised July 2025, Version 1.3 | Policy on UKVI Compliance — Student Route","UOL_StudentAttendancePolicy-REVISEDJUL2025,v1.3.pdf_p6_c2 | UOL_UKVI_complience.pdf_p3_c3","

The Student Attendance Policy connects ordinary attendance responsibilities with Student Route compliance by establishing specific procedures and responsibilities for monitoring attendance and engagement, which are critical for maintaining compliance with UKVI regulations. For example:  
- The policy mandates that attendance and engagement for pre-sessional English Language programmes are recorded and monitored by the Director of the ELC [1].  
- It outlines that students failing to meet reengagement conditions are referred to the UKVI Attendance Compliance Panel, linking attendance failures directly to compliance actions [3].  
- It also specifies that poor attendance can trigger reportable events under compliance frameworks, such as those in the Student Attendance Policy or other relevant codes [5].  

These mechanisms ensure that routine attendance monitoring aligns with broader Student Route compliance obligations.
","UOL_UKVI_complience.pdf_p11_c6 | UOL_UKVI_complience.pdf_p3_c3 | UOL_StudentAttendancePolicy-REVISEDJUL2025,v1.3.pdf_p9_c5 | UOL_UKVI_complience.pdf_p10_c2 | UOL_UKVI_complience.pdf_p8_c5","[""recording the attendance and monitoring the engagement of those students undertaking a pre-sessional English Language programme falls to the Director of the ELC, and will be carried out in accordance with the Student Attendance Policy. Policy on UKVI - Student Route Compliance Page 11 of 14"", ""ts agree to abide by all its policies and procedures. Other University policies, procedures and documentation which are connected to the Policy on UKVI Student Route Compliance are set out below: a) Student Charter b) Student Attendance Policy c) Fee Assessment Procedure for Applicants d) Code of Practice on Assessment and its appendices e) Postgraduate Research Code of Practice and its appendices f) Undergraduate Admissions Policy g) Postgraduate Taught Admissions Policy h) CAS Conditions of Issue i) Your University student handbook, as applicable to cohort 1.6 As a licensed sponsor, the University is required to keep accurate records for all international students, including: a) Copies of passport pages b) Copies of e-visa and proof of date of arrival into the UK (where appropriate) c) U"", ""red through the various intervention points. 5.13 Student Route visa holding students who reach stage 3 and do not meet the conditions of reengagement following the meeting, as outlined in section 4.12, must be referred to the UKVI Attendance Compliance Panel (rather than a formal Progression Board of Examiners or Progress Panel acting on behalf of a Board of Examiners). The UKVI Attendance Compliance Panel should be convened within a further ten working days. The student is not required to attend the meeting, unless they are specifically invited to do so. Student Attendance Policy Page 9"", ""eriod of study abroad as an integral part of their programme are permitted to remain on their existing Student Route visa and will continue to be sponsored by the University for the duration of their study abroad. 9.2 Whilst the responsibility for monitoring the engagement of those studying abroad as part of their programme of study falls to the Dean of School, in accordance with the Student Attendance Policy, the responsibility for investigating any UKVI compliance risk for those international students studying abroad will fall to the Global Opportunities Team in Student Recruitment, Admissions and Widening Participation. 9.3 Following such a risk assessment, where it is identified and/or suspected that the required monitoring duties cannot be fulfilled at the study abroad location for an"", ""against poor attendance. Action against poor attendance that would result in one of the reportable events described in section 6.1 would be taken under an authority prescribed within either the Student Attendance Policy; Appendix E of the Code of Practice on Assessment (Guide on the Progress of Students on Taught Programmes) or Appendix 3 of the Postgraduate Research Code of Practice (Policy and Procedures on the Academic Progress of Postgraduate Research Students). Policy on UKVI - Student Route Compliance Page 8 of 14""]",4.343 | 3.975 | 3.789 | 3.403 | 3.256,5,0,0.5,125,True,12.18541290005669,
S2_modular_rag,nvidia/nvidia-nemotron-nano-9b-v2,V2Q088,How do monitoring expectations differ for a postgraduate student working on a dissertation and a Student Route student studying abroad?,multi_document_comparison,hard,"A postgraduate dissertation student is expected to maintain regular supervisor contact and can enter Stage One after a rolling month with no contact. A Student Route student studying abroad may remain sponsored, but the University must still be able to monitor engagement; if required monitoring cannot be fulfilled, sponsorship can be at risk.","Student Attendance Policy — Revised July 2025, Version 1.3 | Policy on UKVI Compliance — Student Route","UOL_StudentAttendancePolicy-REVISEDJUL2025,v1.3.pdf_p4_c3 | UOL_UKVI_complience.pdf_p10_c2","

The monitoring expectations differ as follows:  
- A postgraduate student working on a dissertation is expected to maintain regular contact with their supervisor and must be available during normal office hours. If no contact occurs within a rolling one-month period, they are escalated to Stage One of the intervention process [5].  
- A Student Route student studying abroad is monitored by the Dean of School for engagement, but the Global Opportunities Team handles UKVI compliance risks. If monitoring cannot be fulfilled at the study abroad location, the University may withdraw sponsorship, requiring a new visa [3, 4]. Additionally, during study abroad periods, the University’s standard attendance expectations and intervention thresholds do not apply [2].  

These differences highlight stricter academic supervision for dissertation students versus compliance-focused monitoring for Student Route students abroad.
","UOL_StudentAttendancePolicy-REVISEDJUL2025,v1.3.pdf_p2_c4 | UOL_StudentAttendancePolicy-REVISEDJUL2025,v1.3.pdf_p4_c1 | UOL_UKVI_complience.pdf_p10_c2 | UOL_UKVI_complience.pdf_p10_c3 | UOL_StudentAttendancePolicy-REVISEDJUL2025,v1.3.pdf_p4_c3","[""out the minimum expectations in relation to student attendance monitoring. Nothing in this Policy is designed to prevent an academic area from adopting a more rigorous approach, should it choose to do so. 2. Principles, definitions and expectations 2.1 This Policy applies to all taught2 students3 registered on a campus-based (i.e. not wholly online) academic programme at the University. This includes the taught components of Master of Research programmes and non-award bearing programmes such as inbound Study Abroad arrangements. 1 For students on clinical programmes, reference should be made to the Fitness to Practise Procedures, available here. 2 Attendance expectations for students registered on research programmes are prescribed within the Postgraduate Research Code of Practice Appendi"", ""STUDENT ATTENDANCE POLICY learning event(s). A student shall be deemed to have met a contact point where they attend at least one teaching or learning event(s) on this day. 2.10 The University’s monitoring of student attendance will be based on digital records, where available. Where a digital record of required attendance does not exist, alternative manual monitoring processes may be undertaken. 2.11 During periods of study off campus (e.g. fieldwork, dissertation periods, study abroad and industrial/professional placements3), the University will continue to expect all students to attend and engage satisfactorily with this element of their programme. However, the attendance expectations and intervention threshold identified in section 4.2 shall not apply during these periods. 2.12 Student"", ""eriod of study abroad as an integral part of their programme are permitted to remain on their existing Student Route visa and will continue to be sponsored by the University for the duration of their study abroad. 9.2 Whilst the responsibility for monitoring the engagement of those studying abroad as part of their programme of study falls to the Dean of School, in accordance with the Student Attendance Policy, the responsibility for investigating any UKVI compliance risk for those international students studying abroad will fall to the Global Opportunities Team in Student Recruitment, Admissions and Widening Participation. 9.3 Following such a risk assessment, where it is identified and/or suspected that the required monitoring duties cannot be fulfilled at the study abroad location for an"", ""a risk assessment, where it is identified and/or suspected that the required monitoring duties cannot be fulfilled at the study abroad location for any given Student Route visa holder, the University reserves the right to withdraw its current sponsorship of the student (so cancelling their UK Student Route visa). Subsequent resumption of study would require the student to be issued with a new CAS in order to apply for a new Student Route visa to enter the UK. 10. Work placements 10.1 Student Route visa holders undertaking work placements as an integral and assessed part of their programme, whether based within or outside of the UK, are permitted to retain their existing Student Route visa and will continue to be sponsored by the University for the duration of their placement(s). 10.2 Respo"", ""ofessional placements should also expect to be in regular contact with their Academic Advisor – at least once per semester throughout this period. 2.14 Some work placements involve a contract between the University and the placement provider whereby the latter will inform the University if attendance falls below the contracted expectations. 2.15 Students undertaking a dissertation as part of their programme of postgraduate study are expected to have regular contact with their allocated supervisor and should be available for such contact during normal office hours throughout this period. Where no contact has been received from the student within a rolling one-month period, they will be escalated to Stage One of the intervention process (section 4.3). 2.16 Students are responsible for ensuri""]",2.792 | 2.132 | 2.032 | 1.187 | 0.599,5,0,1.0,131,True,13.454381500021555,
S2_modular_rag,nvidia/nvidia-nemotron-nano-9b-v2,V2Q089,What do the visa-holder guide and UKVI compliance policy say about Student Route sponsorship during an approved period of study abroad?,multi_document_comparison,hard,"They indicate that a Student Route student on an integral study-abroad period can remain on the existing visa and continue to be sponsored, but engagement still has to be monitored. If the University cannot fulfil the required monitoring duties at the overseas location, it may withdraw sponsorship.",Student Guide for UK Visa Holders 2026 | Policy on UKVI Compliance — Student Route,UOL_student_guide_visa_holders.pdf_p9_c4 | UOL_UKVI_complience.pdf_p10_c2,"

The UKVI compliance policy [4] states that Student Route visa holders engaged in an approved period of study abroad as an integral part of their programme are permitted to remain on their existing Student Route visa and will continue to be sponsored by their current institution during this time. This means the sponsorship does not need to be transferred or renewed while the student is on an approved study abroad placement.
",UOL_UKVI_complience.pdf_p11_c1 | UOL_UKVI_complience.pdf_p5_c1 | UOL_UKVI_complience.pdf_p3_c1 | UOL_UKVI_complience.pdf_p10_c1 | UOL_UKVI_complience.pdf_p8_c1,"[""POLICY ON UKVI - STUDENT COMPLIANCE 11. Intercalated degrees 11.1. Student Route visa holders registered at the University but undertaking an intercalated year at another UK HEI are permitted to retain their existing Student Route visa if they are studying medicine, veterinary medicine and science, or dentistry. The University will notify UKVI of the student’s intention to undertake an intercalated year at another UK HEI. 11.2. Responsibility for sponsorship duties, including monitoring the attendance and engagement of students undertaking an intercalated year, falls to the student’s new institution. By notifying UKVI of the student’s intention to undertake an intercalated year at another UK HEI, the University is relieved of this responsibility for the period the student remains registere"", ""POLICY ON UKVI - STUDENT COMPLIANCE 3.4 Depending on the results of this investigation, the University will note the student’s failure to register and, in some cases and subject to conditions, agree to defer a student’s registration until the next available entry point. In such cases, the student’s failure to register will be reported to UKVI via the Sponsor Management System (SMS) within ten calendar days of the end of the prescribed enrolment period. In so doing, the University will withdraw the existing CAS and hence its current sponsorship of the student. Any later entry point or further application to study at the University would require the student to be issued with a new CAS in order to apply for a new Student Route visa to enter the UK. 3.5 In exceptional cases, and subject to agr"", ""POLICY ON UKVI - STUDENT COMPLIANCE 1.1 The University is licensed by the UK Home Office under the Student Route rules to act as a sponsor of international students for visa purposes. By issuing a Confirmation of Acceptance for Studies (CAS) to a student, the University is stating that it wishes for the student to be granted permission to enter and remain in the UK to study at the University. 1.2 The main objectives of the Sponsor Licence are: a) To help prevent abuse of the UK migration system b) To help ensure students being sponsored are genuine and are complying with the immigration rules c) To help identify and address patterns of student behaviour that might cause concern d) To help sponsors take all reasonable steps to ensure compliance with the rules 1.3 As a licensed sponsor of in"", ""POLICY ON UKVI - STUDENT COMPLIANCE Interaction Timescale Initial registration Normally October (can take place at the beginning of other months of the year) Payment of fees Throughout each year Attendance at meetings with supervisor (as Throughout each year (at least 12 meetings per year recorded in PGR Toolbox online facility) – one meeting each month - are required) Attendance at seminars, laboratory sessions Throughout each year (research programme or workshops, including attendance at skills specific) workshops and poster day events Annual Progress Review Annually; May-October 9. Study abroad 9.1 Student Route visa holders engaged on a period of study abroad as an integral part of their programme are permitted to remain on their existing Student Route visa and will continue to be spon"", ""POLICY ON UKVI - STUDENT COMPLIANCE intention to resume study or research will require the student to be issued with a new CAS in order to apply for a new Student Route visa to enter the UK. 6.3 Student Life will also report to UKVI the following changes to Student Route visa holders’ registration status: a) Transfer into another programme of study or research discipline (that can be completed under the student’s existing Student Route leave) b) Change of programme location (e.g. an integral work placement or period abroad) 6.4 The student’s change in registration status will be reported to UKVI via the SMS within ten calendar days of being processed. The reporting of the circumstances identified in section 6.3 will have no material effect on the Student Route visa. 6.5 Student Life will n""]",5.411 | 5.206 | 5.020 | 4.997 | 4.917,5,0,0.0,71,True,10.695224899915047,
S2_modular_rag,nvidia/nvidia-nemotron-nano-9b-v2,V2Q090,How do the visa-holder guide and UKVI compliance policy describe the University's document-checking responsibilities for Student Route students?,multi_document_comparison,hard,"The guide requires students to present and update immigration evidence such as passport and e-visa information during registration and study. The compliance policy requires the University, as sponsor, to keep accurate immigration records, including passport and visa-related evidence.",Student Guide for UK Visa Holders 2026 | Policy on UKVI Compliance — Student Route,UOL_student_guide_visa_holders.pdf_p4_c2 | UOL_UKVI_complience.pdf_p3_c3,"

The University's document-checking responsibilities for Student Route students are outlined in the following evidence:  

- The University requires students to submit evidence of their Student Route visa application to Student Life upon submission inside the UK. If this evidence is not provided, is unacceptable, or shows a late application, the University may interrupt or withdraw the student to protect its sponsor licence [3].  
- The University must ensure students provide required immigration and qualification documentation. If this fails after reasonable efforts, the University may defer registration or de-register the student, reporting the change to UKVI [4].  

These policies emphasize proactive verification of documentation to maintain compliance with UKVI regulations.
","UOL_UKVI_complience.pdf_p11_c1 | UOL_StudentAttendancePolicy-REVISEDJUL2025,v1.3.pdf_p8_c3 | UOL_UKVI_complience.pdf_p9_c1 | UOL_UKVI_complience.pdf_p5_c4 | UOL_UKVI_complience.pdf_p3_c1","[""POLICY ON UKVI - STUDENT COMPLIANCE 11. Intercalated degrees 11.1. Student Route visa holders registered at the University but undertaking an intercalated year at another UK HEI are permitted to retain their existing Student Route visa if they are studying medicine, veterinary medicine and science, or dentistry. The University will notify UKVI of the student’s intention to undertake an intercalated year at another UK HEI. 11.2. Responsibility for sponsorship duties, including monitoring the attendance and engagement of students undertaking an intercalated year, falls to the student’s new institution. By notifying UKVI of the student’s intention to undertake an intercalated year at another UK HEI, the University is relieved of this responsibility for the period the student remains registere"", ""s 5.4 The University has additional compliance responsibilities in relation to those international students studying at the University on a student visa. These students are required to be in regular attendance as part of the ongoing conditions of their visa. As the student’s immigration sponsor, the University has obligations to UKVI to closely monitor their attendance at scheduled sessions and to take appropriate action where required. 5.5 Where a visa-holding student’s studies are terminated by the Progress Panel – and subject to the outcome of any subsequent appeal – the student’s change of circumstances will be reported to UKVI and the University will withdraw its sponsorship of the student. The student will then be required to leave the UK. UKVI Compliance Checkpoints 5.6 In addition"", ""POLICY ON UKVI - STUDENT COMPLIANCE 7.6 Upon submission of a Student Route visa application inside the UK, the student is required to submit evidence of the application to Student Life in order to prove that they continue to reside in the UK legally. Acceptable evidence of the application is limited to documentation provided at the conclusion of the online application process. Where evidence is not submitted, is deemed unacceptable or demonstrates that an application was made after the expiry date of the student’s previous visa, the University reserves the right to administratively interrupt or withdraw the student from their programme of study, in order to protect its Student sponsor licence. Student Life will report the student’s change of circumstances to UKVI via SMS and, in so doing,"", ""required immigration and qualification documentation that satisfies the University’s Student Route compliance responsibilities. 3.8 In the event that all reasonable steps to elicit the required documentation prove unsuccessful, or where further checks indicate that an international student is unable to place themselves in a compliant immigration position within a reasonable timeframe, the University reserves the right to defer a student’s registration until the next available entry point and/or to de-register a student from their programme of study, in order to protect its sponsor licence. In such cases, the student’s failure to register will be reported to UKVI via the SMS. In so doing, the University will withdraw the existing CAS and hence its current sponsorship of the student. In most"", ""POLICY ON UKVI - STUDENT COMPLIANCE 1.1 The University is licensed by the UK Home Office under the Student Route rules to act as a sponsor of international students for visa purposes. By issuing a Confirmation of Acceptance for Studies (CAS) to a student, the University is stating that it wishes for the student to be granted permission to enter and remain in the UK to study at the University. 1.2 The main objectives of the Sponsor Licence are: a) To help prevent abuse of the UK migration system b) To help ensure students being sponsored are genuine and are complying with the immigration rules c) To help identify and address patterns of student behaviour that might cause concern d) To help sponsors take all reasonable steps to ensure compliance with the rules 1.3 As a licensed sponsor of in""]",5.751 | 5.432 | 5.397 | 5.322 | 5.240,5,0,0.0,109,True,19.28303620009683,
S2_modular_rag,nvidia/nvidia-nemotron-nano-9b-v2,V2Q091,What different roles do Appendix A and Appendix B play when the University handles a student-conduct case?,multi_document_comparison,hard,"Appendix A sets out the procedures for handling and reviewing conduct decisions, including possible outcomes of an appeal and limits on the reviewer's powers. Appendix B classifies types of misconduct and indicates the sanction category that may apply to particular breaches.",Student Conduct Procedures — Appendix A | Student Conduct Breaches and Indicative Sanctions — Appendix B,UOL_student_conduct1.pdf_p8_c2 | UOL_student_conduct2.pdf_p12_c1,"

Appendix A outlines the procedural steps for handling student conduct cases, including criteria for escalating to a Full Hearing and guidance on Chair’s Action [3][5]. Appendix B defines specific student conduct breaches and the corresponding indicative sanctions [1][2][5]. 

[2][3][5]
",UOL_postgraduate_handbook.pdf_p36_c10 | UOL_student_conduct2.pdf_p1_c1 | UOL_student_conduct1.pdf_p15_c3 | UOL_undergraduate_handbook.pdf_p40_c10 | UOL_student_conduct1.pdf_p11_c1,"[""r in part. Appendix B (E: studentconduct@liverpool.ac.uk). You Department, Deans of Academic Schools such cases responding students will be are responsible for updating the Student – Student Conduct Breaches and Indicative and Institutes, Directors of Professional informed regarding the alleged breach of Conduct Team via email of any changes in Sanctions provides further details regarding Services, Head of Accommodation, the Student Conduct Policy being made your circumstances or the circumstances the sanctions that can be issued by a Hall Managers and Wardens, as well as against them and the final decision with of the case. University Disciplinary Panel. organisations or individuals acting on regard to how the case is to be dealt with. behalf of the University for the purpose of student d"", ""University of Liverpool Appendix B – Student Conduct Breaches and Indicative Sanctions"", ""ach be considered a possibility upon review of the case by the Student Conduct Manager or nominee, then the matter will need to be referred to a Full Hearing. Appendix B (section 7 onwards) provides details of the categories of misconduct. 9.4 Upon receipt of a completed investigation report, the Student Conduct Manger or nominee will review the report and the associated evidence in the case. Should they determine that there are no disputed facts, and they believe the case is suitable to be dealt with via Chair’s Action (as outlined above in section 9.3), they will write to the responding student to advise them that the case is suitable for Chair’s Action. 9.5 The responding student will be provided with a copy of the investigation report and the evidence base for the case. This will conta"", ""to Local Disciplinary Action. In good, either in whole or in part. Appendix B Offences Declaration Form can be found Department, Deans of Academic Schools such cases responding students will be – Student Conduct Breaches and Indicative on the Conduct and Discipline webpage on and Institutes, Directors of Professional informed regarding the alleged breach of Sanctions provides further details regarding the University website. Students need not Services, Head of Accommodation, the Student Conduct Policy being made the sanctions that can be issued by a declare parking or speeding offences Hall Managers and Wardens, as well as against them and the final decision with University Disciplinary Panel. which are subject to fixed penalties. organisations or individuals acting on regard to how the ca"", ""Student Conduct, Complaints and Compliance Student Conduct Team must decide if the allegation can be dealt with under the University Disciplinary Procedure by referring to the Student Conduct Policy, section 8.3 which illustrates examples of what types of misconduct would be considered at this level. They can also refer to Appendix B – Student Conduct Breaches and Sanctions which sets out a non-exhaustive list of breaches and what category they fall into. Further advice can be sought from the Student Conduct Team if required. 6.3 For serious allegations of misconduct or where there is on-going police involvement, the matter should be referred to the Student Conduct Team who will decide in conjunction with the Head of Student Conduct, Complaints and Compliance, or their nominee, if a Risk A""]",4.408 | 3.678 | 3.612 | 3.554 | 3.255,5,0,0.0,39,True,12.898421599995345,
S2_modular_rag,nvidia/nvidia-nemotron-nano-9b-v2,V2Q092,How do mitigating factors considered under Appendix A relate to the sanctions described in Appendix B?,multi_document_comparison,hard,"Appendix A allows a responding student to present mitigating factors before the Panel decides a sanction. Appendix B provides the available or indicative sanctions for breach categories, with sanctions expected to be proportionate and relevant and repeated lower-level breaches potentially treated more seriously.",Student Conduct Procedures — Appendix A | Student Conduct Breaches and Indicative Sanctions — Appendix B,UOL_student_conduct1.pdf_p21_c4 | UOL_student_conduct2.pdf_p2_c4,"

The mitigating factors considered under Appendix A (e.g., in sections 9.7, 9.8, and 3.2) are evaluated by the Chair or designated staff before determining the severity of sanctions. These factors can reduce the category of a breach in Appendix B (e.g., as stated in [2]), leading to less severe sanctions. For example, if mitigating circumstances are present, the breach may be categorized lower, resulting in milder penalties as outlined in Appendix B’s indicative sanctions [2]. This process ensures that mitigating factors directly influence the sanction severity by affecting breach categorization [2, 3].
",UOL_student_conduct1.pdf_p16_c1 | UOL_student_conduct2.pdf_p2_c2 | UOL_student_conduct1.pdf_p4_c4 | UOL_student_conduct1.pdf_p6_c1 | UOL_undergraduate_handbook.pdf_p39_c1,"[""Student Conduct, Complaints and Compliance 9.7 If the responding student does admit the allegation, then the matter can be dealt with via Chair’s action. The responding student will be asked if they wish to provide any mitigation for consideration by the Chair. See section 3 of Appendix B for further details regarding mitigating factors. Any mitigation received will be considered by the Chair before any sanction is imposed. 9.8 If there is a reporting party in the case, the Student Conduct Manager or nominee will contact them to advise that they believe the matter can be dealt with via Chair’s Action. The reporting party will be asked if they wish to provide an impact statement which will be reviewed by the Chair prior to any sanction being imposed. 9.9 Upon receipt of the student’s respon"", ""creased and therefore subject to more severe sanctions. Similarly, there may be circumstances where, if mitigating factors are present as outlined in section 3 of this document, the category of a breach may be reduced and therefore subject to less severe sanctions. 1.3. The list of breaches that follows should not be seen as exhaustive: in cases where an alleged breach does not fit within one of the prescribed categories, the University Disciplinary Panel / Chair or Local Disciplinary Authority will use their discretion to determine the category of a breach. 1.4. Category 1 breaches are likely to be dealt with under Local Disciplinary Action procedures (Appendix A - Student Conduct Procedures, Section 3) and may warrant the imposition of one or more of the following sanctions: • A formal w"", ""Sanctions. 3.2 Where an allegation about another student is made to a designated member of staff, or misconduct has been identified in some other way, they must decide if the misconduct can be dealt with under Local Disciplinary Action by referring to the Student Conduct Policy, section 8 which illustrates examples of what types of misconduct can be considered locally. They can also refer to Appendix B – Student Conduct Breaches and Sanctions which sets out a non-exhaustive list of breaches and what category they fall into. Where the conduct under consideration may relate to Freedom of Speech, advice should be sought from the Student Conduct Team. They can also provide advice on which category a APPENDIX A – STUDENT CONDUCT POLICY PROCEDURES"", ""Student Conduct, Complaints and Compliance responding student’s opportunity to provide details of any mitigating circumstances. 3.9 Once all meeting notes have been agreed, the designated staff member will have 10 working days to review all of the evidence in the case and make a decision as to whether the alleged breach of the Student Conduct Policy has taken place or not, on the balance of probabilities. 3.10 If the responding student is found to have breached the Student Conduct Policy or has admitted the misconduct, the designated member of staff may impose a sanction in accordance with section 1.4 of Appendix B Student Conduct Breaches. Designated staff members should not usually impose any sanction other than those listed in section 1.4. However, where there are aggravating factors or"", ""The authority of the Board of Discipline More precise definitions and indicative Bribery or attempted bribery including Intentional or reckless damage or Panel allows them to issue any of the above sanctions for misconduct breaches are but not limited to offering or giving defacement to University property or the sanctions that are contained within Chairs detailed in Appendix B – Student Conduct money, gifts or any other advantage to property of students, staff or visitors Action in addition to; a mark of zero for the Breaches and Indicative Sanctions: any student or employee of the whilst on University premises or engaged module in which the misconduct occurred Any breach of University Ordinances, University, honorary staff, recognised in University business. with a right to resit with a""]",4.542 | 2.920 | 2.347 | 1.836 | 0.753,5,0,0.0,92,True,18.202062099939212,
S2_modular_rag,nvidia/nvidia-nemotron-nano-9b-v2,V2Q093,"If a student receives a local disciplinary sanction for abusive conduct in an intimate relationship, what does the conduct framework say about the seriousness of the breach and the grounds for appeal?",multi_document_synthesis,hard,"Appendix B indicates that abusive conduct in an intimate relationship may be Category 2 or 3 and can attract an increased sanction. Under Appendix A, a Local Disciplinary Action appeal is limited to material procedural irregularity, material new information that was previously unavailable for a valid reason, or a sanction that is disproportionate to the offence.",Student Conduct Procedures — Appendix A | Student Conduct Breaches and Indicative Sanctions — Appendix B,UOL_student_conduct1.pdf_p7_c3 | UOL_student_conduct2.pdf_p8_c1,"

The conduct framework indicates that abusive conduct in an intimate relationship may constitute a **Category 1 breach** under [1], which could lead to referral to the University Disciplinary Panel for more severe sanctions. This suggests the breach is treated as serious due to its nature (domestic abuse implications). Regarding appeal, [2] states that students have the right of appeal against decisions made under local disciplinary action, which would be reviewed by the Student Conduct Panel/Chair. Thus, the grounds for appeal are outlined in the University’s disciplinary procedures, allowing students to challenge sanctions through formal channels.
",UOL_student_conduct2.pdf_p5_c1 | UOL_postgraduate_handbook.pdf_p36_c1 | UOL_student_conduct1.pdf_p4_c4 | UOL_undergraduate_handbook.pdf_p40_c1 | UOL_postgraduate_handbook.pdf_p36_c8,"[""Student Conduct, Complaints and Compliance • Breaches which are committed against family members, or someone currently or formerly involved in an intimate relationship with the reported student and may be considered to constitute domestic abuse. 2.1. Where a Category 1 breach may be considered to include aggravating factors, a person with Local Disciplinary Action authority will take advice on whether the case should be referred to the University Disciplinary Panel Action. The University Disciplinary Panel / Chair will use its discretion to impose appropriate sanctions on a case-by-case basis. 3. Additional Considerations – Mitigating Factors 3.1. There may be certain circumstances in which a breach is subject to a less severe sanction due to the presence of mitigating factors. A mitigatin"", ""The University has three stages for Their authority under local disciplinary In certain cases, the Student Conduct The Student Conduct Policy sets out managing alleged student misconduct: action enables them to issue sanctions Manager (or nominee) may determine the right of appeal by students against 1. Informal Resolution which include a formal written warning that the misconduct is suitable to be dealt decisions taken under University or a final written warning for a repeated with via Chair’s Action. In cases where the Disciplinary Procedures. 2. Local Disciplinary Action breach, a fine not exceeding £200, a student admits the misconduct and the 3. University Disciplinary Action – The full Student Conduct Policy can be requirement in the event of non-accidental facts of the matter are no"", ""Sanctions. 3.2 Where an allegation about another student is made to a designated member of staff, or misconduct has been identified in some other way, they must decide if the misconduct can be dealt with under Local Disciplinary Action by referring to the Student Conduct Policy, section 8 which illustrates examples of what types of misconduct can be considered locally. They can also refer to Appendix B – Student Conduct Breaches and Sanctions which sets out a non-exhaustive list of breaches and what category they fall into. Where the conduct under consideration may relate to Freedom of Speech, advice should be sought from the Student Conduct Team. They can also provide advice on which category a APPENDIX A – STUDENT CONDUCT POLICY PROCEDURES"", ""The University has three stages for Their authority under local disciplinary In certain cases, the Student Conduct The full Student Conduct Policy can be managing alleged student misconduct: action enables them to issue sanctions Manager (or nominee) may determine found at Conduct and discipline - Student 1. Informal Resolution which include a formal written warning that the misconduct is suitable to be dealt Administration - University of Liverpool. or a final written warning for a repeated with via Chair’s Action. In cases where the 2. Local Disciplinary Action Information on how to report concerns breach, a fine not exceeding £200, a student admits the misconduct and the 3. University Disciplinary Action – about another student’s conduct can be requirement in the event of non-accidental"", ""of contribute to the case and Local Disciplinary Action is generally used it may impose a fine or other appropriate section 13 of the Section 13 of the Student the collection of evidence by the University’s for misconduct breaches that are generally sanction including requiring a student Conduct Policy. Investigating Officer. The Investigating contained incidents and/or persistent to attend a workshop or course, it may Officer will submit a report to the Student Students should declare any Police minor incidents of misconduct. suspend a student from the University for a Conduct Manger (or nominee), and they investigation, arrest or conviction as specified period, or it may expel a student Designated staff have the authority to will decide whether there is sufficient outlined above by compl""]",3.826 | 2.489 | 1.877 | 1.540 | 1.466,5,0,0.0,95,True,11.753646999946795,
S2_modular_rag,nvidia/nvidia-nemotron-nano-9b-v2,V2Q094,"How can a complaint involving harassment or sexual misconduct move into the student-conduct process, including where the original report is anonymous?",multi_document_synthesis,hard,"The Complaints Policy allows harassment or sexual-misconduct matters to be dealt with under relevant policies such as the Student Conduct Policy. Under the conduct procedures, an anonymous report can still lead to an investigation where there is supporting evidence of a potential breach, such as CCTV or social-media evidence.",Student Complaints Policy and Procedure | Student Conduct Procedures — Appendix A,"UOL_Student,Complaints,Policy,and,Procedure.pdf_p2_c2 | UOL_student_conduct1.pdf_p3_c3","

A complaint involving harassment or sexual misconduct can move into the student-conduct process under the Student Conduct Policy [1], which explicitly covers such complaints. If the report is anonymous, it may still be investigated if there is supporting evidence (e.g., CCTV, social media) [2] or if exceptional circumstances (e.g., fear of reprisals) justify withholding the reporting party’s identity [3]. The Student Conduct Team would assess the case and determine the appropriate process, ensuring compliance with University policies.
","UOL_Student,Complaints,Policy,and,Procedure.pdf_p9_c1 | UOL_student_conduct1.pdf_p3_c3 | UOL_student_conduct1.pdf_p3_c2 | UOL_Student,Complaints,Policy,and,Procedure.pdf_p7_c4 | UOL_Student,Complaints,Policy,and,Procedure.pdf_p2_c2","[""Student Conduct, Complaints and Compliance (ix) Complaints made by students against students - see Student Conduct Policy this includes complaints about harassment and/ or sexual misconduct be another student; (x) Complaints made by staff against students - see Student Conduct Policy. (xi) Complaints made by students relating to incidents of harassment and/or sexual misconduct by staff towards students. Advice will be sought from HR in such cases and the complaint will usually be considered under the Bullying and Harassment Policy or Staff Disciplinary Procedures. 5. Rights, Entitlements and Responsibilities a) Under this Policy and in line with the Student Charter and other University policies, the University acknowledges the rights of students and sets out expectations of how students wi"", ""-by-case basis and will be the exception rather than the norm. A report cannot be investigated if the reporting party does not wish the substance of the allegation to be made known to the responding party. 1.4 An investigation may be initiated from an anonymous complaint if there is evidence to support a potential breach of the policy has occurred, e.g. CCTV footage or social media posts. 1.5 Wherever possible, sufficient initial investigation into the conduct of the responding student(s) should be undertaken, to avoid initiating formal investigation procedures for either minor issues, or where other procedures of the University might better be followed. Informal Resolution or Local Disciplinary Action should be instigated for less serious breaches. 1.6 If no formal disciplinary action is"", ""s a cause for concern, advice on how to proceed may, in the first instance, be sought from the Student Conduct Team. If it is determined that the responding student’s conduct could constitute a breach of the Student Conduct Policy, then a decision as to the potential seriousness of the breach is required to agree which process to follow. 1.3 It is not always possible to investigate anonymous allegations, however where there are exceptional circumstances such as genuine fear or risk of reprisals, it may be possible to discuss the option of withholding the reporting student’s identity from the responding student. This will be assessed on a case-by-case basis and will be the exception rather than the norm. A report cannot be investigated if the reporting party does not wish the substance of t"", ""there is good reason why a complaint is anonymous, we may investigate but this may limit both the investigation and also how we can respond to and support students. If a member of staff receives an anonymous complaint, they will be expected to seek advice from their line manager as to how the complaint should be dealt with. d) The University expects that a complaint will normally be made by the student concerned. Where the student wishes a third party (e.g. family member) to make the complaint on their behalf, they must provide the University with written permission to correspond with that third party to ensure that the University is not in breach of its duties and responsibilities under the Data 6"", "") and to ensure that it meets the requirements of Section 26(1) of the Counter-Terrorism and Security Act 2015 to have due regard to the need to prevent people from being drawn into terrorism. Any complaints received relating to freedom of speech and academic freedom may be considered under the Student Complaints Policy and will be done so in line with the above requirements so as not to impede either freedom of speech or academic freedom. 3. Does this policy comply with OfS condition of registration in relation to Harassment and Sexual Misconduct? (effective from August 2025). Any complaints received in relation to incidents of harassment and/or sexual misconduct (including the conduct of staff towards students and/or the conduct of students towards students), may be dealt with via releva""]",1.956 | 1.675 | 1.159 | 0.974 | 0.800,5,0,1.0,77,True,16.965462399995886,
S2_modular_rag,nvidia/nvidia-nemotron-nano-9b-v2,V2Q095,"If a harassment or sexual-misconduct complaint is handled as a student-conduct investigation, what engagement is expected from the students involved?",multi_document_synthesis,hard,"The Complaints Policy allows such matters to be routed to the Student Conduct Policy. Once in a conduct investigation, students are expected to engage fully, including attending meetings, agreeing notes or statements and attending disciplinary panels when required; persistent non-engagement by a reporting party can lead to the investigation being closed.",Student Complaints Policy and Procedure | Student Conduct Procedures — Appendix A,"UOL_Student,Complaints,Policy,and,Procedure.pdf_p2_c2 | UOL_student_conduct1.pdf_p12_c3","

The evidence [2] states that if misconduct is addressed under the Local Disciplinary Procedure, the designated staff member should invite the reporting student to an investigation meeting to obtain further details and evidence of the alleged misconduct. This indicates that the reporting student is expected to engage by attending the meeting and providing information or evidence. [2]
","UOL_Student,Complaints,Policy,and,Procedure.pdf_p9_c1 | UOL_student_conduct1.pdf_p5_c1 | UOL_student_conduct1.pdf_p11_c1 | UOL_Student,Complaints,Policy,and,Procedure.pdf_p12_c1 | UOL_Student,Complaints,Policy,and,Procedure.pdf_p2_c3","[""Student Conduct, Complaints and Compliance (ix) Complaints made by students against students - see Student Conduct Policy this includes complaints about harassment and/ or sexual misconduct be another student; (x) Complaints made by staff against students - see Student Conduct Policy. (xi) Complaints made by students relating to incidents of harassment and/or sexual misconduct by staff towards students. Advice will be sought from HR in such cases and the complaint will usually be considered under the Bullying and Harassment Policy or Staff Disciplinary Procedures. 5. Rights, Entitlements and Responsibilities a) Under this Policy and in line with the Student Charter and other University policies, the University acknowledges the rights of students and sets out expectations of how students wi"", ""Student Conduct, Complaints and Compliance range of behaviours may fall into. 3.3 If it is agreed that the misconduct can be dealt with under the Local Disciplinary Procedure, the relevant designated member of staff or their nominee should review the information to see if a meeting with the reporting student is required. It is likely that further details will be needed, and the staff member should invite the reporting party (if there is one) to an investigation meeting to obtain further details and evidence of the alleged misconduct. Please see below for further information about investigation meetings and meeting notes. 3.4 The designated staff member should write to the responding student via email and clearly set out the allegation / nature of the misconduct that has been made against t"", ""Student Conduct, Complaints and Compliance Student Conduct Team must decide if the allegation can be dealt with under the University Disciplinary Procedure by referring to the Student Conduct Policy, section 8.3 which illustrates examples of what types of misconduct would be considered at this level. They can also refer to Appendix B – Student Conduct Breaches and Sanctions which sets out a non-exhaustive list of breaches and what category they fall into. Further advice can be sought from the Student Conduct Team if required. 6.3 For serious allegations of misconduct or where there is on-going police involvement, the matter should be referred to the Student Conduct Team who will decide in conjunction with the Head of Student Conduct, Complaints and Compliance, or their nominee, if a Risk A"", ""Student Conduct, Complaints and Compliance (g) If the person with whom an issue has been raised considers action is required, they must communicate to the student what action has been taken. (h) It is envisaged that this Early Resolution is for low level concerns and would not require an investigation. If a complaint requires an investigation it shall be escalated to the formal stage below. 7. Formal Complaint (a) If a student is dissatisfied with the response they receive from Early Resolution, or if they feel unable to approach a person directly against whom they have a complaint, or they feel the complaint is serious enough to not be able to be resolved informally, they should submit a formal complaint as follows: • For students on taught programmes of study, complaints relating to an a"", ""d/or sexual misconduct (including the conduct of staff towards students and/or the conduct of students towards students), may be dealt with via relevant policies, Student Conduct Policy, Bullying and Harassment Policy or Staff Disciplinary Policy. Links to the related policies have been added to Paragraph 1d and a sentence has been added to clarify this under Paragraph 4 e – xi. Data Protection Data Protection Impact Assessment is not required for this Policy. All staff employed to administer this Policy, and accompanying procedures should comply fully with all GDPR and Data Protection Act 2018 requirements and obligations. Communication Updated web pages which form part of the terms and conditions for students. Update Schools and Departments via Heads of Education and 1""]",3.304 | 2.981 | 2.420 | 1.881 | 1.760,5,0,0.0,57,True,11.352636299910955,
S2_modular_rag,nvidia/nvidia-nemotron-nano-9b-v2,V2Q096,A student has no independent documentary evidence for an extenuating-circumstances claim. How can University support services help both the claim and the student's wider support needs?,multi_document_synthesis,hard,"The student should show that they alerted someone at the University at the time, such as an Academic Adviser, School support staff or a central support service; that person may be able to provide a supporting statement. The Undergraduate Handbook also identifies wider support routes, including wellbeing, disability and financial-support services.",University of Liverpool Extenuating Circumstances Policy | University of Liverpool Undergraduate Handbook,UOL_extenuating_circumstances_policy.pdf_p7_c2 | UOL_undergraduate_handbook.pdf_p19_c2,"

The University support services can help by providing a statement from an academic adviser, teaching support staff, or central services (e.g., Counselling Service, Student Support Services) if the student alerted them at the time of the difficulties [1]. This statement, while not independent documentary evidence, may support the claim if the committee accepts it. Additionally, these services may address the student’s wider support needs (e.g., academic or emotional support) through their existing resources.
",UOL_extenuating_circumstances_policy.pdf_p7_c2 | UOL_extenuating_circumstances_policy.pdf_p6_c4 | UOL_extenuating_circumstances_policy.pdf_p10_c3 | UOL_extenuating_circumstances_policy.pdf_p10_c2 | UOL_extenuating_circumstances_policy.pdf_p6_c6,"[""claiming have affected your performance predate your assessment. In the event that your circumstances are such that there is no independent documentary evidence, the Extenuating Circumstances Committee will expect to see evidence that you alerted someone within the University, at the time, that you were experiencing difficulties with your studies. This may be a letter from your academic adviser or School teaching support staff or from a central support service (e.g. Counselling Service, Student Support Services). Such people may decline to provide you with a statement if they consider that they cannot confirm that the circumstances which you are claiming have affected your performance predate your assessment; it is at their discretion whether or not to provide a statement. Please note that"", ""ned is aware that you are submitting the details and/or evidence to the University and that they are aware of the way in which the information will be considered and kept in the University under the Extenuating Circumstances Policy and the Data Protection Policy. 3.3 What supporting evidence is needed? Independent documentary evidence will be necessary in most cases. If your claim is based on ill health you must submit evidence that you informed your department that you would not be attending due to ill health. Submitted evidence should be dated and its source or author clearly stated. Where no evidence (independent or otherwise) can be provided, it is at the discretion of the Extenuating Circumstances Committee to decide whether it is more likely than not the claimed circumstances have oc"", ""Committee may not accept your claim if it considers that you have failed to take reasonable precautions (e.g. you have lost work which you did not back up). Religious observance Independent documentary evidence is required in all cases (e.g. a letter from a minister or religious leader) and you must demonstrate that there was a requirement for you to attend or participate, and the reasons why you could not attend on a different occasion which did not coincide with your studies or assessment. Where religious observances require fasting, the University will not normally regard this as an extenuating circumstance. Employment If you are a full-time student, you will not normally be eligible to claim for extenuating circumstances in relation to employment. This includes claims relating to resi"", ""you consider it has affected you. IT failure Claims of failures of University equipment, including IT systems and computer viruses will only be accepted when they are verified by the Computing Services Department. Failures of IT systems external to the University will require documentary evidence from the service provider or a repair service, verifying the timing and nature of the fault. Alternatively, you should provide screenshots showing a precise timeline of events including details of what went wrong and when, and a service log number from CSD if you have contacted the University IT helpdesk for assistance. The Extenuating Circumstances Committee may not accept your claim if it considers that you have failed to take reasonable precautions (e.g. you have lost work which you did not ba"", ""value or weight they attached to the evidence in deciding a case of extenuating circumstances You need to be aware that some services (e.g. doctors) may make a charge for the provision of a letter, statement or other evidence and that this will not be reimbursed by the University. The Extenuating Circumstances Committee will expect to see independent documentary evidence which is contemporaneous with the events which you are claiming have affected your performance. The Committee may decline to accept statements from medical practitioners, counsellors or other similar people which show that you have only approached them after the""]",6.525 | 4.772 | 4.302 | 4.020 | 3.993,5,0,0.5,73,True,21.416171899996698,
S2_modular_rag,nvidia/nvidia-nemotron-nano-9b-v2,V2Q097,"If illness or another unavoidable event is likely to make a student miss an assessment, what immediate academic action and support options should they consider?",multi_document_synthesis,hard,"They should inform their Department or School before the examination or assessment where possible, because prior notification matters for the extenuating-circumstances process. They should also seek appropriate University support, such as academic, wellbeing, disability or financial-support services depending on the problem.",University of Liverpool Extenuating Circumstances Policy | University of Liverpool Undergraduate Handbook,UOL_extenuating_circumstances_policy.pdf_p3_c4 | UOL_undergraduate_handbook.pdf_p19_c2,"

If illness or another unavoidable event is likely to make a student miss an assessment, they should immediately inform their department/school **before the assessment takes place**, preferably in writing or by email, to request authorization for the absence [4]. They should also apply for an exemption from late penalties (if applicable) or seek re-assessment as a first attempt, provided they present acceptable evidence of ""good cause"" (e.g., a medical note) to the Extenuating Circumstances Committee [1, 4]. Support options include consulting academic advisers or teaching support staff for guidance on documentation and procedures [1, 2, 3].
",UOL_extenuating_circumstances_policy.pdf_p4_c2 | UOL_postgraduate_handbook.pdf_p30_c1 | UOL_undergraduate_handbook.pdf_p34_c1 | UOL_extenuating_circumstances_policy.pdf_p3_c3 | UOL_extenuating_circumstances_policy.pdf_p7_c2,"[""extenuating circumstances are only considered at a few meetings during the year. In the case of coursework (e.g. essays), if you are experiencing extenuating circumstances around the time of the submission deadline you should consider applying for an exemption from late penalties. See below for details of the Extenuating Circumstances Process: THE EXTENUATING CIRCUMSTANCES PROCESS If you will be unable to attend an examination or complete an assessment which counts towards the final mark of a module owing to illness or other unavoidable circumstances, you must inform your Department/School (or other team/office as indicated in 2.1 above) before the examination/assessment takes place, preferably in writing or by email Contact your academic adviser or School teaching support staff for advic"", ""Further information about progress and Personal Exceptional Circumstances attendance can be found in the ‘Guide may, for example, include: on the Progress of Students on Taught Illness and/or injury affecting the student: Chapter Eight Programmes of Study’ which can be Bereavement found at liverpool.ac.uk/media/livacuk/ Serious illness affecting a close tqsd/code-of-practice-on-assessment/ family member Additional Support appendix_E_cop_assess.pdf Unforeseeable or unpreventable events. The Student Attendance policy for PEC requests must normally be supported academic year 2025/26 also includes by evidence to be considered by the and Guidance what to do to report any absences. University. This generally requires Students should be aware that, in all cases, independent third-party evidence t"", ""Further information about progress and Personal Exceptional Circumstances attendance can be found in the ‘Guide may, for example, include: on the Progress of Students on Taught Illness and/or injury affecting the student: Chapter Eight Programmes of Study’ which can be Bereavement found at liverpool.ac.uk/media/livacuk/ Serious illness affecting a close tqsd/code-of-practice-on-assessment/ family member Additional Support appendix_E_cop_assess.pdf Unforeseeable or unpreventable events. The Student Attendance policy for PEC requests must normally be supported academic year 2025/26 also includes by evidence to be considered by the and Guidance what to do to report any absences. University. This generally requires Students should be aware that, in all cases, independent third-party evidence t"", ""se procedures. 1. ABSENCE FROM EXAMINATIONS/SUBMISSION OF ASSESSMENT 1.1 If you are unable to attend an examination or assessment which counts towards the final mark of a module owing to illness or other unavoidable circumstances, you must inform your department/school, preferably in writing or by email, before the examination or assessment takes place, in order for the absence to be regarded as authorised. Provided that acceptable evidence of ‘good cause’ for such absence (e.g. a medical note) is presented for consideration by the Extenuating Circumstances Committee in accordance with the procedures set out below, you will be granted a right to re-assessment as a first attempt (unless the examination or assessment missed was not a ‘first attempt’ examination). Only in exceptional circumst"", ""claiming have affected your performance predate your assessment. In the event that your circumstances are such that there is no independent documentary evidence, the Extenuating Circumstances Committee will expect to see evidence that you alerted someone within the University, at the time, that you were experiencing difficulties with your studies. This may be a letter from your academic adviser or School teaching support staff or from a central support service (e.g. Counselling Service, Student Support Services). Such people may decline to provide you with a statement if they consider that they cannot confirm that the circumstances which you are claiming have affected your performance predate your assessment; it is at their discretion whether or not to provide a statement. Please note that""]",1.640 | 1.452 | 1.452 | 1.381 | -0.383,5,0,0.0,96,True,15.728949600015767,
S2_modular_rag,nvidia/nvidia-nemotron-nano-9b-v2,V2Q098,"How should a student distinguish foreseeable financial difficulty from circumstances that justify an extenuating-circumstances claim, and what other academic option may be relevant?",multi_document_synthesis,hard,"Reasonably foreseeable financial problems are not normally accepted as extenuating circumstances. If financial difficulty makes continuing study impractical, the postgraduate guidance indicates that a formal interruption of studies may be an option, but it must be completed through the proper process because registration and fee consequences can continue otherwise.",University of Liverpool Extenuating Circumstances Policy | University of Liverpool Postgraduate Handbook,UOL_extenuating_circumstances_policy.pdf_p2_c6 | UOL_postgraduate_handbook.pdf_p33_c5,"

A student should distinguish foreseeable financial difficulty from extenuating circumstances by demonstrating that the financial hardship was **unforeseen and beyond their control** (e.g., sudden loss of income due to an unexpected event, not due to poor financial planning or failure to meet payment obligations). This is supported by [1], which states that foreseeable events (like financial issues that could be anticipated) are not typically considered extenuating, but exceptions may apply for unforeseen circumstances. Additionally, [4] clarifies that financial suspension due to non-payment of fees is explicitly excluded as an extenuating circumstance, reinforcing that financial difficulties must be exceptional and unanticipated.  

The relevant academic option, if extenuating circumstances are accepted, could involve **re-taking or re-sitting missed assessments** (e.g., in-class tests or final year work), as outlined in [4], where the Extenuating Circumstances Committee may recommend such actions to determine an award.
",UOL_extenuating_circumstances_policy.pdf_p11_c1 | UOL_extenuating_circumstances_policy.pdf_p8_c4 | UOL_extenuating_circumstances_policy.pdf_p11_c3 | UOL_extenuating_circumstances_policy.pdf_p13_c5 | UOL_extenuating_circumstances_policy.pdf_p10_c1,"[""CODE OF PRACTICE ON ASSESSMENT – APPENDIX M ANNEXE 1 Policy on Extenuating Circumstances - Guidelines for Staff and Students Up to January 2026 for all online programmes delivered in partnership with Kaplan Higher Education Foreseeable events Reasonably foreseeable events will not normally be considered as extenuating circumstances. However, provision is made for elite sports events through the University’s Student Athlete Academic Support Policy (see http://www.liv.ac.uk/media/livacuk/tqsd/code-of-practice-onassessment/appendix_O_cop_assess.pdf). In exceptional circumstances, a claim may be accepted for missed in-class tests if you can produce evidence that you have an interview for a substantive job (e.g. a post-graduation job, or a main job if you are studying part-time) or for a profes"", ""es plus an explanation of why and how your studies have been affected and documentary confirmation of the relationship of the person concerned to you. Caring responsibilities The expectation is that students with known caring responsibilities should normally have made appropriate arrangements to be able to manage these ordinarily alongside their studies. Student Welfare Advice and Guidance can work with student carers to create a carers support plan. An extenuating circumstances claim will therefore only be considered where there are unforeseen circumstances (e.g. illness of another carer, unforeseen need to change care arrangements). For example, a parent may be expected to foresee that they will need to make care arrangements for their child during a half-term holiday but not to foresee"", ""itting an extenuating circumstances claim after submission. If you consider that you have been affected by problems relating to supervision, this should be raised in good time through the Student Complaints Policy and Procedure. Visa or passport problems These will only be accepted where there is evidence which shows that any delay in obtaining or renewing a visa or passport have not been of your making (e.g. not because you have failed to apply in good time or to satisfy financial requirements). The Extenuating Circumstances Committee will expect to see a letter from the UKVI, a letter from passport authority, a letter from International Support Team or similar documentation. Errors or unsatisfactory provision by the University If you consider that you have been affected, for example, by"", ""the original claim of extenuating circumstances when considering progression or final degree classification. 5.3 Undergraduate programmes, final year a) Enough assessed work has been completed to determine an award If extenuating circumstances are judged by the Extenuating Circumstances Committee to have affected your performance in the final year of an undergraduate programme, the Extenuating Circumstances Committee will decide whether there is enough assessed work to determine that an award should be made. If the Extenuating Circumstances Committee considers that there is enough work, they will recommend the award which should be made (including the class of the award, if appropriate). You may be offered the option of: either: accepting that award; or: of re-taking/re-sitting the missed/"", ""CODE OF PRACTICE ON ASSESSMENT – APPENDIX M ANNEXE 1 Policy on Extenuating Circumstances - Guidelines for Staff and Students Up to January 2026 for all online programmes delivered in partnership with Kaplan Higher Education you. Financial suspension because of non-payment of fees to the University will not be considered as an extenuating circumstance. Travel problems The Extenuating Circumstances Committee will expect to see an online or newspaper weather/traffic report from the day in question, correspondence from a travel provider, tickets or similar documentation. The case will need to include a clear statement of what has occurred and how you consider it has affected you. IT failure Claims of failures of University equipment, including IT systems and computer viruses will only be accep""]",2.891 | 2.432 | 2.338 | 2.243 | 2.190,5,0,0.0,140,True,14.019798300112598,
S2_modular_rag,nvidia/nvidia-nemotron-nano-9b-v2,V2Q099,How should a student with a long-term health condition think about reasonable adjustments versus interrupting study?,multi_document_synthesis,hard,"For a condition lasting six months or more, the Extenuating Circumstances Policy directs the student to Disability Advice and Guidance so reasonable adjustments can be considered rather than relying on repeated individual claims. If the student needs to interrupt because of ill-health, the postgraduate guidance requires the formal interruption process and warns of registration, fee and related consequences.",University of Liverpool Extenuating Circumstances Policy | University of Liverpool Postgraduate Handbook,UOL_extenuating_circumstances_policy.pdf_p5_c4 | UOL_postgraduate_handbook.pdf_p33_c5,"

A student with a long-term health condition should first seek reasonable adjustments through the University’s Disability Advice and Guidance Team (as outlined in [2]), rather than relying on repeated extenuating circumstances claims. If adjustments are already in place, they should continue using those unless there is a sudden deterioration or unforeseeable change in their condition (e.g., a flare-up near an assessment), which would then warrant an extenuating circumstances claim [5]. This approach prioritizes proactive adjustments over interrupting study unless unavoidable circumstances arise.
",UOL_extenuating_circumstances_policy.pdf_p2_c4 | UOL_extenuating_circumstances_policy.pdf_p5_c4 | UOL_extenuating_circumstances_policy.pdf_p2_c3 | UOL_student_conduct1.pdf_p20_c2 | UOL_extenuating_circumstances_policy.pdf_p8_c1,"[""difficulties which made it very difficult for them to seek help; • Long term health condition for which the student is already receiving reasonable or appropriate adjustments; • Retrospective disclosure of circumstances or withholding of details on grounds of sensitive personal, family or cultural reasons; • Minor illness or ailment which is unlikely to have had a significant impact on the student’s performance; • Failure to attend an examination or submit an assessment due to misreading the examination / assessment timetable or submission deadline; • Inadequate planning and time management; • Having more than one examination on the same or consecutive days; • Examination clashes arising from incorrect registration by the student, i.e. examinations scheduled to take place at the same time"", ""ecide that your circumstances can no longer be considered as ‘unforeseeable.’ If you have an ongoing illness or other physical or mental health condition which has affected you for six or more months, you should contact the University’s Disability Advice and Guidance Team (email disteam@liv.ac.uk) in order that the University can consider whether there is a case for reasonable adjustments to be made to your studies rather than considering your condition through repeated individual Extenuating Circumstances claims. If, after reasonable adjustments have been made, there are unforeseeable changes to your condition which affect your performance it is, of course, appropriate to submit an Extenuating Circumstances claim. 3.2 Submit the extenuating circumstances form together with supporting evid"", ""hout reasonable or contemporaneous evidence (medical or otherwise) to support it; • Alleged medical circumstances outside the relevant assessment period or learning period for which appropriate adjustments for extenuating circumstances have already been made; • Alleged medical condition supported by “retrospective” medical evidence – that is, evidence that is not (contemporaneous) in existence at the same time as the illness, e.g. a doctor’s note which states that the student was seen (after the illness occurred) and declared they had been ill previously, except where there is evidence that the student had unknown or undisclosed mental health difficulties which made it very difficult for them to seek help; • Long term health condition for which the student is already receiving reasonable o"", ""d the hearing. See section 12.5 above for information on reasonable adjustments. 13.2 The University believes that it is in the best interests of reporting and responding students for Panels to take place as soon as possible. If either party can provide good reason (with supporting evidence where necessary) that they cannot attend e.g. ill health, academic commitments (other than normal scheduled classes) they may request a postponement. In any request for a postponement, the requester should also indicate their earliest availability. 13.3 If dates are outside of term time the Student Conduct Team will work with all parties to identify a suitable date. 13.4 Responding and reporting students may not normally request a postponement because of the non-availability of any person who they wish"", ""CODE OF PRACTICE ON ASSESSMENT – APPENDIX M ANNEXE 1 Policy on Extenuating Circumstances - Guidelines for Staff and Students Up to January 2026 for all online programmes delivered in partnership with Kaplan Higher Education to make reasonable adjustments to your studies or assessments. An extenuating circumstances claim will only be considered where either (a) a new condition or disability is diagnosed too late to allow reasonable adjustments to be considered or put in place or (b) you have been affected by a sudden deterioration or change in your condition (e.g. side effects from recent change of medication, flare-up/incident in close proximity to assessment (e.g. epileptic seizure or migraine on the day of the assessment)). The Extenuating Circumstances Committee will normally expect to""]",2.222 | 2.132 | 0.169 | -0.032 | -0.493,5,0,0.5,82,True,12.12338549993001,
S2_modular_rag,nvidia/nvidia-nemotron-nano-9b-v2,V2Q100,"What must a sponsored student provide for accommodation-fee sponsorship, and what University support may help if they still face financial difficulty?",multi_document_synthesis,hard,"They must provide the Accommodation Office with an official sponsor letter or purchase order before registration, showing the sponsorship value and duration and where the invoice should be sent. Sponsored students remain responsible for payment, while the Undergraduate Handbook identifies financial-support routes such as hardship assistance and advice.",University of Liverpool Payment Policy 2026-27 | University of Liverpool Undergraduate Handbook,"UOL_payment_policy_2026,2027.pdf_p9_c1 | UOL_undergraduate_handbook.pdf_p19_c2","

A sponsored student must provide an official sponsor letter or purchase order (on official letter headed paper) from their sponsor to the Accommodation Office before registration for the session to which the sponsorship applies [1]. If they still face financial difficulty, they can seek support from the Accommodation Office, which handles inquiries about fines or non-programme charges related to accommodation fees [5].
","UOL_payment_policy_2026,2027.pdf_p9_c1 | UOL_payment_policy_2026,2027.pdf_p3_c1 | UOL_payment_policy_2026,2027.pdf_p3_c2 | UOL_payment_policy_2026,2027.pdf_p2_c1 | UOL_payment_policy_2026,2027.pdf_p10_c1","[""9.3 Students must provide the Accommodation Office with an official sponsor letter or purchase order (on official letter headed paper) from their sponsor. This should be provided before students register for the session to which the sponsorship applies. 9.4 The proof of sponsorship should show the value and duration of the sponsorship together with a name and address of where the University should send the invoice. The University will keep this letter within its records. 9.5 Students who do not provide this official letter will be considered to be self-funding and will be expected to pay their own residence fee in accordance with one of the methods described in section 8. 9.6 Sponsored students are responsible for making sure that their residence fee is paid. Where a student’s sponsor defa"", ""insufficient amount of loan to cover their programme fee4, will need to make arrangements for the payment of the remaining fee using one of the methods described in section 4. 3. Sponsorship 3.1 Where an external organisation (e.g. a company or overseas government embassy; not a friend, relative or the SLC) is responsible for payment of all or part of a student’s programme and/or research support fee, the University will invoice the organisation directly. 3.2 All sponsors must pay in full within 30 days of being invoiced. 3.3 Students must provide the Student Fees and Funding Office with an official sponsor letter or purchase order (on official letter headed paper) from their sponsor. This should be provided before students register for the session to which the sponsorship applies. 3.4 The"", ""al letter headed paper) from their sponsor. This should be provided before students register for the session to which the sponsorship applies. 3.4 The proof of sponsorship should show the value and duration of the sponsorship together with a name and address of where the University should send the invoice. The University will keep this letter within its records. 3.5 Students who do not provide this official letter will be considered to be self-funding and will be expected to pay their own programme and/or research support fee in accordance with one of the methods described in section 4. 3.6 Sponsored students are responsible for making sure that their programme and/or research support fee is paid. Where a student’s sponsor defaults on any fee payment arrangement, the sponsor’s invoice will"", ""1.7 Where a suitable arrangement to pay accommodation fees, student fines or student charges has not been made in any given session, in accordance with the relevant section of this Policy, or where a student defaults on any such fee payment arrangement, the University will seek to deploy formal external debt recovery proceedings, which may ultimately result in County Court judgements. 1.8 Where students are experiencing difficulties in making payments, or wish to enquire about fees and/or charges that have been raised and/or fines that have been levied, help and support is available as outlined in section 11. PROGRAMME AND RESEARCH SUPPORT FEES 2. Student Finance (Home Undergraduate Students) 2.1 Depending on where they normally live, all students requiring financial support should make an"", ""11. Help and Support 11.1 Students experiencing difficulties in making fee payments or who have any questions regarding the payment of fees or the programme fees that have been raised should contact the following: Student Fees and Funding Office Tel: +44(0)151 794 6777 Monday – Friday, 10:00 – 16:00 Email: feesenq@liverpool.ac.uk 11.2 Students wishing to enquire about fines that have been levied or non-programme charges that have been raised against their account should contact the following: Accommodation Office, Crown Place, 202 Brownlow Hill, Liverpool, L3 5UE Tel: +44(0)151 795 0319 Email: accommodation@liverpool.ac.uk 11.3 Home students experiencing financial hardship should contact the following: Money Advice and Guidance, Student Services Centre, Alsop Building, University Square, L""]",3.579 | 1.586 | 1.143 | 0.745 | -0.601,5,0,0.5,62,True,13.164651800063439,
S2_modular_rag,nvidia/nvidia-nemotron-nano-9b-v2,V2Q101,"How do the equality policy and complaints policy work together when a student experiences discrimination, harassment or sexual misconduct?",multi_document_synthesis,hard,"The equality policy encourages incidents to be raised with appropriate University staff or through Report and Support, including anonymous reporting. The Complaints Policy recognises that harassment or sexual-misconduct complaints may instead be handled through relevant conduct, bullying-and-harassment or staff disciplinary procedures.","University of Liverpool Diversity, Equality and Opportunity Policy | Student Complaints Policy and Procedure","UOL_diversity-equality-opportunity-policy.pdf_p5_c3 | UOL_Student,Complaints,Policy,and,Procedure.pdf_p2_c3","

The equality policy (Evidence [2] and [4]) establishes students' and staff's obligations under the Equality Act 2010 to refrain from unlawful discrimination and harassment, while also requiring them to challenge such behavior. The complaints policy (Evidence [1], [3], and [5]) provides the formal procedure for students to report incidents of discrimination, harassment, or sexual misconduct, which are then addressed under relevant policies (e.g., Student Conduct Policy, Bullying and Harassment Policy). Together, the equality policy sets the legal and ethical framework, and the complaints policy offers the mechanism to address violations of that framework. [2], [4], [1], [3], [5]
","UOL_Student,Complaints,Policy,and,Procedure.pdf_p9_c1 | UOL_diversity-equality-opportunity-policy.pdf_p9_c2 | UOL_Student,Complaints,Policy,and,Procedure.pdf_p2_c2 | UOL_diversity-equality-opportunity-policy.pdf_p8_c3 | UOL_Student,Complaints,Policy,and,Procedure.pdf_p2_c3","[""Student Conduct, Complaints and Compliance (ix) Complaints made by students against students - see Student Conduct Policy this includes complaints about harassment and/ or sexual misconduct be another student; (x) Complaints made by staff against students - see Student Conduct Policy. (xi) Complaints made by students relating to incidents of harassment and/or sexual misconduct by staff towards students. Advice will be sought from HR in such cases and the complaint will usually be considered under the Bullying and Harassment Policy or Staff Disciplinary Procedures. 5. Rights, Entitlements and Responsibilities a) Under this Policy and in line with the Student Charter and other University policies, the University acknowledges the rights of students and sets out expectations of how students wi"", ""f speech and to the importance of academic freedom. 4.6 Students All students should: • Comply with their legal obligation under the Equality Act 2010 and this policy to refrain from unlawful discrimination and harassment. • Familiarise themselves with this policy and the Bullying & Harassment Policy. • Challenge unlawful behaviour by the University, members of staff or students either directly, through the appropriate department structure (programme leader or head of department) or through the appropriate reporting and/or complaints procedures (e.g. Report & Support). • Respect the University’s Values. • Be prompt, efficient, effective and respectful in their dealings with fellow students, members of staff and visitors to the University. • Have particular regard to the duty to ensure free"", "") and to ensure that it meets the requirements of Section 26(1) of the Counter-Terrorism and Security Act 2015 to have due regard to the need to prevent people from being drawn into terrorism. Any complaints received relating to freedom of speech and academic freedom may be considered under the Student Complaints Policy and will be done so in line with the above requirements so as not to impede either freedom of speech or academic freedom. 3. Does this policy comply with OfS condition of registration in relation to Harassment and Sexual Misconduct? (effective from August 2025). Any complaints received in relation to incidents of harassment and/or sexual misconduct (including the conduct of staff towards students and/or the conduct of students towards students), may be dealt with via releva"", ""emit. 4.4 Diversity and Equality Team The Diversity and Equality Team is responsible for; developing and reviewing policies and guidance to promote a positive and inclusive environment in which to work and study. 4.5 Staff All members of staff should: • Comply with their legal obligation under the Equality Act 2010 and this policy to refrain from unlawful discrimination and harassment. • Familiarise themselves with this policy and other appropriate policies, such as the Bullying & Harassment Policy. • Challenge unlawful behaviour by the University, members of staff or students either directly, through the appropriate management structure (e.g. line manager, head of department or HR Business Partner) or via the appropriate reporting and or complaints procedures (e.g. Report & Support). • If"", ""d/or sexual misconduct (including the conduct of staff towards students and/or the conduct of students towards students), may be dealt with via relevant policies, Student Conduct Policy, Bullying and Harassment Policy or Staff Disciplinary Policy. Links to the related policies have been added to Paragraph 1d and a sentence has been added to clarify this under Paragraph 4 e – xi. Data Protection Data Protection Impact Assessment is not required for this Policy. All staff employed to administer this Policy, and accompanying procedures should comply fully with all GDPR and Data Protection Act 2018 requirements and obligations. Communication Updated web pages which form part of the terms and conditions for students. Update Schools and Departments via Heads of Education and 1""]",4.309 | 3.859 | 3.721 | 3.449 | 2.450,5,0,0.5,98,True,14.66686680004932,
S2_modular_rag,nvidia/nvidia-nemotron-nano-9b-v2,V2Q102,How do the 2025–26 assessment changes clarify the relationship between assessment appeals and other student challenge routes?,multi_document_synthesis,hard,"The assessment changes clarify and separate Stage 1 appeal grounds for decisions on Personal Extenuating Circumstances, academic integrity, and assessments, marks or awards. The Undergraduate Handbook separately identifies complaint and conduct routes, so a student must use the process that matches the type of decision being challenged.",University of Liverpool Code of Practice on Assessment and Appendices 2025-26 — Summary of Changes | University of Liverpool Undergraduate Handbook,"UOL_Code,of,Practice,on,Assessment,and,Appendices,2025-26,Summary,of,Changes.pdf_p4_c4 | UOL_undergraduate_handbook.pdf_p42_c1","

The evidence provided does not clarify the relationship between assessment appeals and other student challenge routes. Evidence [1] focuses on changes to assessment policies (e.g., Appendices M, L, C, I, J, P) but does not mention other challenge routes. Evidence [2] details the process for assessment appeals but does not address other forms of student challenges (e.g., complaints, disciplinary actions). Thus, the 2025–26 changes do not explicitly define or clarify this relationship in the given evidence.
","UOL_Code,of,Practice,on,Assessment,and,Appendices,2025-26,Summary,of,Changes.pdf_p1_c1 | UOL_postgraduate_handbook.pdf_p37_c10","[""Code of Practice on Assessment and Appendices 2025-26: Summary of Changes Key Changes for 2025-26 The most substanƟve changes for 2025-26 relate to Appendix M which is now called AddiƟonal ConsideraƟons Policy for Taught Students, and Appendix L Academic Integrity Policy. The changes to Appendix M have resulted in changes to other appendices of which the most signiﬁcant are those to Appendices C, I, J and P relaƟng to the rules for calculaƟng overall average marks for proﬁling and classiﬁcaƟon purposes. The main changes to these and other parts of the Code of PracƟce on Assessment (CoPA) are summarised below. For more informaƟon or detail about the changes, please contact AQSD. Important Note The AddiƟonal ConsideraƟons Policy for Taught Students comes into eﬀect on 22nd September 2025 for"", ""hysician. At the end An assessment appeal is a challenge programmes in the Faculty of Health of the formal investigation, the Investigating Where a student submits an appeal, they to, or a request for reconsideration (on and Life Sciences with professional/ Officer may conclude: will not be permitted to attend graduation specified grounds) of a decision made by statutory body regulation that necessitates (i) That there is no case to be taken the University on student assessments and or graduate until either the appeal is Fitness to Practise processes or on a forward, in which case the student will be awards. concluded or withdrawn. informed that no further action will be taken Your University – Handbook for Postgraduate Students70 / /71""]",1.753 | -0.468,2,3,0.0,76,True,10.29933249996975,
