system,question_id,question_type,label,sentence,cited,best_entailment,best_contradiction,supporting_chunk
S0_llm_only,V2Q001,paraphrased,unsupported,"A Student Route visa holder moving to another UK university for an intercalated year would typically need to provide evidence of a confirmed offer or acceptance from the new university (e.g., an offer letter or confirmation of enrollment).",,0.0,0.0,
S0_llm_only,V2Q001,paraphrased,unsupported,"They may also need to demonstrate continued compliance with their Student Route visa conditions, such as proof of sufficient funds or valid visa status.",,0.0,0.0,
S0_llm_only,V2Q001,paraphrased,unsupported,The deadline for submitting this evidence to the University of Liverpool would likely be before the start of the new academic term at the new institution.,,0.0,0.0,
S0_llm_only,V2Q001,paraphrased,unsupported,"However, the exact date and specific requirements (e.g., additional documents) should be confirmed directly with the University of Liverpool’s International Office or Student Visa Support team, as policies can vary.",,0.0,0.0,
S0_llm_only,V2Q001,paraphrased,unsupported,"If you are unsure, it is critical to seek clarification from the university to avoid any risk to your visa status.",,0.0,0.0,
S0_llm_only,V2Q002,paraphrased,unsupported,"Students or staff should contact the Student Support and Wellbeing team or the Equality and Diversity office at the University of Liverpool to raise concerns about harassment, bullying, discrimination, or victimisation.",,0.0,0.0,
S0_llm_only,V2Q002,paraphrased,unsupported,"They can also approach a trusted staff member, union representative, or use the university’s online reporting system (if available).",,0.0,0.0,
S0_llm_only,V2Q002,paraphrased,unsupported,"If unsure, they may seek guidance from a designated staff member.",,0.0,0.0,
S0_llm_only,V2Q002,paraphrased,unsupported,"Always ensure the process aligns with the university’s official policies, which can be found on their website.",,0.0,0.0,
S0_llm_only,V2Q003,procedural,unsupported,The student should contact their school or department and discuss their situation with an academic advisor or support staff before submitting a claim.,,0.0,0.0,
S0_llm_only,V2Q003,procedural,unsupported,This allows them to receive appropriate guidance and support tailored to their specific circumstances.,,0.0,0.0,
S0_llm_only,V2Q003,procedural,unsupported,"If you are unsure about the exact process at the University of Liverpool, I recommend reaching out to the university's student support services for precise instructions.",,0.0,0.0,
S0_llm_only,V2Q004,paraphrased,unsupported,"I don’t have specific information about changes to the 2025–26 academic integrity categories, self-plagiarism policies, or treatment of personal extenuating circumstances at the University of Liverpool.",,0.0,0.0,
S0_llm_only,V2Q004,paraphrased,unsupported,"Policies can evolve, but any updates would typically be communicated through official university channels (e.g., the Student Union, academic integrity guidelines, or direct student communications).",,0.0,0.0,
S0_llm_only,V2Q004,paraphrased,unsupported,"For the most accurate and up-to-date details, I recommend checking the university’s official website or contacting the Student Support team directly.",,0.0,0.0,
S0_llm_only,V2Q005,adversarial_false_premise,unsupported,I'm not certain about the specific policy of the University of Liverpool regarding jury service disruptions.,,0.0,0.0,
S0_llm_only,V2Q005,adversarial_false_premise,unsupported,"Policies can vary, and it's possible the university may offer some form of support or guidance in such cases.",,0.0,0.0,
S0_llm_only,V2Q005,adversarial_false_premise,unsupported,I recommend contacting the university's student support services directly for accurate and up-to-date information.,,0.0,0.0,
S0_llm_only,V2Q006,factual,unsupported,"I'm not certain about the specific expectations for student participation in a student-conduct investigation at the University of Liverpool, as this would depend on the university's official policies and procedures.",,0.0,0.0,
S0_llm_only,V2Q006,factual,unsupported,"For accurate and detailed information, I recommend consulting the university's student conduct guidelines or contacting their student support services directly.",,0.0,0.0,
S0_llm_only,V2Q007,factual,unsupported,I’m not certain about the specific criteria for escalation to Stage Two under the University of Liverpool’s Attendance Policy.,,0.0,0.0,
S0_llm_only,V2Q007,factual,unsupported,"Policies can vary, and I don’t have access to the exact details of this policy.",,0.0,0.0,
S0_llm_only,V2Q007,factual,unsupported,I recommend checking the official Attendance Policy document or contacting the Student Support Services team for precise information.,,0.0,0.0,
S0_llm_only,V2Q008,procedural,unsupported,"After a student is notified that programme-fee payments remain outstanding under the 2026–27 Payment Policy, the university typically expects the student to settle the outstanding amount as soon as possible.",,0.0,0.0,
S0_llm_only,V2Q008,procedural,unsupported,"If the payment is not made by the specified deadline, the university may take further actions, such as suspending the student’s enrollment, applying additional administrative fees, or escalating the matter to a collections process.",,0.0,0.0,
S0_llm_only,V2Q008,procedural,unsupported,"However, the exact consequences depend on the specific terms outlined in the 2026–27 Payment Policy.",,0.0,0.0,
S0_llm_only,V2Q008,procedural,unsupported,"For precise details, the student should contact the University of Liverpool’s Student Finance or relevant administrative office directly.",,0.0,0.0,
S0_llm_only,V2Q009,paraphrased,unsupported,I'm not certain of the exact timeframe for the University of Liverpool's specific policy regarding the responding student's reply period after receiving the investigation report and allegations.,,0.0,0.0,
S0_llm_only,V2Q009,paraphrased,unsupported,"University procedures can vary, and it's best to consult the official student conduct guidelines or contact the Student Support Office for precise details.",,0.0,0.0,
S0_llm_only,V2Q010,paraphrased,unsupported,"I’m not certain about the specific circumstances outlined in the University of Liverpool’s Attendance Policy, as policies can vary by school or department.",,0.0,0.0,
S0_llm_only,V2Q010,paraphrased,unsupported,"For the most accurate and up-to-date information, I recommend checking the official Attendance Policy document or contacting your school’s administration directly.",,0.0,0.0,
S0_llm_only,V2Q010,paraphrased,unsupported,They can provide details on what absences require approval and under what conditions.,,0.0,0.0,
S0_llm_only,V2Q011,adversarial_false_premise,unsupported,I'm not certain about the specific policy at the University of Liverpool regarding submitting appeal papers on the day of the hearing.,,0.0,0.0,
S0_llm_only,V2Q011,adversarial_false_premise,unsupported,"It’s important to confirm this directly with the University’s Student Services or the relevant disciplinary office, as procedures can vary.",,0.0,0.0,
S0_llm_only,V2Q011,adversarial_false_premise,unsupported,I recommend checking their official guidelines or contacting them for accurate information.,,0.0,0.0,
S0_llm_only,V2Q012,adversarial_false_premise,unsupported,The requirement that all postgraduate award credit must be at level 7 with no level 6 credit permitted is not a universally fixed rule across all postgraduate programs.,,0.0,0.0,
S0_llm_only,V2Q012,adversarial_false_premise,unsupported,"While many master’s-level awards (level 7) are standard, some programs or modules may include level 6 (postgraduate certificate/diploma) credit depending on the specific award structure.",,0.0,0.0,
S0_llm_only,V2Q012,adversarial_false_premise,unsupported,"The University of Liverpool’s policies may vary by program, so it’s best to confirm with your department or the awarding body for exact requirements.",,0.0,0.0,
S0_llm_only,V2Q012,adversarial_false_premise,unsupported,I cannot confirm this as an absolute rule without specific institutional guidance.,,0.0,0.0,
S0_llm_only,V2Q013,factual,unsupported,"The University of Liverpool's disciplinary panel may impose serious sanctions such as expulsion (permanent removal from the university) or suspension (temporary or conditional removal, e.g., until certain requirements are met).",,0.0,0.0,
S0_llm_only,V2Q013,factual,unsupported,"Other potential serious sanctions could include mandatory counseling, community service, or a formal reprimand with long-term consequences.",,0.0,0.0,
S0_llm_only,V2Q013,factual,unsupported,"However, the exact sanctions depend on the severity of the offense and the specific circumstances of the case.",,0.0,0.0,
S0_llm_only,V2Q013,factual,unsupported,If you need precise details about the University of,,0.0,0.0,
S0_llm_only,V2Q014,factual,unsupported,"The University of Liverpool's policy on extenuating circumstances typically requires that the situation be exceptional, unforeseen, and beyond the student's control.",,0.0,0.0,
S0_llm_only,V2Q014,factual,unsupported,"Employment interference alone is generally not considered an extenuating circumstance unless it involves extraordinary circumstances (e.g., sudden loss of employment due to unforeseen events).",,0.0,0.0,
S0_llm_only,V2Q014,factual,unsupported,"Students should consult the university's Student Support or Examinations Office for specific guidance, as policies may vary and require documentation to support the claim.",,0.0,0.0,
S0_llm_only,V2Q015,adversarial_false_premise,unsupported,The University of Liverpool's specific policies on this matter would need to be confirmed directly with the university's Student Support or Registrar's Office.,,0.0,0.0,
S0_llm_only,V2Q015,adversarial_false_premise,unsupported,"While many institutions require formal withdrawal or suspension processes to terminate registration and fee liability, I cannot confirm this definitively without explicit policy details.",,0.0,0.0,
S0_llm_only,V2Q015,adversarial_false_premise,unsupported,It is advisable to consult official university resources or contact support services for accurate guidance.,,0.0,0.0,
S0_llm_only,V2Q016,factual,unsupported,The University of Liverpool's attendance requirements are generally the minimum standards set by the institution.,,0.0,0.0,
S0_llm_only,V2Q016,factual,unsupported,"However, if a professional body, sponsor, or degree-apprenticeship provider imposes stricter attendance requirements, those external requirements would typically take priority for the student to meet, as they may be necessary to fulfill external obligations (e.g., accreditation, sponsorship agreements, or professional standards).",,0.0,0.0,
S0_llm_only,V2Q016,factual,unsupported,"Important: This is a general principle, and specific cases may vary.",,0.0,0.0,
S0_llm_only,V2Q016,factual,unsupported,"I am not certain about the exact policy at the University of Liverpool, so I recommend confirming with your program office, sponsor, or the University’s Student Support team for definitive guidance.",,0.0,0.0,
S0_llm_only,V2Q017,procedural,unsupported,"I'm not certain about the specific sanctions for a Category 2 student-conduct breach at the University of Liverpool, as this would depend on the exact nature of the breach and the university's current policies.",,0.0,0.0,
S0_llm_only,V2Q017,procedural,unsupported,"For precise details, I recommend consulting the official Student Conduct Policy or contacting the Student Support Office directly.",,0.0,0.0,
S0_llm_only,V2Q017,procedural,unsupported,"They can provide accurate, up-to-date information tailored to your situation.",,0.0,0.0,
S0_llm_only,V2Q018,paraphrased,unsupported,"If informal resolution is not suitable, a taught student at the University of Liverpool should formally submit a complaint through the Student's Union (USU) or directly to the Student Experience and Support team.",,0.0,0.0,
S0_llm_only,V2Q018,paraphrased,unsupported,These bodies handle formal academic complaints and can guide the student through the appropriate process.,,0.0,0.0,
S0_llm_only,V2Q018,paraphrased,unsupported,"If you are unsure, I recommend contacting the Student Experience and Support team (email: studentsupport@liverpool.ac.uk or via their website) for precise guidance, as procedures may vary depending on the nature of the complaint.",,0.0,0.0,
S0_llm_only,V2Q019,reasoning,unsupported,"The student should use IT Services to access available campus computers (e.g., through their computer labs or booking systems) and the University Library Service for specialist help with finding and referencing academic sources (e.g., via librarians, reference management tools, or workshops).",,0.0,0.0,
S0_llm_only,V2Q019,reasoning,unsupported,"If the Library Service does not cover specific referencing needs, the student could also contact Academic Support Services for additional guidance.",,0.0,0.0,
S0_llm_only,V2Q020,paraphrased,unsupported,"The number of re-sits or re-takes allowed after a permitted reassessment due to extenuating circumstances can vary depending on the specific circumstances, the course regulations, and the assessment type.",,0.0,0.0,
S0_llm_only,V2Q020,paraphrased,unsupported,"While many universities typically allow one re-sit in such cases, the University of Liverpool’s exact policy may differ.",,0.0,0.0,
S0_llm_only,V2Q020,paraphrased,unsupported,"Answer: I am not certain of the exact number for the University of Liverpool, as policies can vary by course or department.",,0.0,0.0,
S0_llm_only,V2Q020,paraphrased,unsupported,It is advisable to check with your academic advisor or the relevant department for precise details.,,0.0,0.0,
S0_llm_only,V2Q021,factual,unsupported,The University of Liverpool can protect its Student Sponsor Licence by ensuring compliance with Home Office regulations.,,0.0,0.0,
S0_llm_only,V2Q021,factual,unsupported,"If a Student Route student's circumstances make continued sponsorship inappropriate (e.g., visa violations, financial non-compliance), the University should terminate the sponsorship arrangement for that student following the correct procedures outlined in the Sponsor Code.",,0.0,0.0,
S0_llm_only,V2Q021,factual,unsupported,This may involve formally withdrawing the student from the licence to avoid non-compliance risks.,,0.0,0.0,
S0_llm_only,V2Q021,factual,unsupported,The University should also review its internal processes to address such situations proactively.,,0.0,0.0,
S0_llm_only,V2Q021,factual,unsupported,"If unsure about specific steps, consulting the Home Office or the University’s Sponsorship Office is advisable.",,0.0,0.0,
S0_llm_only,V2Q022,paraphrased,unsupported,The specific protections and responsibilities for a student making a complaint in good faith at the University of Liverpool would typically be outlined in the university’s Student Conduct Policy or relevant institutional guidelines.,,0.0,0.0,
S0_llm_only,V2Q022,paraphrased,unsupported,"These may include protections against retaliation, confidentiality during the process, and a commitment to a fair investigation.",,0.0,0.0,
S0_llm_only,V2Q022,paraphrased,unsupported,Responsibilities might involve providing accurate information and cooperating with the process.,,0.0,0.0,
S0_llm_only,V2Q022,paraphrased,unsupported,"However, I cannot confirm the exact details without referencing the university’s current policies.",,0.0,0.0,
S0_llm_only,V2Q022,paraphrased,unsupported,"For precise information, I recommend consulting the Student Conduct Policy or contacting the Student Support Services team directly.",,0.0,0.0,
S0_llm_only,V2Q023,adversarial_false_premise,unsupported,I'm not certain about the specific requirements for complaint reviewers at the University of Liverpool.,,0.0,0.0,
S0_llm_only,V2Q023,adversarial_false_premise,unsupported,"Policies can vary, and it's best to consult the official student complaints procedure or contact the Student Support Office directly for accurate guidance.",,0.0,0.0,
S0_llm_only,V2Q024,factual,unsupported,"If a Student Route visa holder reaches Stage Three and fails to meet the agreed re-engagement conditions, the Home Office may refuse their visa application.",,0.0,0.0,
S0_llm_only,V2Q024,factual,unsupported,"This could result in the student being required to leave the UK, as failing to comply with re-engagement requirements typically indicates a breach of visa conditions.",,0.0,0.0,
S0_llm_only,V2Q024,factual,unsupported,"However, specific outcomes depend on the circumstances and decisions made by the Home Office.",,0.0,0.0,
S0_llm_only,V2Q024,factual,unsupported,"If uncertain about exact procedures, it is advisable to consult official UKVI guidance or seek advice from the university's immigration support team.",,0.0,0.0,
S0_llm_only,V2Q025,factual,unsupported,I'm not certain of the exact recommendations in the Undergraduate Handbook regarding security precautions for personal property and accommodation.,,0.0,0.0,
S0_llm_only,V2Q025,factual,unsupported,"For the most accurate and specific guidance, I recommend checking the latest version of the Undergraduate Handbook or contacting the University of Liverpool's Student Support or Security Services directly.",,0.0,0.0,
S0_llm_only,V2Q026,paraphrased,unsupported,"The Postgraduate Handbook likely includes guidance on protecting belongings (e.g., using locks, securing valuables) and reporting crimes (e.g., contacting university security or local authorities).",,0.0,0.0,
S0_llm_only,V2Q026,paraphrased,unsupported,"However, I cannot provide exact details from the handbook without explicit reference to its content.",,0.0,0.0,
S0_llm_only,V2Q026,paraphrased,unsupported,"For precise instructions, I recommend consulting the latest version of the Postgraduate Handbook or contacting the University of Liverpool’s Student Support or Security Team directly.",,0.0,0.0,
S0_llm_only,V2Q027,paraphrased,unsupported,"I'm not certain about the specific purpose of a ""Stage Two attendance meeting"" at the University of Liverpool, as this term does not appear to be part of standard university policies or common terminology.",,0.0,0.0,
S0_llm_only,V2Q027,paraphrased,unsupported,It might refer to a department-specific or course-related requirement.,,0.0,0.0,
S0_llm_only,V2Q027,paraphrased,unsupported,I recommend checking with your school or module leader for precise details.,,0.0,0.0,
S0_llm_only,V2Q028,procedural,unsupported,The student should contact the University of Liverpool's Student Health Service or Student Support team for advice.,,0.0,0.0,
S0_llm_only,V2Q028,procedural,unsupported,"They can provide guidance on alternative options, such as receiving the vaccination after arrival or discussing medical exemptions if applicable.",,0.0,0.0,
S0_llm_only,V2Q028,procedural,unsupported,"If unsure, explicitly state that the answer is based on standard university protocols and recommend reaching out to these specific services for accurate information.",,0.0,0.0,
S0_llm_only,V2Q029,paraphrased,unsupported,"The University of Liverpool typically follows a process that includes communicating with the student about the outstanding debt, offering support such as payment plans or financial advice, and potentially reviewing the circumstances before applying academic sanctions.",,0.0,0.0,
S0_llm_only,V2Q029,paraphrased,unsupported,"However, I cannot confirm the exact steps without referencing the university's current policies.",,0.0,0.0,
S0_llm_only,V2Q029,paraphrased,unsupported,"For precise details, I recommend checking the official student finance or student support resources or contacting the university directly.",,0.0,0.0,
S0_llm_only,V2Q030,procedural,unsupported,The University of Liverpool offers support for students facing financial hardship through its Student Support Service.,,0.0,0.0,
S0_llm_only,V2Q030,procedural,unsupported,"This service can provide guidance on available options, such as bursaries, hardship funds, or external financial aid.",,0.0,0.0,
S0_llm_only,V2Q030,procedural,unsupported,You can contact them directly via their website or by email at studentsupport@liverpool.ac.uk for personalized assistance.,,0.0,0.0,
S0_llm_only,V2Q030,procedural,unsupported,"If unsure about specific details, they will clarify the exact resources available to you.",,0.0,0.0,
S0_llm_only,V2Q031,factual,unsupported,The University of Liverpool's handbook typically states that an undergraduate degree classification is primarily determined by the overall academic performance across all modules completed during the degree program.,,0.0,0.0,
S0_llm_only,V2Q031,factual,unsupported,This usually involves calculating an average grade based on the marks or credits achieved in each module.,,0.0,0.0,
S0_llm_only,V2Q031,factual,unsupported,"However, specific details (e.g., weighting of final-year modules) may vary, so I recommend consulting the latest handbook or contacting the university directly for precise criteria.",,0.0,0.0,
S0_llm_only,V2Q032,factual,unsupported,"I'm not certain of the specific factors the University of Liverpool uses to determine whether conduct constitutes harassment, as this would depend on their official policies and legal definitions.",,0.0,0.0,
S0_llm_only,V2Q032,factual,unsupported,"For precise information, I recommend consulting the university's harassment policy or contacting their Student Support Services directly.",,0.0,0.0,
S0_llm_only,V2Q032,factual,unsupported,They can provide the exact criteria and guidance relevant to their institution.,,0.0,0.0,
S0_llm_only,V2Q033,paraphrased,unsupported,"I'm not certain about the specific requirements for an ATAS certificate at the University of Liverpool, as the term ""ATAS"" could refer to different documents or certifications depending on the context (e.g., visa, course requirements, health checks).",,0.0,0.0,
S0_llm_only,V2Q033,paraphrased,unsupported,"For accurate guidance, I recommend contacting the University of Liverpool's International Student Office or the relevant department handling your specific needs.",,0.0,0.0,
S0_llm_only,V2Q034,procedural,unsupported,"Schools or Institutes at the University of Liverpool are expected to ensure that assessment arrangements are fair, transparent, and aligned with the university's academic standards.",,0.0,0.0,
S0_llm_only,V2Q034,procedural,unsupported,This typically includes: - Designing assessments that clearly measure the intended learning outcomes.,,0.0,0.0,
S0_llm_only,V2Q034,procedural,unsupported,Ensuring consistency and equity in how assessments are applied across modules or courses.,,0.0,0.0,
S0_llm_only,V2Q034,procedural,unsupported,Providing clear criteria and rubrics for evaluation.,,0.0,0.0,
S0_llm_only,V2Q034,procedural,unsupported,Accommodating students with disabilities or other needs in accordance with university policies.,,0.0,0.0,
S0_llm_only,V2Q034,procedural,unsupported,"However, specific requirements may vary depending on the school or institute, and detailed expectations are often outlined in the University’s academic regulations or quality assurance guidelines.",,0.0,0.0,
S0_llm_only,V2Q034,procedural,unsupported,"If you need precise information, I recommend consulting the official University of Liverpool policy documents or contacting the relevant academic office.",,0.0,0.0,
S0_llm_only,V2Q035,reasoning,unsupported,"I am not certain about the specific policy of the University of Liverpool regarding how a re-taken assessment mark (as an ""uncapped first attempt"" due to extenuating circumstances) is treated.",,0.0,0.0,
S0_llm_only,V2Q035,reasoning,unsupported,"Policies can vary by course or department, and this scenario may depend on specific circumstances.",,0.0,0.0,
S0_llm_only,V2Q035,reasoning,unsupported,I recommend consulting the university's official guidelines or contacting the Student Support Office for precise information.,,0.0,0.0,
S0_llm_only,V2Q036,paraphrased,unsupported,"Under the University of Liverpool's equality policy, harassment is generally defined as unwanted conduct related to a protected characteristic (such as race, gender, disability, sexual orientation, etc.) that has the purpose or effect of violating a person's dignity or creating an intimidating, hostile, degrading, humiliating, or offensive environment.",,0.0,0.0,
S0_llm_only,V2Q036,paraphrased,unsupported,"This can include verbal, physical, or written behavior that is unwelcome and persistent.",,0.0,0.0,
S0_llm_only,V2Q036,paraphrased,unsupported,"However, to provide the exact details specific to the University's policy, I recommend consulting the official University Equality and Diversity Policy document or contacting the Student Support Services for precise information.",,0.0,0.0,
S0_llm_only,V2Q036,paraphrased,unsupported,"If you are unsure, it’s best to seek clarification directly from the University’s resources.",,0.0,0.0,
S0_llm_only,V2Q037,factual,unsupported,"The frequency of recording meetings with a supervisor for postgraduate research students at the University of Liverpool may vary depending on the specific research program, department, or supervisor's requirements.",,0.0,0.0,
S0_llm_only,V2Q037,factual,unsupported,There is no universally mandated schedule across all postgraduate research students at the university.,,0.0,0.0,
S0_llm_only,V2Q037,factual,unsupported,I recommend checking with your department or supervisor for their specific guidelines on meeting documentation.,,0.0,0.0,
S0_llm_only,V2Q038,reasoning,unsupported,"The Postgraduate Handbook advises students to use the correct academic regulations and codes for their cohort and degree to ensure they follow the specific rules, requirements, and deadlines applicable to their program and year of study.",,0.0,0.0,
S0_llm_only,V2Q038,reasoning,unsupported,"This helps avoid errors in assessments, submissions, or compliance, which could impact their academic progress or outcomes.",,0.0,0.0,
S0_llm_only,V2Q038,reasoning,unsupported,"Regulations may vary between cohorts (e.g., due to changes in policies or program structures) and degrees (e.g., differing module requirements or assessment criteria), so using the correct ones ensures accuracy and fairness.",,0.0,0.0,
S0_llm_only,V2Q039,paraphrased,unsupported,The Student Loans Company (SLC) typically pays programme fee loans directly to the university on behalf of the student.,,0.0,0.0,
S0_llm_only,V2Q039,paraphrased,unsupported,This is usually done through electronic transfers to the university's designated account.,,0.0,0.0,
S0_llm_only,V2Q039,paraphrased,unsupported,"However, I cannot confirm the exact process for the 2026–27 academic year, as specific procedures may vary or change over time.",,0.0,0.0,
S0_llm_only,V2Q039,paraphrased,unsupported,"For the most accurate and up-to-date information, I recommend checking the SLC's official guidelines or contacting the university's student finance office.",,0.0,0.0,
S0_llm_only,V2Q040,factual,unsupported,"Yes, complaints about harassment or sexual misconduct at the University of Liverpool can potentially be addressed under other policies, such as the Sexual Misconduct Policy or Equality and Diversity Policy, depending on the specific circumstances.",,0.0,0.0,
S0_llm_only,V2Q040,factual,unsupported,These policies may provide additional frameworks or procedures for reporting and resolving such issues.,,0.0,0.0,
S0_llm_only,V2Q040,factual,unsupported,"However, the exact policies and processes should be confirmed through the university’s official resources or by contacting the Student Support Services for accurate guidance.",,0.0,0.0,
S0_llm_only,V2Q041,factual,unsupported,"If accepted extenuating circumstances affect an undergraduate student's final-year performance but sufficient assessed work exists to determine an award, the University of Liverpool would likely consider both the extenuating circumstances and the student's overall academic record.",,0.0,0.0,
S0_llm_only,V2Q041,factual,unsupported,The outcome would depend on the specific details of the circumstances and how they impacted the final-year work.,,0.0,0.0,
S0_llm_only,V2Q041,factual,unsupported,"In many cases, if the student meets the overall requirements for their award (e.g., degree classification) based on the existing assessed work, the university may still award the degree, potentially adjusting for the extenuating circumstances.",,0.0,0.0,
S0_llm_only,V2Q041,factual,unsupported,"However, if the final-year performance is deemed too poor even with the circumstances, the award might be affected.",,0.0,0.0,
S0_llm_only,V2Q041,factual,unsupported,The exact process would follow the university’s policies on mitigating circumstances and final-year assessments.,,0.0,0.0,
S0_llm_only,V2Q041,factual,unsupported,"Note: I am not certain about the exact policy details, so this answer is based on general practices at universities.",,0.0,0.0,
S0_llm_only,V2Q041,factual,unsupported,"For precise information, the student should consult the university’s official guidelines or contact the relevant office.",,0.0,0.0,
S0_llm_only,V2Q042,factual,unsupported,"I am not certain of the exact classification of ""unauthorised use of University premises"" in the University of Liverpool's indicative student-conduct sanctions table.",,0.0,0.0,
S0_llm_only,V2Q042,factual,unsupported,"This information would depend on the specific policy outlined in the university's student conduct guidelines, which may vary based on severity or context.",,0.0,0.0,
S0_llm_only,V2Q042,factual,unsupported,I recommend consulting the official student conduct policy or contacting the Student Conduct and Discipline office for precise details.,,0.0,0.0,
S0_llm_only,V2Q043,procedural,unsupported,"During a Master's dissertation or PhD writing-up period, a Student visa holder should treat this time as part of their studies, as it is an integral component of their degree.",,0.0,0.0,
S0_llm_only,V2Q043,procedural,nei,Here’s how to approach work and residence: 1.,,0.0,0.0,
S0_llm_only,V2Q043,procedural,unsupported,"Work Permissions: - You may work part-time (up to 20 hours/week) during term time and full-time during breaks (including the writing-up period, if it aligns with a university-recognized break).",,0.0,0.0,
S0_llm_only,V2Q043,procedural,unsupported,Ensure any work does not interfere with your academic responsibilities.,,0.0,0.0,
S0_llm_only,V2Q043,procedural,unsupported,Residence Status: - You must remain registered as a full-time student with your university.,,0.0,0.0,
S0_llm_only,V2Q043,procedural,unsupported,"If you are not enrolled in formal classes during the writing-up period, confirm with your university that you are still considered a full-time student (some institutions may require specific registration for this phase).",,0.0,0.0,
S0_llm_only,V2Q043,procedural,unsupported,"Avoid prolonged periods of non-enrollment, as this could risk your visa status.",,0.0,0.0,
S0_llm_only,V2Q043,procedural,unsupported,"Key Considerations: - If you are not attending classes but are actively working on your thesis, ensure your university confirms your student status.",,0.0,0.0,
S0_llm_only,V2Q043,procedural,unsupported,Do not exceed the permitted working hours unless during a recognized break.,,0.0,0.0,
S0_llm_only,V2Q043,procedural,unsupported,"If unsure about specific university requirements or visa conditions, consult your university’s international office or the UK Visas and Immigration (UKVI) guidelines.",,0.0,0.0,
S0_llm_only,V2Q044,reasoning,unsupported,"The University of Liverpool may consider anonymous reports as part of its student conduct process, but whether an investigation can be formally initiated depends on the specific circumstances and the university's policies.",,0.0,0.0,
S0_llm_only,V2Q044,reasoning,unsupported,"Anonymous reports alone might not always meet the threshold required to start an investigation, as additional verification or evidence is often needed.",,0.0,0.0,
S0_llm_only,V2Q044,reasoning,unsupported,"For precise details, I recommend contacting the Student Conduct and Discipline office directly, as they can provide the most accurate and up-to-date information regarding their procedures.",,0.0,0.0,
S0_llm_only,V2Q045,paraphrased,unsupported,International students should inform the university's international student office or relevant administrative department about the change in their personal contact details.,,0.0,0.0,
S0_llm_only,V2Q045,paraphrased,unsupported,"They may also need to update their information with immigration authorities (e.g., the Home Office) and other services like their bank or accommodation provider.",,0.0,0.0,
S0_llm_only,V2Q045,paraphrased,unsupported,It is important to follow the specific procedures outlined by the university to ensure all records are updated.,,0.0,0.0,
S0_llm_only,V2Q045,paraphrased,unsupported,"If unsure, contacting the university's international student support team is recommended.",,0.0,0.0,
S0_llm_only,V2Q046,factual,unsupported,"The Student Administration Centre at the University of Liverpool can typically be contacted via the university's main switchboard at +44 (0)151 794 5000, where you can request to be transferred to the relevant department.",,0.0,0.0,
S0_llm_only,V2Q046,factual,unsupported,"Alternatively, you may find specific contact details (e.g., email or address) on the official University of Liverpool website under ""Student Services"" or ""Administration."" For the most accurate and up-to-date information, I recommend checking the university’s official website or contacting the main office directly.",,0.0,0.0,
S0_llm_only,V2Q047,reasoning,unsupported,The answer depends on the specific circumstances and the University of Liverpool's policies regarding Personal Extenuating Circumstances (PECs) and module re-sits.,,0.0,0.0,
S0_llm_only,V2Q047,reasoning,unsupported,"If a PEC claim has been accepted, the university may have already adjusted the grade or provided mitigation (e.g., a reduced grade or exemption from certain requirements).",,0.0,0.0,
S0_llm_only,V2Q047,reasoning,unsupported,"In such cases, re-sitting the module to improve the mark may or may not be permitted, as the PEC approval could influence eligibility.",,0.0,0.0,
S0_llm_only,V2Q047,reasoning,unsupported,Important: I cannot confirm the exact policy without consulting the university's official guidelines.,,0.0,0.0,
S0_llm_only,V2Q047,reasoning,unsupported,Students should contact their department or the Student Support team for precise information tailored to their situation.,,0.0,0.0,
S0_llm_only,V2Q048,factual,unsupported,The University of Liverpool's International Student Support Service provides specialist immigration advice and support to international students.,,0.0,0.0,
S0_llm_only,V2Q048,factual,unsupported,"This service assists with visa-related queries, immigration regulations, and other support tailored to international students.",,0.0,0.0,
S0_llm_only,V2Q048,factual,unsupported,"If you need further details, I recommend contacting them directly via their official channels.",,0.0,0.0,
S0_llm_only,V2Q049,factual,unsupported,An Undergraduate Student Route visa holder typically needs to ensure their visa is valid or apply for a new Student Route visa if it has expired.,,0.0,0.0,
S0_llm_only,V2Q049,factual,unsupported,"They should also provide evidence of their current enrollment or acceptance into a course at a licensed UK institution, along with proof of sufficient funds to cover tuition and living costs.",,0.0,0.0,
S0_llm_only,V2Q049,factual,unsupported,"Additionally, they may need to meet any specific conditions set by the visa office or their sponsor.",,0.0,0.0,
S0_llm_only,V2Q049,factual,unsupported,"However, exact requirements can vary, so it’s advisable to check with the UK Visas and Immigration (UKVI) or the university’s international office for precise guidance.",,0.0,0.0,
S0_llm_only,V2Q050,reasoning,unsupported,"I'm not certain of the exact escalation route described in the University of Liverpool handbook for unresolved informal complaints, as my knowledge is based on general information and not specific, up-to-date handbook details.",,0.0,0.0,
S0_llm_only,V2Q050,reasoning,unsupported,"For accurate guidance, I recommend referring to the official student handbook or contacting the Student Support Services directly.",,0.0,0.0,
S0_llm_only,V2Q051,procedural,unsupported,"To protect their immigration status while studying at the University of Liverpool, a Student visa holder should: 1.",,0.0,0.0,
S0_llm_only,V2Q051,procedural,unsupported,Maintain full-time enrollment in a recognized course (ensure your course is classified as full-time under UK visa rules).,,0.0,0.0,
S0_llm_only,V2Q051,procedural,unsupported,Attend all required classes and avoid excessive absences without valid reasons.,,0.0,0.0,
S0_llm_only,V2Q051,procedural,unsupported,Adhere to work restrictions (typically 20 hours per week during term time and full-time during holidays).,,0.0,0.0,
S0_llm_only,V2Q051,procedural,unsupported,Make satisfactory academic progress (keep grades above the required threshold to avoid visa jeopardy).,,0.0,0.0,
S0_llm_only,V2Q051,procedural,unsupported,Apply for visa extensions before the current one expires.,,0.0,0.0,
S0_llm_only,V2Q051,procedural,unsupported,"Inform the UK Home Office or university’s international office of any changes (e.g., course changes, address updates, or health issues).",,0.0,0.0,
S0_llm_only,V2Q051,procedural,unsupported,"Retain valid documents (passport, visa, and any correspondence with immigration authorities).",,0.0,0.0,
S0_llm_only,V2Q051,procedural,unsupported,"If unsure about specific requirements, consult the University of Liverpool’s International Office or the UK Vis",,0.0,0.0,
S0_llm_only,V2Q052,paraphrased,unsupported,"If you are a postgraduate student at the University of Liverpool who has been a victim of crime and requires ongoing support, you should: 1.",,0.0,0.0,
S0_llm_only,V2Q052,paraphrased,unsupported,Report the incident to the police to ensure the crime is formally documented.,,0.0,0.0,
S0_llm_only,V2Q052,paraphrased,unsupported,Contact the University of Liverpool’s Student Support Services or Security Team for immediate assistance and guidance tailored to your situation.,,0.0,0.0,
S0_llm_only,V2Q052,paraphrased,unsupported,"Seek ongoing support through university counseling services, victim support organizations (e.g., local charities or national helplines), or legal advice if needed.",,0.0,0.0,
S0_llm_only,V2Q052,paraphrased,unsupported,"If you are unsure about specific steps or resources, explicitly reach out to the university’s Student Support Services for personalized advice.",,0.0,0.0,
S0_llm_only,V2Q052,paraphrased,unsupported,"I cannot provide exact details without confirming the current protocols, so contacting the university directly is recommended.",,0.0,0.0,
S0_llm_only,V2Q053,reasoning,unsupported,"Notifying the School before a missed examination or assessment is important because it allows the School to assess the validity of the extenuating circumstances and determine whether accommodations (e.g., rescheduling, alternative assessments) can be made.",,0.0,0.0,
S0_llm_only,V2Q053,reasoning,unsupported,"This proactive step ensures the School has time to evaluate the situation and provide appropriate support, which may improve the likelihood of a successful claim.",,0.0,0.0,
S0_llm_only,V2Q053,reasoning,unsupported,"However, if the University of Liverpool’s specific policy does not explicitly require prior notification, I cannot confirm this as a strict requirement.",,0.0,0.0,
S0_llm_only,V2Q053,reasoning,unsupported,You should consult your School or the university’s official guidelines for exact procedures.,,0.0,0.0,
S0_llm_only,V2Q054,procedural,unsupported,The specific records to retain or send to the Student Conduct Team after a local conduct investigation would depend on the University of Liverpool's policies and procedures.,,0.0,0.0,
S0_llm_only,V2Q054,procedural,unsupported,"Generally, this might include documentation such as the incident report, evidence collected, witness statements, and the outcome of the investigation.",,0.0,0.0,
S0_llm_only,V2Q054,procedural,unsupported,"However, I am not certain about the exact requirements for the University of Liverpool, as policies can vary.",,0.0,0.0,
S0_llm_only,V2Q054,procedural,unsupported,"For precise guidance, you should consult the Student Conduct Team or the relevant university department directly.",,0.0,0.0,
S0_llm_only,V2Q055,paraphrased,unsupported,"If you are a victim of crime as an undergraduate at the University of Liverpool, you should: 1.",,0.0,0.0,
S0_llm_only,V2Q055,paraphrased,unsupported,Contact the University’s Student Support or Wellbeing Services immediately.,,0.0,0.0,
S0_llm_only,V2Q055,paraphrased,unsupported,"They can provide guidance, connect you with appropriate resources (e.g., counseling, legal advice), and help you navigate next steps.",,0.0,0.0,
S0_llm_only,V2Q055,paraphrased,unsupported,"Report the incident to the police (e.g., via the local police force or the university’s security team if applicable).",,0.0,0.0,
S0_llm_only,V2Q055,paraphrased,unsupported,This ensures an official record and may be necessary for legal or insurance purposes.,,0.0,0.0,
S0_llm_only,V2Q055,paraphrased,unsupported,Seek medical or psychological support if you’ve been injured or are experiencing trauma.,,0.0,0.0,
S0_llm_only,V2Q055,paraphrased,unsupported,The university’s health services or counseling team can assist with this.,,0.0,0.0,
S0_llm_only,V2Q055,paraphrased,unsupported,"Inform your department or academic office if the crime impacts your studies (e.g., missed deadlines, need for extensions).",,0.0,0.0,
S0_llm_only,V2Q055,paraphrased,unsupported,"If you’re unsure about specific services, the Student Support team can clarify options.",,0.0,0.0,
S0_llm_only,V2Q055,paraphrased,unsupported,Always prioritize your safety and wellbeing.,,0.0,0.0,
S0_llm_only,V2Q056,reasoning,unsupported,The conduct policy likely requires reliable identification of a substance as a Class A controlled drug to ensure legal compliance and accurate handling of incidents.,,0.0,0.0,
S0_llm_only,V2Q056,reasoning,unsupported,"Class A drugs are strictly regulated under UK law (e.g., the Misuse of Drugs Act 1971), and proper identification is necessary to confirm the substance's nature before taking disciplinary, medical, or legal actions.",,0.0,0.0,
S0_llm_only,V2Q056,reasoning,unsupported,"This step helps avoid misclassification, ensures appropriate responses (e.g., reporting to authorities, providing support), and aligns with both university policies and legal requirements.",,0.0,0.0,
S0_llm_only,V2Q056,reasoning,unsupported,"If the identification process is unclear or uncertain, the policy may mandate further verification (e.g., lab testing) to avoid errors.",,0.0,0.0,
S0_llm_only,V2Q057,procedural,unsupported,"After a disciplinary panel finds a breach and considers the reporting student's impact statement, the next steps typically involve: 1.",,0.0,0.0,
S0_llm_only,V2Q057,procedural,unsupported,"Decision and Notification: The panel will deliberate and issue a formal decision, which will be communicated to the student involved in the breach.",,0.0,0.0,
S0_llm_only,V2Q057,procedural,unsupported,"Sanctions: If a breach is confirmed, the university may impose sanctions (e.g., formal warnings, suspension, or expulsion) based on the severity of the breach and the impact statement.",,0.0,0.0,
S0_llm_only,V2Q057,procedural,unsupported,"Appeal Process: The student may have the right to appeal the decision, depending on university policies.",,0.0,0.0,
S0_llm_only,V2Q057,procedural,unsupported,"However, the exact procedures and how the impact statement influences the outcome can vary.",,0.0,0.0,
S0_llm_only,V2Q057,procedural,unsupported,"For precise details, I recommend consulting the University of Liverpool’s disciplinary guidelines or contacting the Student Support Office directly.",,0.0,0.0,
S0_llm_only,V2Q058,factual,unsupported,The University of Liverpool has a formal appeals process for challenging decisions made by the Board of Examiners.,,0.0,0.0,
S0_llm_only,V2Q058,factual,unsupported,"Postgraduate students are typically advised to submit a written appeal to the Head of School or the Pro-Vice-Chancellor (Education), following the procedures outlined in the university's Student Appeals Policy.",,0.0,0.0,
S0_llm_only,V2Q058,factual,unsupported,"However, I cannot confirm the exact steps or requirements without referencing the current policy.",,0.0,0.0,
S0_llm_only,V2Q058,factual,unsupported,I recommend checking the official University of Liverpool student handbook or contacting Student Support Services for precise guidance.,,0.0,0.0,
S0_llm_only,V2Q059,paraphrased,unsupported,"The transition from Early Resolution to the Formal Complaint stage typically occurs when the Early Resolution process does not resolve the concern satisfactorily, or if the student chooses to escalate the issue formally.",,0.0,0.0,
S0_llm_only,V2Q059,paraphrased,unsupported,"However, the exact criteria (e.g., timeframes, specific unresolved issues) depend on the University of Liverpool’s official policies.",,0.0,0.0,
S0_llm_only,V2Q059,paraphrased,unsupported,"For precise details, I recommend consulting the university’s Student Complaints and Appeals Policy or contacting the Student Support team directly.",,0.0,0.0,
S0_llm_only,V2Q060,factual,unsupported,"I am not certain about the specific reassessment opportunities for this scenario, as policies can vary depending on the program and academic regulations.",,0.0,0.0,
S0_llm_only,V2Q060,factual,unsupported,It is advisable for the student to consult the University of Liverpool's official academic policies or contact the Student Support/Examinations Office,,0.0,0.0,
S0_llm_only,V2Q061,factual,unsupported,I am not certain of the specific division of roles under the University of Liverpool's updated assessment arrangements for academic integrity offences.,,0.0,0.0,
S0_llm_only,V2Q061,factual,unsupported,"University policies can vary, and it is best to consult the official University guidelines or contact the Academic Integrity Office for precise information on their procedures.",,0.0,0.0,
S0_llm_only,V2Q062,procedural,unsupported,The treatment of a self-funding student's tuition-fee deposit when paying the remaining programme fee depends on the specific policies of the University of Liverpool.,,0.0,0.0,
S0_llm_only,V2Q062,procedural,unsupported,"Generally, a deposit is often a non-refundable portion of the total tuition fee.",,0.0,0.0,
S0_llm_only,V2Q062,procedural,unsupported,"However, without explicit confirmation from the university's financial office, I cannot provide definitive details.",,0.0,0.0,
S0_llm_only,V2Q062,procedural,unsupported,It is advisable for the student to consult the University of Liverpool's finance or student support services for accurate information tailored to their situation.,,0.0,0.0,
S0_llm_only,V2Q063,reasoning,unsupported,"The updated Recognition of Prior Learning (RPL) policy at the University of Liverpool would typically outline specific criteria for how prior credit (e.g., work experience, informal learning, or previous qualifications) is assessed and matched to a program.",,0.0,0.0,
S0_llm_only,V2Q063,reasoning,unsupported,"However, I cannot provide the exact implications of the ""updated"" policy without access to the specific details of the latest policy changes.",,0.0,0.0,
S0_llm_only,V2Q063,reasoning,unsupported,"For accurate information, I recommend checking the official University of Liverpool RPL guidelines or contacting their Student Support Services directly.",,0.0,0.0,
S0_llm_only,V2Q063,reasoning,unsupported,"Policies can vary, and relying on outdated or assumed details might lead to incorrect conclusions.",,0.0,0.0,
S0_llm_only,V2Q064,paraphrased,unsupported,"I don't have specific information about the exact timing or process for recalculating programme fees at the University of Liverpool in cases of non-registration, withdrawal, or interrupted study.",,0.0,0.0,
S0_llm_only,V2Q064,paraphrased,unsupported,University fee policies can vary depending on individual circumstances and academic regulations.,,0.0,0.0,
S0_llm_only,V2Q064,paraphrased,unsupported,I recommend contacting the University's Finance Office or reviewing their official fee schedule for precise details.,,0.0,0.0,
S0_llm_only,V2Q065,paraphrased,unsupported,"The University of Liverpool typically requires students to provide evidence such as a formal letter explaining the religious observance, documentation from a religious authority (e.g., a letter from a religious leader or organization), and/or a timetable outlining the dates/times of the observance.",,0.0,0.0,
S0_llm_only,V2Q065,paraphrased,unsupported,"However, the exact requirements may vary depending on the specific circumstances.",,0.0,0.0,
S0_llm_only,V2Q065,paraphrased,unsupported,"For precise guidance, I recommend contacting the Student Support Services or the relevant academic office directly.",,0.0,0.0,
S0_llm_only,V2Q066,reasoning,unsupported,"When requesting a review of a formal complaint, including all relevant issues and evidence is essential to ensure the process is fair, thorough, and informed.",,0.0,0.0,
S0_llm_only,V2Q066,reasoning,unsupported,"This allows the review panel to fully understand the context, assess all aspects of the situation, and make a well-founded decision based on complete information.",,0.0,0.0,
S0_llm_only,V2Q066,reasoning,unsupported,"Omitting key details could lead to an incomplete or biased assessment, undermining the integrity of the review.",,0.0,0.0,
S0_llm_only,V2Q066,reasoning,unsupported,"If you're unsure about specific requirements, I recommend consulting the University of Liverpool's official complaint or review procedures for clarity.",,0.0,0.0,
S0_llm_only,V2Q067,paraphrased,unsupported,"If the IAG (Immigration Advice Guarantee) assesses an appeal or administrative review as unlikely to succeed, it means they do not believe there is a strong basis for overturning the visa refusal.",,0.0,0.0,
S0_llm_only,V2Q067,paraphrased,unsupported,"In this case, the appeal or review would likely be denied, and the original visa refusal would stand.",,0.0,0.0,
S0_llm_only,V2Q067,paraphrased,unsupported,"The student would then need to accept the refusal and may need to explore alternative options, such as reapplying with new evidence or considering a different visa category, depending on their circumstances.",,0.0,0.0,
S0_llm_only,V2Q067,paraphrased,unsupported,"However, the specific outcome depends on the details of the case and any further actions taken.",,0.0,0.0,
S0_llm_only,V2Q068,factual,unsupported,"If a student requests a late Review of a Formal Complaint outcome at the University of Liverpool, they would typically need to provide a valid reason for the delay (e.g., new evidence, procedural issues, or exceptional circumstances) and may be required to submit additional documentation or evidence to support their case.",,0.0,0.0,
S0_llm_only,V2Q068,factual,unsupported,"However, the exact requirements can vary depending on the specific circumstances and university policies.",,0.0,0.0,
S0_llm_only,V2Q068,factual,unsupported,"Since I cannot confirm the precise details without referencing official guidelines, I recommend checking the university’s Student Handbook or contacting the Student Support Services team for accurate and up-to-date information.",,0.0,0.0,
S0_llm_only,V2Q069,paraphrased,unsupported,"The University of Liverpool, as a licensed sponsor under the Student sponsor licence, commits to confirming that the student has been accepted into a specific course of study and that the course meets the requirements set by the UK Visas and Immigration (UKVI) for a student visa.",,0.0,0.0,
S0_llm_only,V2Q069,paraphrased,unsupported,"This includes ensuring the course details (e.g., duration, level, and content) are accurate and valid at the time of issuance.",,0.0,0.0,
S0_llm_only,V2Q069,paraphrased,unsupported,The University also commits to not making changes to the course or its details that would invalidate the student's visa.,,0.0,0.0,
S0_llm_only,V2Q069,paraphrased,unsupported,"However, if there are specific legal or procedural obligations beyond this general framework, I would need to verify the exact terms of the sponsorship licence to provide a precise answer.",,0.0,0.0,
S0_llm_only,V2Q070,paraphrased,unsupported,"The Postgraduate Handbook's sections on programme rules and student conduct typically cover broad topics such as academic requirements (e.g., course structure, assessment criteria, progression rules), student responsibilities (e.g., attendance, deadlines, academic integrity), and conduct standards (e.g., behavior expectations, disciplinary procedures).",,0.0,0.0,
S0_llm_only,V2Q070,paraphrased,unsupported,"However, the exact topics may vary depending on the specific programme and university policies.",,0.0,0.0,
S0_llm_only,V2Q070,paraphrased,unsupported,"For precise details, I recommend consulting the latest version of the Postgraduate Handbook directly.",,0.0,0.0,
S0_llm_only,V2Q071,factual,unsupported,The Graduate Route visa can typically be applied for after completing your course and obtaining a valid Certificate of Registration (CoR) from your university.,,0.0,0.0,
S0_llm_only,V2Q071,factual,unsupported,"However, the exact timing may depend on specific circumstances, such as when you leave the UK or when you secure a job.",,0.0,0.0,
S0_llm_only,V2Q071,factual,unsupported,"For precise details, I recommend checking the official UK government guidelines or contacting the University of Liverpool's international student support team, as policies can vary.",,0.0,0.0,
S0_llm_only,V2Q072,reasoning,unsupported,"The Diversity and Equality of Opportunity Policy at the University of Liverpool is likely designed to complement other equality-related policies by establishing a foundational framework for equitable access, inclusion, and fairness across the institution.",,0.0,0.0,
S0_llm_only,V2Q072,reasoning,unsupported,"It may intersect with policies focused on specific protected characteristics (e.g., gender, race, disability) by ensuring that opportunities are distributed fairly and that systemic barriers are addressed holistically.",,0.0,0.0,
S0_llm_only,V2Q072,reasoning,unsupported,"However, without access to the University’s specific policy documents or official guidance, I cannot provide a definitive or detailed explanation of how these policies interrelate.",,0.0,0.0,
S0_llm_only,V2Q072,reasoning,unsupported,"For precise information, I recommend consulting the University’s Equality, Diversity, and Inclusion (EDI) resources or contacting their EDI office directly.",,0.0,0.0,
S0_llm_only,V2Q073,adversarial_false_premise,unsupported,The University of Liverpool's specific policies on conduct cases and appeals would determine this.,,0.0,0.0,
S0_llm_only,V2Q073,adversarial_false_premise,unsupported,"However, I am not certain whether an automatic right of appeal exists for Informal Resolution outcomes.",,0.0,0.0,
S0_llm_only,V2Q073,adversarial_false_premise,unsupported,"Policies can vary, and ""automatic"" appeal rights are not standard in all institutions.",,0.0,0.0,
S0_llm_only,V2Q073,adversarial_false_premise,unsupported,I recommend checking the official Student Conduct Policy or contacting the Student Support Services for precise guidance.,,0.0,0.0,
S0_llm_only,V2Q074,factual,unsupported,I am not certain about the specific policies regarding how a retrospective extenuating circumstances claim for a previous resit might impact a later resit attempt.,,0.0,0.0,
S0_llm_only,V2Q074,factual,unsupported,"University policies can vary, and this would depend on the exact circumstances and the university's guidelines.",,0.0,0.0,
S0_llm_only,V2Q074,factual,unsupported,I recommend checking the official University of Liverpool policies on extenuating circumstances or contacting the Student Support team for precise information.,,0.0,0.0,
S0_llm_only,V2Q075,procedural,unsupported,"When no independent documentary evidence is available, a student can support an extenuating circumstances claim by submitting a detailed personal statement that clearly explains the circumstances, their impact on academic performance, and any relevant context.",,0.0,0.0,
S0_llm_only,V2Q075,procedural,unsupported,This statement should be written in a formal and credible manner.,,0.0,0.0,
S0_llm_only,V2Q075,procedural,unsupported,"Additionally, witness statements from individuals who can provide firsthand knowledge of the situation (e.g., family members, friends, or professionals involved) may also be considered, though their acceptance depends on the university’s specific policies.",,0.0,0.0,
S0_llm_only,V2Q075,procedural,unsupported,"It is important to note that the University of Liverpool’s extenuating circumstances policy will outline exact requirements, so students should consult the university’s guidelines or contact the Student Support team for tailored advice.",,0.0,0.0,
S0_llm_only,V2Q075,procedural,unsupported,"If unsure about specific criteria, it is best to explicitly state that the answer depends on the university’s policies rather than making assumptions.",,0.0,0.0,
S0_llm_only,V2Q076,reasoning,unsupported,"The University of Liverpool provides support during conduct investigations, but specific options for representation or assistance during a meeting may vary.",,0.0,0.0,
S0_llm_only,V2Q076,reasoning,unsupported,"I am not certain about the exact details of representation (e.g., whether a formal representative is allowed or if support persons are permitted).",,0.0,0.0,
S0_llm_only,V2Q076,reasoning,unsupported,"For the most accurate and up-to-date information, I recommend contacting the Student Services or the Student Conduct Office directly.",,0.0,0.0,
S0_llm_only,V2Q076,reasoning,unsupported,They can clarify your rights and available support options.,,0.0,0.0,
S0_llm_only,V2Q077,adversarial_false_premise,unsupported,The answer depends on the specific policies of the University of Liverpool and the terms of the sponsorship agreement.,,0.0,0.0,
S0_llm_only,V2Q077,adversarial_false_premise,unsupported,"If the University's policy explicitly requires continuing sponsorship until all visa appeals are exhausted, regardless of the likelihood of success, then the statement would be correct.",,0.0,0.0,
S0_llm_only,V2Q077,adversarial_false_premise,unsupported,"However, without explicit confirmation from the University's official guidelines or the International Advice and Guidance (IAG) regarding this exact scenario, I cannot provide a definitive answer.",,0.0,0.0,
S0_llm_only,V2Q077,adversarial_false_premise,unsupported,You should consult the University's visa and sponsorship policies or contact the IAG directly for clarity.,,0.0,0.0,
S0_llm_only,V2Q078,procedural,unsupported,"The University of Liverpool, like many institutions, defines bullying as repeated, intentional behavior that causes harm, distress, or intimidation.",,0.0,0.0,
S0_llm_only,V2Q078,procedural,unsupported,Potential bullying behaviors that should be recognized and reported include: 1.,,0.0,0.0,
S0_llm_only,V2Q078,procedural,unsupported,"Verbal abuse: Insults, name-calling, threats, or derogatory remarks.",,0.0,0.0,
S0_llm_only,V2Q078,procedural,unsupported,"Physical aggression: Hitting, pushing, or any form of physical harm.",,0.0,0.0,
S0_llm_only,V2Q078,procedural,unsupported,"Harassment: Unwanted behavior based on protected characteristics (e.g., race, gender, disability, sexual orientation).",,0.0,0.0,
S0_llm_only,V2Q078,procedural,unsupported,"Cyberbullying: Harmful messages, spreading rumors, or exclusion via digital platforms.",,0.0,0.0,
S0_llm_only,V2Q078,procedural,unsupported,"Exclusion: Deliberately leaving someone out of social groups, activities, or opportunities.",,0.0,0.0,
S0_llm_only,V2Q078,procedural,unsupported,"Power imbalances: Abuse of authority (e.g., a staff member or senior student intimidating others).",,0.0,0.0,
S0_llm_only,V2Q078,procedural,unsupported,"Persistent unwanted attention: Unwelcome advances, pressure, or demands.",,0.0,0.0,
S0_llm_only,V2Q078,procedural,unsupported,"It’s important to note that repetition and impact (e.g., causing fear or distress) are key factors.",,0.0,0.0,
S0_llm_only,V2Q078,procedural,unsupported,"A single incident may not constitute bullying, but repeated behavior should be addressed.",,0.0,0.0,
S0_llm_only,V2Q078,procedural,unsupported,"If unsure, students or staff should consult the university’s official policies or contact support services for guidance.",,0.0,0.0,
S0_llm_only,V2Q079,factual,unsupported,Non-consensual sexual touching is generally categorized under sexual misconduct in the indicative conduct sanctions.,,0.0,0.0,
S0_llm_only,V2Q079,factual,unsupported,"This includes acts such as sexual harassment, assault, or any non-consensual physical contact of a sexual nature.",,0.0,0.0,
S0_llm_only,V2Q079,factual,unsupported,"The university’s conduct policy typically treats such behavior as a serious violation, subject to disciplinary action.",,0.0,0.0,
S0_llm_only,V2Q079,factual,unsupported,"However, the exact categorization may depend on the specific details of the incident and the university’s policy framework.",,0.0,0.0,
S0_llm_only,V2Q079,factual,unsupported,"For precise details, I recommend consulting the official Student Conduct Policy document.",,0.0,0.0,
S0_llm_only,V2Q080,paraphrased,unsupported,The protection against maternity discrimination under the Equality Act 2010 in the UK typically applies for 12 weeks after giving birth in employment contexts.,,0.0,0.0,
S0_llm_only,V2Q080,paraphrased,unsupported,"However, I am not certain whether this specific 12-week timeframe applies to non-work contexts (e.g., housing, services, or public spaces).",,0.0,0.0,
S0_llm_only,V2Q080,paraphrased,unsupported,"The law may offer broader protections in non-work areas, but the exact duration could vary.",,0.0,0.0,
S0_llm_only,V2Q080,paraphrased,unsupported,"For precise details, I recommend consulting official government guidance or a legal expert.",,0.0,0.0,
S0_llm_only,V2Q081,factual,unsupported,"The University of Liverpool's equality policy is committed to fostering an inclusive, diverse, and respectful environment for all students and staff.",,0.0,0.0,
S0_llm_only,V2Q081,factual,unsupported,"This includes promoting equality of opportunity and ensuring that no individual is discriminated against based on protected characteristics such as race, gender, disability, sexual orientation, or religion.",,0.0,0.0,
S0_llm_only,V2Q081,factual,unsupported,"However, for the exact wording or specific commitments outlined in their policy, I recommend referring directly to the university’s official Equality Policy document, as my knowledge is based on general information and may not reflect the precise details of their policy.",,0.0,0.0,
S0_llm_only,V2Q082,paraphrased,unsupported,I don't have direct access to the University of Liverpool's Postgraduate Handbook to confirm the exact three stages of the Student Complaints Procedure.,,0.0,0.0,
S0_llm_only,V2Q082,paraphrased,unsupported,"To provide an accurate answer, I would need to refer to the specific details outlined in the handbook.",,0.0,0.0,
S0_llm_only,V2Q082,paraphrased,unsupported,"If you can share the relevant section or page number, I’d be happy to help interpret it!",,0.0,0.0,
S0_llm_only,V2Q083,multi_document_comparison,unsupported,"I am not certain of the answer, as I do not have direct access to the current content of the University of Liverpool's Undergraduate and Postgraduate Handbooks.",,0.0,0.0,
S0_llm_only,V2Q083,multi_document_comparison,unsupported,"Policies or advice on securing belongings and reporting theft could vary slightly between the two, but without reviewing the specific documents, I cannot confirm material differences.",,0.0,0.0,
S0_llm_only,V2Q083,multi_document_comparison,unsupported,I recommend checking the latest versions of the handbooks or contacting the university's student support services for precise guidance.,,0.0,0.0,
S0_llm_only,V2Q084,multi_document_comparison,unsupported,The Undergraduate and Postgraduate Handbooks for the University of Liverpool generally advise students who have been victims of crime to seek support through the university’s Student Support and Wellbeing Service.,,0.0,0.0,
S0_llm_only,V2Q084,multi_document_comparison,unsupported,"This service can provide guidance on reporting the incident to the police, accessing counseling, and connecting with external organizations like Victim Support.",,0.0,0.0,
S0_llm_only,V2Q084,multi_document_comparison,unsupported,"However, the specific wording or steps may vary between the handbooks.",,0.0,0.0,
S0_llm_only,V2Q084,multi_document_comparison,unsupported,"For precise details, I recommend consulting the relevant sections of the handbooks or contacting the Student Support and Wellbeing Service directly, as I cannot confirm exact advice without reviewing the current handbooks.",,0.0,0.0,
S0_llm_only,V2Q085,multi_document_comparison,unsupported,"The Undergraduate and Postgraduate Handbooks differ in award requirements primarily in terms of credit/module structures, progression criteria, and specific academic obligations.",,0.0,0.0,
S0_llm_only,V2Q085,multi_document_comparison,unsupported,"Undergraduate requirements typically involve completing a set number of credits across years of study, maintaining progression standards (e.g., passing modules to advance), and meeting general education or program-specific criteria.",,0.0,0.0,
S0_llm_only,V2Q085,multi_document_comparison,unsupported,"Postgraduate requirements often focus on specialized or advanced modules, research components (e.g., dissertations/theses for research degrees), and may have distinct credit thresholds or assessment standards.",,0.0,0.0,
S0_llm_only,V2Q085,multi_document_comparison,unsupported,"However, exact differences depend on the specific program, so I recommend consulting the relevant handbook or contacting your department for precise details.",,0.0,0.0,
S0_llm_only,V2Q086,multi_document_comparison,unsupported,I don't have direct access to the specific content of the University of Liverpool's Undergraduate and Postgraduate Handbooks to provide a definitive answer.,,0.0,0.0,
S0_llm_only,V2Q086,multi_document_comparison,unsupported,The distinctions between the complaints route and an assessment appeal would depend on the exact wording and structure of the handbooks.,,0.0,0.0,
S0_llm_only,V2Q086,multi_document_comparison,unsupported,I recommend checking the relevant sections of the handbooks or contacting the Student Support Services for precise guidance.,,0.0,0.0,
S0_llm_only,V2Q087,multi_document_comparison,unsupported,"The Student Attendance Policy at the University of Liverpool likely outlines expectations for regular attendance in academic activities, which may align with Student Route compliance requirements (e.g., maintaining a minimum attendance threshold to satisfy visa conditions).",,0.0,0.0,
S0_llm_only,V2Q087,multi_document_comparison,unsupported,"However, I cannot confirm the exact connection between these two policies without specific details from the University’s official documentation.",,0.0,0.0,
S0_llm_only,V2Q087,multi_document_comparison,unsupported,"If you need precise information, I recommend consulting the University’s Student Support or International Student Services for clarity.",,0.0,0.0,
S0_llm_only,V2Q088,multi_document_comparison,unsupported,The monitoring expectations differ primarily in focus and requirements: 1.,,0.0,0.0,
S0_llm_only,V2Q088,multi_document_comparison,unsupported,"Postgraduate Dissertation Student: - Monitoring centers on academic progress, research milestones (e.g., proposal approval, data collection, chapter submissions), and adherence to deadlines set by their supervisor.",,0.0,0.0,
S0_llm_only,V2Q088,multi_document_comparison,unsupported,"Expectations include regular meetings with a supervisor, maintaining research integrity, and meeting academic standards for their thesis.",,0.0,0.0,
S0_llm_only,V2Q088,multi_document_comparison,unsupported,"Student Route Student (Studying Abroad): - Monitoring focuses on visa compliance, attendance, and academic progress to maintain their Student Visa status.",,0.0,0.0,
S0_llm_only,V2Q088,multi_document_comparison,unsupported,"Expectations include attending classes regularly, meeting coursework deadlines, and demonstrating satisfactory academic performance as defined by their institution and UK Visas and Immigration (UKVI) requirements.",,0.0,0.0,
S0_llm_only,V2Q088,multi_document_comparison,unsupported,"The key difference lies in the purpose: the postgraduate student is monitored for academic/research success, while the Student Route student is monitored to ensure visa compliance and course completion within the permitted timeframe.",,0.0,0.0,
S0_llm_only,V2Q088,multi_document_comparison,unsupported,"If unsure about specific policies, I recommend checking with the University’s Student Support or Immigration Services.",,0.0,0.0,
S0_llm_only,V2Q089,multi_document_comparison,unsupported,"The visa-holder guide and UKVI compliance policy do not provide a specific, universally applicable answer to this question, as the rules can depend on the exact circumstances of the student's course, the nature of the study abroad period, and whether it is part of the approved study plan.",,0.0,0.0,
S0_llm_only,V2Q089,multi_document_comparison,unsupported,"If the study abroad is part of the approved period of study (e.g., an approved exchange or placement), the student may still be required to remain sponsored by their original sponsor.",,0.0,0.0,
S0_llm_only,V2Q089,multi_document_comparison,unsupported,"However, if the study abroad is not part of the approved course or is conducted without the sponsor's approval, the student may need to adjust their visa status or seek new sponsorship.",,0.0,0.0,
S0_llm_only,V2Q089,multi_document_comparison,unsupported,"For precise guidance, I recommend consulting the official UKVI resources or contacting the University of Liverpool's International Student Support team, as policies can vary based on individual cases.",,0.0,0.0,
S0_llm_only,V2Q090,multi_document_comparison,unsupported,I don't have access to the specific University of Liverpool visa-holder guide or their UKVI compliance policy details.,,0.0,0.0,
S0_llm_only,V2Q090,multi_document_comparison,unsupported,My knowledge is based on general information about UK visa requirements and standard institutional practices.,,0.0,0.0,
S0_llm_only,V2Q090,multi_document_comparison,unsupported,"For precise information about the University's document-checking responsibilities, I recommend consulting their official international student support resources or contacting their Student Visa and Immigration team directly.",,0.0,0.0,
S0_llm_only,V2Q091,multi_document_comparison,unsupported,"I don't have specific information about the roles of Appendix A and Appendix B in the University of Liverpool's student-conduct process, as this would depend on their current policies or documentation.",,0.0,0.0,
S0_llm_only,V2Q091,multi_document_comparison,unsupported,"To get accurate details, I recommend checking the official student conduct policy document or contacting the University's student support office directly.",,0.0,0.0,
S0_llm_only,V2Q092,multi_document_comparison,unsupported,"I don't have access to the specific content of the University of Liverpool's Appendices A and B, as my knowledge is based on general information up to 2023 and not institutional documents.",,0.0,0.0,
S0_llm_only,V2Q092,multi_document_comparison,unsupported,"To answer this question accurately, you would need to consult the official University of Liverpool policies or contact their student support services directly for details on how mitigating factors in Appendix A are applied to sanctions in Appendix B.",,0.0,0.0,
S0_llm_only,V2Q093,multi_document_synthesis,unsupported,"The University of Liverpool's conduct framework addresses disciplinary sanctions for abusive conduct in intimate relationships as a serious breach of the student code of conduct, typically categorized under harassment or violence.",,0.0,0.0,
S0_llm_only,V2Q093,multi_document_synthesis,unsupported,"The seriousness of the breach would depend on the severity and impact of the conduct, as outlined in the policy.",,0.0,0.0,
S0_llm_only,V2Q093,multi_document_synthesis,unsupported,"Grounds for appeal generally include procedural errors, new evidence, or if the sanction is deemed disproportionate.",,0.0,0.0,
S0_llm_only,V2Q093,multi_document_synthesis,unsupported,"However, I cannot provide exact details about specific provisions in the framework without referencing the official policy.",,0.0,0.0,
S0_llm_only,V2Q093,multi_document_synthesis,unsupported,"For precise information, I recommend consulting the full student conduct policy or contacting the Student Support Services team.",,0.0,0.0,
S0_llm_only,V2Q094,multi_document_synthesis,unsupported,The University of Liverpool has procedures in place to address complaints involving harassment or sexual misconduct.,,0.0,0.0,
S0_llm_only,V2Q094,multi_document_synthesis,unsupported,"If a complaint is made (including anonymously), it is typically reviewed by the relevant office, such as the Student Conduct and Discipline team or the Equality and Diversity Service.",,0.0,0.0,
S0_llm_only,V2Q094,multi_document_synthesis,unsupported,For a complaint to move into the formal student-conduct process: 1.,,0.0,0.0,
S0_llm_only,V2Q094,multi_document_synthesis,unsupported,"The complaint must meet the university’s criteria for a conduct violation (e.g., breaches of the Student Code of Conduct).",,0.0,0.0,
S0_llm_only,V2Q094,multi_document_synthesis,unsupported,"The university will investigate the complaint, which may involve gathering evidence and speaking to involved parties.",,0.0,0.0,
S0_llm_only,V2Q094,multi_document_synthesis,unsupported,"If the investigation supports the allegation, the case may proceed to a formal conduct hearing or resolution process.",,0.0,0.0,
S0_llm_only,V2Q094,multi_document_synthesis,unsupported,"Regarding anonymous reports: The university may accept anonymous reports, but anonymity can limit the ability to conduct a full investigation (e.g., verifying details or following up with the complainant).",,0.0,0.0,
S0_llm_only,V2Q094,multi_document_synthesis,unsupported,"The university will still assess the complaint based on available information, but the process may be constrained compared to non-anonymous reports.",,0.0,0.0,
S0_llm_only,V2Q094,multi_document_synthesis,unsupported,"For specific guidance, students should contact the Student Conduct and Discipline office or the Equality and Diversity Service directly, as policies can vary.",,0.0,0.0,
S0_llm_only,V2Q094,multi_document_synthesis,unsupported,"If unsure about the exact steps for anonymous reports, the university’s official resources or these offices can clarify.",,0.0,0.0,
S0_llm_only,V2Q095,multi_document_synthesis,unsupported,"The expected engagement from students involved in a harassment or sexual misconduct complaint handled as a student-conduct investigation typically includes cooperation with the process, such as attending meetings, providing relevant information, and adhering to the university’s procedures.",,0.0,0.0,
S0_llm_only,V2Q095,multi_document_synthesis,unsupported,"However, specific requirements may vary depending on the case and university policies.",,0.0,0.0,
S0_llm_only,V2Q095,multi_document_synthesis,unsupported,"For precise details, I recommend consulting the University of Liverpool’s official student conduct guidelines or contacting their student support services directly.",,0.0,0.0,
S0_llm_only,V2Q096,multi_document_synthesis,unsupported,The University of Liverpool's support services can assist a student without independent documentary evidence for an extenuating circumstances claim by offering a compassionate and individualized review of their situation.,,0.0,0.0,
S0_llm_only,V2Q096,multi_document_synthesis,unsupported,This may involve: 1.,,0.0,0.0,
S0_llm_only,V2Q096,multi_document_synthesis,unsupported,"Discussing the claim in detail: A meeting with a student support advisor or extenuating circumstances officer to explore the student’s circumstances, even without formal documentation.",,0.0,0.0,
S0_llm_only,V2Q096,multi_document_synthesis,unsupported,"Considering alternative evidence: Accepting personal statements, witness accounts, or other non-traditional forms of evidence that contextualize the situation.",,0.0,0.0,
S0_llm_only,V2Q096,multi_document_synthesis,unsupported,"Holistic support: Addressing broader needs (e.g., mental health, financial stress, or academic adjustments) that may be linked to the extenuating circumstances.",,0.0,0.0,
S0_llm_only,V2Q096,multi_document_synthesis,unsupported,"However, the university’s specific policies on accepting claims without documentary evidence may vary.",,0.0,0.0,
S0_llm_only,V2Q096,multi_document_synthesis,unsupported,"If the student’s case is unique or the circumstances are particularly challenging, the support team can advocate for flexibility.",,0.0,0.0,
S0_llm_only,V2Q096,multi_document_synthesis,unsupported,"It is important to note that the final decision depends on the university’s guidelines, and the student should consult directly with their support services for tailored advice.",,0.0,0.0,
S0_llm_only,V2Q097,multi_document_synthesis,unsupported,"If a student is likely to miss an assessment due to illness or an unavoidable event, they should immediately inform their school or department (e.g., course leader or module leader) to explain the situation.",,0.0,0.0,
S0_llm_only,V2Q097,multi_document_synthesis,unsupported,"The university typically requires students to follow formal procedures for requesting an extension, deferral, or alternative assessment, which may involve submitting documentation (e.g., medical evidence for illness).",,0.0,0.0,
S0_llm_only,V2Q097,multi_document_synthesis,unsupported,"Support options may include guidance from the Student Support or Disability and Dyslexia Service, depending on the circumstances.",,0.0,0.0,
S0_llm_only,V2Q097,multi_document_synthesis,unsupported,"However, specific processes can vary by school or module, so students should also check their module handbook or the university’s official policies for exact steps.",,0.0,0.0,
S0_llm_only,V2Q097,multi_document_synthesis,unsupported,"If unsure about the exact procedure, it is best to contact the relevant academic office directly for clarity.",,0.0,0.0,
S0_llm_only,V2Q098,multi_document_synthesis,unsupported,"To distinguish foreseeable financial difficulty from extenuating circumstances, a student should consider whether the financial issue was unexpected, unavoidable, and beyond their control (e.g., sudden job loss, medical emergency, or family crisis).",,0.0,0.0,
S0_llm_only,V2Q098,multi_document_synthesis,unsupported,"Foreseeable difficulties (e.g., poor budgeting, predictable income fluctuations) typically do not qualify.",,0.0,0.0,
S0_llm_only,V2Q098,multi_document_synthesis,unsupported,"Extenuating circumstances require evidence of a significant, unforeseen impact on academic performance.",,0.0,0.0,
S0_llm_only,V2Q098,multi_document_synthesis,unsupported,Other relevant academic options may include: - Academic extensions or deferrals (if applicable).,,0.0,0.0,
S0_llm_only,V2Q098,multi_document_synthesis,unsupported,"Alternative assessment arrangements (e.g., resits or adjusted deadlines).",,0.0,0.0,
S0_llm_only,V2Q098,multi_document_synthesis,unsupported,"University support services (e.g., financial advice, counseling, or hardship funds).",,0.0,0.0,
S0_llm_only,V2Q098,multi_document_synthesis,unsupported,"For specific policies, students should consult the University of Liverpool’s official guidelines or contact the Student Support team directly, as criteria can vary.",,0.0,0.0,
S0_llm_only,V2Q099,multi_document_synthesis,unsupported,"Reasonable adjustments for a long-term health condition are designed to support a student’s ability to access education and participate fully, not to disrupt their studies.",,0.0,0.0,
S0_llm_only,V2Q099,multi_document_synthesis,unsupported,"These adjustments (e.g., flexible deadlines, extended exam time, note-taking support, or access to assistive technology) should be tailored to the individual’s needs and implemented proactively to minimize disruption.",,0.0,0.0,
S0_llm_only,V2Q099,multi_document_synthesis,unsupported,Key considerations include: 1.,,0.0,0.0,
S0_llm_only,V2Q099,multi_document_synthesis,unsupported,Proactive planning: Discuss adjustments with the university’s disability support services early to ensure they align with academic requirements.,,0.0,0.0,
S0_llm_only,V2Q099,multi_document_synthesis,unsupported,"Balance: Adjustments should address barriers caused by the health condition, not create new challenges.",,0.0,0.0,
S0_llm_only,V2Q099,multi_document_synthesis,unsupported,"For example, flexible deadlines might help manage flare-ups without derailing coursework.",,0.0,0.0,
S0_llm_only,V2Q099,multi_document_synthesis,unsupported,Communication: Maintain open dialogue with academic staff and support teams to adjust strategies as needed.,,0.0,0.0,
S0_llm_only,V2Q099,multi_document_synthesis,unsupported,"Legal framework: Under the Equality Act 2010, universities are required to provide reasonable adjustments, so students should not feel these are an imposition.",,0.0,0.0,
S0_llm_only,V2Q099,multi_document_synthesis,unsupported,"If adjustments feel counterproductive, the student should revisit their support team to refine them.",,0.0,0.0,
S0_llm_only,V2Q099,multi_document_synthesis,unsupported,"The goal is to enable effective study, not hinder it.",,0.0,0.0,
S0_llm_only,V2Q100,multi_document_synthesis,unsupported,"A sponsored student typically needs to provide proof of their sponsorship agreement or letter from their sponsor, which should explicitly cover accommodation fees.",,0.0,0.0,
S0_llm_only,V2Q100,multi_document_synthesis,unsupported,This may include documentation such as a signed sponsorship contract or a formal letter confirming financial responsibility.,,0.0,0.0,
S0_llm_only,V2Q100,multi_document_synthesis,unsupported,"If a sponsored student still faces financial difficulties after meeting these requirements, the University of Liverpool’s Student Support and Advocacy Service (SSAS) or Financial Aid Office may offer assistance.",,0.0,0.0,
S0_llm_only,V2Q100,multi_document_synthesis,unsupported,"Support could include guidance on budgeting, access to emergency funds, or advice on available bursaries/grants.",,0.0,0.0,
S0_llm_only,V2Q100,multi_document_synthesis,unsupported,"However, specific support options depend on individual circumstances and university policies.",,0.0,0.0,
S0_llm_only,V2Q100,multi_document_synthesis,unsupported,"For precise details, students should contact the SSAS or Financial Aid Office directly, as requirements and support services can vary.",,0.0,0.0,
S0_llm_only,V2Q101,multi_document_synthesis,unsupported,The equality policy and complaints policy work together by establishing both the principles of fairness and the procedural steps to address violations.,,0.0,0.0,
S0_llm_only,V2Q101,multi_document_synthesis,unsupported,"The equality policy defines what constitutes discrimination, harassment, or sexual misconduct and outlines the university's commitment to preventing such behavior.",,0.0,0.0,
S0_llm_only,V2Q101,multi_document_synthesis,unsupported,"The complaints policy provides the formal process for students to report incidents, ensuring they have a clear pathway to seek resolution.",,0.0,0.0,
S0_llm_only,V2Q101,multi_document_synthesis,unsupported,"When a student experiences an issue, the equality policy informs the university of its obligations to address the matter, while the complaints policy guides the investigation, support, and disciplinary actions.",,0.0,0.0,
S0_llm_only,V2Q101,multi_document_synthesis,unsupported,"Together, they ensure accountability and a structured response to uphold a safe and inclusive environment.",,0.0,0.0,
S0_llm_only,V2Q101,multi_document_synthesis,unsupported,"If you need specific details about the University of Liverpool’s policies, I recommend checking their official student handbook or contacting their Student Support Services for precise information.",,0.0,0.0,
S0_llm_only,V2Q102,multi_document_synthesis,unsupported,"I don't have specific information about the 2025–26 assessment changes at the University of Liverpool, as my knowledge is current only up to 2023.",,0.0,0.0,
S0_llm_only,V2Q102,multi_document_synthesis,unsupported,The exact details of how these changes clarify the relationship between assessment appeals and other challenge routes would depend on the specific policy updates introduced in that academic year.,,0.0,0.0,
S0_llm_only,V2Q102,multi_document_synthesis,unsupported,"For accurate and up-to-date guidance, I recommend consulting the university's official assessment policies or contacting the Student Support team directly.",,0.0,0.0,
S2_modular_rag,V2Q001,paraphrased,unsupported,The Student Route visa holder must provide evidence of their registration at the other UK HEI to the University of Liverpool within 10 working days of completing their registration.,1,0.0092,0.061,UOL_UKVI_complience.pdf_p11_c3
S2_modular_rag,V2Q002,paraphrased,supported,"To raise concerns about harassment, bullying, discrimination, or victimisation, students or staff should report incidents to their line manager, Head of Department, HR Business Partner, or programme leader, or use the University’s Report and Support provision (named or anonymously).",1,0.9959,0.0723,UOL_diversity-equality-opportunity-policy.pdf_p5_c3
S2_modular_rag,V2Q002,paraphrased,supported,"They should also challenge unlawful behaviour through appropriate reporting or complaints procedures, such as Report & Support.",2,0.9925,0.0354,UOL_diversity-equality-opportunity-policy.pdf_p5_c3
S2_modular_rag,V2Q003,procedural,supported_uncited,The student should discuss their personal circumstances with the Student Support Team before submitting a claim.,,0.9162,0.0072,UOL_undergraduate_handbook.pdf_p35_c2
S2_modular_rag,V2Q003,procedural,supported_uncited,"This is explicitly stated in evidence, which outlines the process for extenuating circumstances and emphasizes seeking advice from the Student Support Team to discuss circumstances and obtain guidance before submitting a claim.",4,0.9519,0.0558,UOL_postgraduate_handbook.pdf_p31_c3
S2_modular_rag,V2Q004,paraphrased,unsupported,The 2025–26 changes include: 1.,,0.1702,0.0049,"UOL_Code,of,Practice,on,Assessment,and,Appendices,2025-26,Summary,of,Changes.pdf_p1_c1"
S2_modular_rag,V2Q004,paraphrased,supported,"The academic integrity categories were simplified: Category A (minor error) was removed, and Categories B–E were relabeled as 1–4.",3,0.9587,0.009,"UOL_Code,of,Practice,on,Assessment,and,Appendices,2025-26,Summary,of,Changes.pdf_p3_c4"
S2_modular_rag,V2Q004,paraphrased,supported,"A new offense, ""self-plagiarism/re-use of work,"" was defined, explicitly addressing the reuse of one’s own submitted work.",3,0.7177,0.0114,"UOL_Code,of,Practice,on,Assessment,and,Appendices,2025-26,Summary,of,Changes.pdf_p3_c4"
S2_modular_rag,V2Q004,paraphrased,supported,Personal extenuating circumstances (PECs) cannot be used to justify academic misconduct but may mitigate penalties for Categories 2–4 if approved under the Additional Considerations Policy.,3,0.9868,0.032,"UOL_Code,of,Practice,on,Assessment,and,Appendices,2025-26,Summary,of,Changes.pdf_p3_c4"
S2_modular_rag,V2Q004,paraphrased,unsupported,These changes are detailed in Evidence.,3,0.0037,0.0037,UOL_undergraduate_handbook.pdf_p36_c9
S2_modular_rag,V2Q005,adversarial_false_premise,unsupported,The University of Liverpool does offer assistance in such cases.,,0.0018,0.0094,UOL_postgraduate_handbook.pdf_p34_c1
S2_modular_rag,V2Q005,adversarial_false_premise,supported,"Evidence states that if jury service interferes with studies, students may need to leave the UK and apply for a new Confirmation of Acceptance for Studies (CAS) from the University.",3,0.9952,0.8734,UOL_postgraduate_handbook.pdf_p34_c1
S2_modular_rag,V2Q005,adversarial_false_premise,contradicted,This implies the University provides support to manage the disruption caused by jury service.,,0.8239,0.629,UOL_undergraduate_handbook.pdf_p38_c7
S2_modular_rag,V2Q005,adversarial_false_premise,supported_uncited,"Therefore, the assumption that the University offers ""no help"" is incorrect.",,0.8335,0.2748,UOL_undergraduate_handbook.pdf_p38_c7
S2_modular_rag,V2Q006,factual,supported,"Students involved in a student-conduct investigation are expected to engage fully with the procedure, including attending investigation meetings, agreeing to meeting notes or statements, and participating in University Disciplinary Panels when required.",1,0.8694,0.0141,UOL_student_conduct1.pdf_p12_c3
S2_modular_rag,V2Q006,factual,supported,"Both reporting and responding students, as well as witnesses, must actively participate in these processes.",2,0.9753,0.0125,UOL_student_conduct1.pdf_p12_c2
S2_modular_rag,V2Q006,factual,supported,"Additionally, a student may be accompanied by one other person (e.g., a friend) at an investigation meeting.",3,0.9879,0.0033,UOL_student_conduct1.pdf_p11_c5
S2_modular_rag,V2Q006,factual,supported,Failure to engage may result in the investigation being closed.,1,0.9805,0.0518,UOL_student_conduct1.pdf_p12_c3
S2_modular_rag,V2Q007,factual,supported,A student can be escalated to Stage Two under the Attendance Policy if they have eight consecutive unauthorised missed contact points.,1 2,0.9976,0.9689,"UOL_StudentAttendancePolicy-REVISEDJUL2025,v1.3.pdf_p7_c1"
S2_modular_rag,V2Q007,factual,contradicted,"This threshold is explicitly stated in both evidence (Section 4.5) and evidence (Section 4.6), which outline that such a pattern of absence triggers escalation to Stage Two.",1 2,0.0848,0.9658,"UOL_StudentAttendancePolicy-REVISEDJUL2025,v1.3.pdf_p7_c1"
S2_modular_rag,V2Q008,procedural,unsupported,"After a student is notified that programme-fee payments remain outstanding, the University will give them 5 working days to settle the outstanding balance.",1,0.3794,0.1306,"UOL_payment_policy_2026,2027.pdf_p7_c3"
S2_modular_rag,V2Q008,procedural,supported,"If the student fails to pay within this period, the University will apply academic sanctions, including restricting access to Library services, removing their MWS account (and access to University IT facilities), and limiting access to the Graduate Document Portal and secure document requests.",5,0.7483,0.0391,"UOL_payment_policy_2026,2027.pdf_p7_c2"
S2_modular_rag,V2Q008,procedural,supported,These sanctions remain in place until the debt is settled or a payment arrangement is established.,5,0.9743,0.0189,"UOL_payment_policy_2026,2027.pdf_p7_c2"
S2_modular_rag,V2Q009,paraphrased,supported,The responding student normally has 7 working days to reply after receiving the investigation report and allegations before Chair's Action.,1,0.9871,0.1989,UOL_student_conduct1.pdf_p15_c4
S2_modular_rag,V2Q010,paraphrased,unsupported,"The Attendance Policy treats the following circumstances as authorized absence, subject to School approval: - Medical appointments - Parental or other caring responsibilities - Bereavement or other compassionate grounds - Unforeseen domestic or other emergencies (e.g., transport strike) - Appointments with Police or visa authority for immigration purposes - Career-related appointments or interviews (e.g., for a placement or internship) - Employment-related absence - Military educational activity or other military service - Religious observance - Vacation or family events - Volunteering service - Jury service - Disability (in accordance with a Student Support Information Sheet) - Elite sport-related absence - Approved University visits, events, workshops, or conferences These are explicitly listed in Evidence and.",2 4,0.0317,0.0294,"UOL_StudentAttendancePolicy-REVISEDJUL2025,v1.3.pdf_p5_c4"
S2_modular_rag,V2Q010,paraphrased,supported,"Other reasons, such as illness or injury, may allow self-certification for up to seven days, but this is distinct from School-approved authorized absence.",3,0.9202,0.0698,"UOL_StudentAttendancePolicy-REVISEDJUL2025,v1.3.pdf_p5_c3"
S2_modular_rag,V2Q011,adversarial_false_premise,supported,The appeal papers must be provided no less than 5 working days prior to the hearing.,1,0.9941,0.0109,UOL_student_conduct1.pdf_p28_c1
S2_modular_rag,V2Q011,adversarial_false_premise,unsupported,Submitting them on the day of the hearing would violate this requirement.,,0.0129,0.0105,UOL_student_conduct1.pdf_p28_c1
S2_modular_rag,V2Q011,adversarial_false_premise,unsupported,"Therefore, the statement is incorrect.",,0.1857,0.177,UOL_student_conduct1.pdf_p28_c2
S2_modular_rag,V2Q012,adversarial_false_premise,unsupported,The statement is incorrect.,,0.0591,0.0993,UOL_postgraduate_handbook.pdf_p24_c3
S2_modular_rag,V2Q012,adversarial_false_premise,supported,Evidence allows up to 10 credits of level 6 modules in combination with level 7 modules for certain awards.,1,0.8872,0.3207,UOL_postgraduate_handbook.pdf_p23_c3
S2_modular_rag,V2Q012,adversarial_false_premise,contradicted,Evidence and also permit level 6 credits (up to 30 credits for a Diploma and up to 20 credits in a programme).,2 4,0.1748,0.9605,UOL_postgraduate_handbook.pdf_p23_c6
S2_modular_rag,V2Q012,adversarial_false_premise,supported,"Evidence further specifies that a Postgraduate Award requires 120 credits, which may include level 6 modules.",5,0.8384,0.8314,UOL_postgraduate_handbook.pdf_p23_c6
S2_modular_rag,V2Q012,adversarial_false_premise,supported_uncited,"Thus, level 6 credit is permitted under specific conditions.",,0.965,0.1903,UOL_postgraduate_handbook.pdf_p23_c6
S2_modular_rag,V2Q013,factual,supported,"The University Disciplinary Panel may impose serious sanctions such as suspension or permanent debarment from University facilities or services, suspension from studies, or a delay to graduation for Category 3 breaches.",1,0.7812,0.3439,UOL_student_conduct2.pdf_p3_c4
S2_modular_rag,V2Q013,factual,supported,"Additionally, these sanctions may include other consequences determined by the panel to ensure proportionality.",3,0.9354,0.0075,UOL_student_conduct2.pdf_p3_c3
S2_modular_rag,V2Q014,factual,supported_uncited,A full-time student cannot normally claim extenuating circumstances due to employment interference with study or a resit.,,0.9923,0.0579,UOL_extenuating_circumstances_policy.pdf_p10_c3
S2_modular_rag,V2Q014,factual,contradicted,"Evidence explicitly states that full-time students are ""not normally eligible to claim for extenuating circumstances in relation to employment,"" including resit examinations.",1,0.0232,0.9741,UOL_extenuating_circumstances_policy.pdf_p16_c6
S2_modular_rag,V2Q014,factual,unsupported,Evidence reinforces this by reiterating that full-time students are ineligible for employment-related claims.,2,0.0064,0.0137,UOL_extenuating_circumstances_policy.pdf_p10_c4
S2_modular_rag,V2Q015,adversarial_false_premise,supported_uncited,The evidence does not support the assumption that registration and fee liability automatically stop if a student stops attending without completing the formal withdrawal or suspension process.,,0.9949,0.03,UOL_postgraduate_handbook.pdf_p33_c5
S2_modular_rag,V2Q015,adversarial_false_premise,supported,"Instead, the evidence explicitly states that registration remains active even after formal withdrawal or suspension (e.g.,,,,).",1 2 3 4,0.8199,0.9333,UOL_postgraduate_handbook.pdf_p33_c5
S2_modular_rag,V2Q015,adversarial_false_premise,supported_uncited,"Failure to complete the formal process does not trigger automatic cessation of registration or fee liability; instead, the University may still hold the student accountable for fees unless the process is properly followed.",,0.9771,0.1369,UOL_postgraduate_handbook.pdf_p33_c5
S2_modular_rag,V2Q015,adversarial_false_premise,contradicted,"ANSWER: No, this is incorrect.",,0.47,0.945,UOL_postgraduate_handbook.pdf_p33_c5
S2_modular_rag,V2Q015,adversarial_false_premise,supported,The evidence indicates that registration remains active even after formal withdrawal or suspension.,1 2 3 4,0.9978,0.0105,UOL_postgraduate_handbook.pdf_p33_c5
S2_modular_rag,V2Q015,adversarial_false_premise,supported_uncited,"Without completing the formal process, registration and fee liability do not automatically stop.",,0.9966,0.0612,UOL_postgraduate_handbook.pdf_p33_c5
S2_modular_rag,V2Q016,factual,supported_uncited,"The attendance requirements of the professional body, sponsor, or degree apprenticeship provider take priority if they are stricter than the University's minimum.",,0.9661,0.0123,"UOL_StudentAttendancePolicy-REVISEDJUL2025,v1.3.pdf_p2_c3"
S2_modular_rag,V2Q016,factual,unsupported,"This is explicitly stated in the evidence, which notes that ""the requirements of the PSRB, sponsor and/or degree apprenticeship provider shall prevail"" when their requirements exceed the University's policy.",1,0.1455,0.0581,"UOL_StudentAttendancePolicy-REVISEDJUL2025,v1.3.pdf_p2_c3"
S2_modular_rag,V2Q017,procedural,unsupported,"The sanctions that may follow a Category 2 student-conduct breach include: - Appropriate Category 1 sanctions - Final written warning - Mandatory attendance at a workshop or course (at the student’s expense) - Restorative action (e.g., reflective statement or project) - Restricted ability to contact the complainant - Requirement that the student does not represent the University in a paid or unpaid capacity for a specified period These sanctions are outlined in evidence, which details the possible disciplinary actions for Category 2 breaches.",1,0.1108,0.1488,UOL_undergraduate_handbook.pdf_p40_c6
S2_modular_rag,V2Q018,paraphrased,supported,"The answer is based on evidence, which specifies that for students on taught programmes of study, formal complaints about academic matters should be submitted to the relevant Dean of School/Institute or their equivalent via the School/Institute Manager.",1,0.8038,0.1343,"UOL_Student,Complaints,Policy,and,Procedure.pdf_p12_c2"
S2_modular_rag,V2Q020,paraphrased,supported_uncited,The answer is that normally one re-sit or re-take is allowed for each affected assessment.,,0.978,0.031,UOL_extenuating_circumstances_policy.pdf_p15_c4
S2_modular_rag,V2Q020,paraphrased,unsupported,"This is specified in evidence, which states: ""You will be permitted one re-sit/re-take of each of the examinations/assessments judged by the Extenuating Circumstances Committee to have been affected by extenuating circumstances.""",2,0.02,0.0151,UOL_extenuating_circumstances_policy.pdf_p15_c3
S2_modular_rag,V2Q022,paraphrased,supported,The protections for a student making a complaint in good faith include being treated fairly and not suffering any disadvantage or recrimination as a result of the complaint.,1 2,0.9986,0.0315,"UOL_Student,Complaints,Policy,and,Procedure.pdf_p6_c1"
S2_modular_rag,V2Q022,paraphrased,supported,"Additionally, the student has a responsibility to ensure the complaint is not made frivolously, with malice, or vexatiously, as such actions may lead to disciplinary measures under the Student Conduct Policy.",2,0.9857,0.0119,"UOL_Student,Complaints,Policy,and,Procedure.pdf_p9_c2"
S2_modular_rag,V2Q023,adversarial_false_premise,unsupported,The statement is incorrect.,,0.2876,0.0666,"UOL_Student,Complaints,Policy,and,Procedure.pdf_p17_c2"
S2_modular_rag,V2Q023,adversarial_false_premise,supported,"According to, the Reviewer ""will not normally correspond with or meet with the student during the course of their Review,"" with exceptions only for setting deadlines.",1,0.9979,0.0814,"UOL_Student,Complaints,Policy,and,Procedure.pdf_p17_c3"
S2_modular_rag,V2Q023,adversarial_false_premise,supported_uncited,"This directly contradicts the claim that they must ""always"" meet or correspond.",,0.9305,0.012,"UOL_Student,Complaints,Policy,and,Procedure.pdf_p17_c3"
S2_modular_rag,V2Q024,factual,supported,The Student Route visa holder who reaches Stage Three and fails to meet the agreed re-engagement conditions must be referred to the UKVI Attendance Compliance Panel.,1,0.9936,0.0757,"UOL_StudentAttendancePolicy-REVISEDJUL2025,v1.3.pdf_p9_c5"
S2_modular_rag,V2Q024,factual,supported,"This referral is required within ten working days, and the student is not obligated to attend unless specifically invited.",1,0.9904,0.0159,"UOL_StudentAttendancePolicy-REVISEDJUL2025,v1.3.pdf_p9_c5"
S2_modular_rag,V2Q025,factual,supported,"The Undergraduate Handbook recommends the following basic security precautions: - Reporting issues immediately to necessary personnel (e.g., security).",1,0.9404,0.0012,UOL_undergraduate_handbook.pdf_p13_c9
S2_modular_rag,V2Q025,factual,supported,Making the University’s security arrangements if living in private rented accommodation.,1,0.9939,0.0013,UOL_undergraduate_handbook.pdf_p13_c9
S2_modular_rag,V2Q025,factual,supported,Utilizing a two-way radio system between the office building and outside security staff to ensure immediate assistance in emergencies.,1,0.9933,0.0008,UOL_undergraduate_handbook.pdf_p13_c9
S2_modular_rag,V2Q025,factual,unsupported,These precautions are explicitly stated in the evidence.,1,0.004,0.0015,UOL_undergraduate_handbook.pdf_p13_c9
S2_modular_rag,V2Q026,paraphrased,contradicted,"According to the Postgraduate Handbook, students should protect belongings by avoiding leaving valuables unattended, especially after dark, and report crimes immediately to necessary authorities or through Report and Support.",1 2,0.3029,0.9931,UOL_postgraduate_handbook.pdf_p12_c6
S2_modular_rag,V2Q026,paraphrased,supported,Report and Support is not a complaints process but can provide advice on making a complaint.,2,0.9871,0.4199,UOL_postgraduate_handbook.pdf_p12_c6
S2_modular_rag,V2Q027,paraphrased,supported,"The purpose of the Stage Two attendance meeting is to discuss the student's absence in detail and collaboratively develop an action plan to address any academic or pastoral support needs, with the expectation that the student will resume attendance as soon as possible after agreeing to the plan.",1 2,0.9948,0.8992,"UOL_StudentAttendancePolicy-REVISEDJUL2025,v1.3.pdf_p7_c2"
S2_modular_rag,V2Q028,procedural,supported,"The evidence and state that if a student cannot receive meningitis immunisation on the University's premises, they should see their family doctor and contact Student Health at +44 (0)151 285 4578 for advice.",1 2,0.9196,0.8862,UOL_undergraduate_handbook.pdf_p15_c7
S2_modular_rag,V2Q029,paraphrased,supported,"The University undertakes an annual risk-based review of all outstanding programme fee debts, and the results of this review inform its decision-making before applying academic sanctions.",1,0.9621,0.0057,"UOL_payment_policy_2026,2027.pdf_p7_c5"
S2_modular_rag,V2Q030,procedural,unsupported,"Students experiencing financial hardship can seek support through the University Hardship Fund, contact Money Advice and Guidance, or reach out to the Student Fees and Funding Office.",1 2 3 4,0.0532,0.0779,UOL_postgraduate_handbook.pdf_p19_c7
S2_modular_rag,V2Q030,procedural,supported,"Additionally, the Information and Advice Group (IAG) can provide guidance and referrals.",2,0.5912,0.0115,UOL_postgraduate_handbook.pdf_p19_c7
S2_modular_rag,V2Q031,factual,contradicted,"The undergraduate degree classification is primarily determined by the student's overall academic performance, including achieving 120 credits and meeting a passing average.",,0.4374,0.824,UOL_undergraduate_handbook.pdf_p26_c10
S2_modular_rag,V2Q031,factual,supported,"Specifically, in Years Two and Three, the passing average counts fully towards the degree, and a 55% average in Year Three may qualify for a Bachelor’s degree.",3,0.9916,0.7485,UOL_undergraduate_handbook.pdf_p26_c10
S2_modular_rag,V2Q032,factual,supported_uncited,The factors considered when deciding whether conduct has the effect required for harassment are: 1.,,0.9845,0.0469,UOL_diversity-equality-opportunity-policy.pdf_p23_c1
S2_modular_rag,V2Q032,factual,supported,"The perception of the person (e.g., whether they regarded the conduct as violating their dignity).",1,0.9661,0.332,UOL_diversity-equality-opportunity-policy.pdf_p23_c1
S2_modular_rag,V2Q032,factual,supported,"The other circumstances of the incident, including personal circumstances (e.g., mental health, culture), the environment, and the situation.",1,0.9807,0.0787,UOL_diversity-equality-opportunity-policy.pdf_p23_c1
S2_modular_rag,V2Q032,factual,supported,"Whether it is reasonable for the conduct to have that effect (an objective test, such as whether a normal person would expect the incident to be harassment).",1,0.992,0.1921,UOL_diversity-equality-opportunity-policy.pdf_p23_c1
S2_modular_rag,V2Q033,paraphrased,supported_uncited,An international student might need a new or updated ATAS certificate in the following situations: 1.,,0.9837,0.1826,UOL_UKVI_complience.pdf_p12_c4
S2_modular_rag,V2Q033,paraphrased,supported,If they extend their studies or research for more than three months on an ATAS-applicable programme.,1,0.8929,0.3744,UOL_UKVI_complience.pdf_p12_c4
S2_modular_rag,V2Q033,paraphrased,supported,If they transfer to a new programme of study or change their research discipline to a subject area requiring ATAS clearance.,1 2,0.9122,0.7791,UOL_UKVI_complience.pdf_p12_c3
S2_modular_rag,V2Q033,paraphrased,supported_uncited,These requirements ensure the ATAS certificate aligns with their current academic or research focus and visa compliance.,,0.8643,0.0128,UOL_UKVI_complience.pdf_p12_c3
S2_modular_rag,V2Q034,procedural,supported,"Schools or Institutes are expected to ensure that assessment processes are rigorous, fair, and fairly operated in line with institutional regulations.",1,0.7973,0.0087,UOL_postgraduate_handbook.pdf_p27_c3
S2_modular_rag,V2Q035,reasoning,supported_uncited,"The new mark from a re-assessment treated as an uncapped first attempt replaces any previous mark, even if the original mark was higher.",,0.9873,0.0655,UOL_extenuating_circumstances_policy.pdf_p15_c5
S2_modular_rag,V2Q035,reasoning,unsupported,"This is because the re-assessment is considered a ""first attempt"" and the Board of Examiners will not take into account the original claim or mark when determining progression or final degree classification.",1 2 3 5,0.4151,0.2002,UOL_extenuating_circumstances_policy.pdf_p13_c4
S2_modular_rag,V2Q036,paraphrased,contradicted,"The University's equality policy states that unwanted conduct related to a protected characteristic (such as age, disability, gender reassignment, race, religion or belief, sex, or sexual orientation) or of a sexual nature may amount to harassment.",,0.9806,0.6159,UOL_diversity-equality-opportunity-policy.pdf_p20_c3
S2_modular_rag,V2Q036,paraphrased,supported,"This includes behavior that violates a person’s dignity or creates an intimidating, hostile, degrading, humiliating, or offensive environment.",5,0.9924,0.0709,UOL_diversity-equality-opportunity-policy.pdf_p20_c4
S2_modular_rag,V2Q036,paraphrased,contradicted,"Specific examples of harassment include ageism, disability-related harassment, homophobia, racism, religious-related harassment, sexism, and transphobia.",4,0.253,0.6491,UOL_diversity-equality-opportunity-policy.pdf_p22_c1
S2_modular_rag,V2Q036,paraphrased,supported,"Additionally, harassment can occur even if the victim does not share the protected characteristic, such as when someone is associated with or wrongly assumed to have a protected characteristic.",4,0.8798,0.0148,UOL_diversity-equality-opportunity-policy.pdf_p22_c1
S2_modular_rag,V2Q038,reasoning,supported_uncited,The Postgraduate Handbook advises students to use the correct academic regulations and codes for their cohort and degree because these regulations and codes are updated over time and are specifically tailored to the student's program and level of study.,,0.9604,0.064,UOL_postgraduate_handbook.pdf_p22_c7
S2_modular_rag,V2Q038,reasoning,unsupported,"This ensures that students follow the most current and relevant guidelines for their academic progression, which is essential for maintaining standards and eligibility for their award.",1,0.4231,0.007,UOL_postgraduate_handbook.pdf_p22_c7
S2_modular_rag,V2Q039,paraphrased,supported,"The Student Loans Company (SLC) pays a 2026–27 programme-fee loan to the University in three disbursements on specific dates: 28 September 2026 (25% of the fee), 11 January 2027 (25%), and 5 April 2027 (50%).",1,0.9197,0.0867,"UOL_payment_policy_2026,2027.pdf_p2_c3"
S2_modular_rag,V2Q040,factual,supported_uncited,"Yes, complaints about harassment or sexual misconduct can be handled under policies other than the Student Complaints Policy.",,0.9897,0.2104,"UOL_Student,Complaints,Policy,and,Procedure.pdf_p2_c3"
S2_modular_rag,V2Q040,factual,supported,For example: - Complaints by students against staff may be addressed under the Bullying and Harassment Policy or Staff Disciplinary Procedures.,1,0.9918,0.3821,"UOL_Student,Complaints,Policy,and,Procedure.pdf_p9_c1"
S2_modular_rag,V2Q040,factual,supported,"Complaints related to harassment and sexual misconduct (including staff towards students or students towards students) may be dealt with via the Bullying and Harassment Policy, Student Conduct Policy, or Staff Disciplinary Policy.",2 3,0.9861,0.2755,"UOL_Student,Complaints,Policy,and,Procedure.pdf_p2_c3"
S2_modular_rag,V2Q040,factual,supported,"The Student Conduct Policy and other connected policies (e.g., Bullying and Harassment Policy, Staff Disciplinary Procedures) are explicitly linked to handling such complaints.",4,0.9695,0.0465,"UOL_Student,Complaints,Policy,and,Procedure.pdf_p2_c3"
S2_modular_rag,V2Q040,factual,supported,"Thus, multiple policies beyond the Student Complaints Policy itself can apply depending on the nature of the complaint.",1 2 3 4,0.8949,0.2519,"UOL_Student,Complaints,Policy,and,Procedure.pdf_p2_c3"
S2_modular_rag,V2Q041,factual,supported,"If accepted extenuating circumstances affect an undergraduate student's final-year performance but enough assessed work exists to determine an award, the Extenuating Circumstances Committee will recommend an award (including the class of the award) to the student.",1,0.7861,0.0649,UOL_extenuating_circumstances_policy.pdf_p13_c5
S2_modular_rag,V2Q041,factual,supported,The student may then choose to accept that award or opt to re-take/re-sit the missed/affected assessments.,1,0.9918,0.0718,UOL_extenuating_circumstances_policy.pdf_p13_c5
S2_modular_rag,V2Q042,factual,supported_uncited,"The evidence does not explicitly classify ""unauthorised use of University premises"" in the indicative student-conduct sanctions table.",,0.8971,0.2215,UOL_undergraduate_handbook.pdf_p39_c1
S2_modular_rag,V2Q042,factual,supported,"However, evidence mentions ""Unauthorised entry into another student’s room within their accommodation"" as a breach, which is a specific instance of unauthorised use of premises.",4,0.8982,0.3534,UOL_undergraduate_handbook.pdf_p39_c5
S2_modular_rag,V2Q042,factual,contradicted,No general classification for unauthorised use of University premises (beyond this specific case) is provided in the evidence.,,0.2716,0.7667,UOL_undergraduate_handbook.pdf_p39_c1
S2_modular_rag,V2Q042,factual,contradicted,ANSWER: The evidence does not provide a general classification for unauthorised use of University premises in the sanctions table.,,0.5654,0.6733,UOL_undergraduate_handbook.pdf_p39_c1
S2_modular_rag,V2Q042,factual,contradicted,"It only specifies ""Unauthorised entry into another student’s room"" as a breach.",4,0.0392,0.9972,UOL_undergraduate_handbook.pdf_p39_c5
S2_modular_rag,V2Q043,procedural,supported_uncited,"During a Master's dissertation or PhD writing-up period, a Student visa holder should treat this time as term time.",,0.9978,0.0007,UOL_student_guide_visa_holders.pdf_p2_c4
S2_modular_rag,V2Q043,procedural,supported,This means they must not work more than 20 hours per week and should remain living in the Liverpool area.,1,0.9962,0.0014,UOL_student_guide_visa_holders.pdf_p2_c4
S2_modular_rag,V2Q044,reasoning,supported_uncited,"Yes, the University can start a student-conduct investigation from an anonymous report under specific conditions.",,0.9825,0.0205,"UOL_Student,Complaints,Policy,and,Procedure.pdf_p7_c4"
S2_modular_rag,V2Q044,reasoning,supported,"Evidence states that an investigation may be initiated from an anonymous complaint if there is evidence to support a potential breach (e.g., CCTV footage or social media posts).",1,0.8075,0.2013,UOL_student_conduct1.pdf_p3_c3
S2_modular_rag,V2Q044,reasoning,supported,"Additionally, evidence clarifies that while anonymous allegations are not always investigable, exceptions exist (e.g., genuine fear or risk of reprisals) where withholding the reporting party’s identity may be considered on a case-by-case basis.",3,0.862,0.5657,UOL_student_conduct1.pdf_p3_c2
S2_modular_rag,V2Q045,paraphrased,supported,"When an international student's personal contact details change, they must inform the University via completion of the relevant online portal as soon as it is reasonable and practicable for them to do so.",1,0.9813,0.1063,UOL_UKVI_complience.pdf_p14_c1
S2_modular_rag,V2Q046,factual,supported,The student can contact the Student Administration Centre via the following methods: - Live Chat at liverpool.service-now.com/sas - Phone at 0151 7946758 - Email at studentcentre@liverpool.ac.uk,1,0.9899,0.0921,UOL_student_guide_visa_holders.pdf_p13_c1
S2_modular_rag,V2Q047,reasoning,supported_uncited,The evidence does not explicitly state that a student can normally re-sit a passed module solely to improve the mark after an accepted Personal Extenuating Circumstances claim.,,0.9978,0.0079,UOL_postgraduate_handbook.pdf_p27_c9
S2_modular_rag,V2Q047,reasoning,supported_uncited,"Instead, the options are either to re-assess (with the possibility of improving the mark, as per and) or to keep the original mark, with the Board of Examiners considering the impact on degree classification.",1 2 5,0.8974,0.2908,UOL_extenuating_circumstances_policy.pdf_p13_c2
S2_modular_rag,V2Q047,reasoning,supported_uncited,Re-sitting a passed module for improvement is not presented as a standard or automatic right but requires committee approval.,,0.9665,0.1879,UOL_extenuating_circumstances_policy.pdf_p15_c1
S2_modular_rag,V2Q047,reasoning,contradicted,"ANSWER: No, the evidence does not indicate that a student can normally re-sit a passed module simply to improve the mark after an accepted claim.",,0.9919,0.8558,UOL_postgraduate_handbook.pdf_p27_c9
S2_modular_rag,V2Q047,reasoning,supported_uncited,"Re-assessment is permitted only if the Extenuating Circumstances Committee approves it, and the student must follow the specific guidelines outlined in the policy.",1 5,0.5718,0.0201,UOL_postgraduate_handbook.pdf_p27_c9
S2_modular_rag,V2Q051,procedural,supported_uncited,"To protect their immigration status while studying at the University of Liverpool, a Student visa holder must comply with the work restrictions outlined in their visa conditions.",,0.5908,0.0656,UOL_student_guide_visa_holders.pdf_p10_c4
S2_modular_rag,V2Q051,procedural,contradicted,"Specifically, they should avoid activities such as opening a business, working self-employed, acting as an employer, or engaging in professional sports or entertainment work, as these are prohibited under their Student visa.",3,0.1033,0.9972,UOL_student_guide_visa_holders.pdf_p3_c1
S2_modular_rag,V2Q051,procedural,supported_uncited,"Additionally, they must ensure they meet all immigration requirements and maintain valid documentation, as the University is responsible for verifying and retaining their immigration records.",1,0.7219,0.426,UOL_UKVI_complience.pdf_p6_c1
S2_modular_rag,V2Q051,procedural,supported_uncited,Failure to adhere to these rules could jeopardize their status.,,0.9809,0.0044,UOL_student_guide_visa_holders.pdf_p3_c1
S2_modular_rag,V2Q052,paraphrased,unsupported,"If a postgraduate student becomes a victim of crime and requires ongoing support, they should contact the Wellbeing Team in the Alsop Building.",1,0.0073,0.0007,UOL_postgraduate_handbook.pdf_p14_c8
S2_modular_rag,V2Q052,paraphrased,unsupported,This is explicitly stated in the Postgraduate Handbook as the recommended step for addressing ongoing support needs after a crime.,,0.0009,0.0034,UOL_postgraduate_handbook.pdf_p14_c8
S2_modular_rag,V2Q052,paraphrased,supported_uncited,"Additional actions, such as reporting to the police or using the online reporting tool, are also mentioned but are not the primary focus for ongoing support.",,0.7617,0.0067,UOL_postgraduate_handbook.pdf_p14_c8
S2_modular_rag,V2Q053,reasoning,supported_uncited,The importance of notifying the School before a missed examination or assessment lies in ensuring the absence is authorized.,,0.9923,0.0254,UOL_extenuating_circumstances_policy.pdf_p3_c3
S2_modular_rag,V2Q053,reasoning,supported,"According to, if you are unable to attend an examination or assessment due to illness or other unavoidable circumstances, you must inform your department/school before the event occurs, preferably in writing or by email.",3,0.9961,0.9947,UOL_extenuating_circumstances_policy.pdf_p4_c2
S2_modular_rag,V2Q053,reasoning,unsupported,"This step is critical because it allows the School to formally recognize the absence as authorized, which is a prerequisite for the Extenuating Circumstances Committee to consider your claim.",,0.1167,0.0057,UOL_extenuating_circumstances_policy.pdf_p3_c3
S2_modular_rag,V2Q053,reasoning,supported_uncited,"Without prior notification, the absence may not be validated, potentially invalidating your request for re-assessment or other accommodations.",,0.9685,0.2037,UOL_extenuating_circumstances_policy.pdf_p3_c3
S2_modular_rag,V2Q055,paraphrased,supported,"If you are a victim of a crime, you should first report this to the Police.",2,0.8186,0.1108,UOL_postgraduate_handbook.pdf_p14_c1
S2_modular_rag,V2Q055,paraphrased,unsupported,"Then, you should contact Campus Support or the Wellbeing Team for further support.",2 3,0.0117,0.0082,UOL_postgraduate_handbook.pdf_p14_c7
S2_modular_rag,V2Q055,paraphrased,unsupported,You can also report the incident via the online reporting tool.,3 4,0.3777,0.0274,UOL_undergraduate_handbook.pdf_p14_c8
S2_modular_rag,V2Q056,reasoning,unsupported,"The conduct policy requires reliable identification before treating a substance as a Class A controlled drug to ensure accurate classification, as the sanctions for Class A drugs are more severe.",,0.024,0.0312,UOL_student_conduct2.pdf_p10_c3
S2_modular_rag,V2Q056,reasoning,supported,"This is explicitly stated in, which specifies that possession, supply, or production is treated as a Class A drug only if the student or a qualified individual identifies it as such.",1,0.7877,0.1942,UOL_student_conduct2.pdf_p10_c3
S2_modular_rag,V2Q056,reasoning,unsupported,"further supports this by noting the University may classify a substance as a specific controlled drug based on probable identification, emphasizing the need for reliable evidence to avoid misclassification.",2,0.3739,0.0933,UOL_student_conduct2.pdf_p10_c3
S2_modular_rag,V2Q057,procedural,contradicted,"After a disciplinary panel finds a breach and hears the reporting student's impact statement, the following occurs: 1.",,0.4938,0.8304,UOL_student_conduct1.pdf_p20_c1
S2_modular_rag,V2Q057,procedural,supported,The reporting student is asked to leave the hearing but may remain to hear details of the sanctions imposed that are relevant to them.,3,0.9918,0.9945,UOL_student_conduct1.pdf_p21_c3
S2_modular_rag,V2Q057,procedural,supported,The Chair reviews the impact statement submitted by the reporting student before any sanctions are imposed.,5,0.9331,0.0966,UOL_student_conduct1.pdf_p16_c2
S2_modular_rag,V2Q057,procedural,supported,"The responding student may address the impact statement during their time in the hearing, but this is not an opportunity to raise new allegations.",3,0.996,0.0332,UOL_student_conduct1.pdf_p21_c3
S2_modular_rag,V2Q057,procedural,supported,"Sanctions are determined based on the breach, the impact statement, and any mitigating factors raised by the responding student.",5,0.9493,0.0875,UOL_student_conduct1.pdf_p16_c2
S2_modular_rag,V2Q057,procedural,supported_uncited,This process ensures the impact of the breach is considered before finalizing sanctions.,,0.8427,0.0162,UOL_student_conduct1.pdf_p21_c2
S2_modular_rag,V2Q058,factual,unsupported,The postgraduate student can request a review of the Board of Examiners' decision if dissatisfied with the outcome.,,0.0031,0.0019,UOL_undergraduate_handbook.pdf_p42_c1
S2_modular_rag,V2Q058,factual,supported,"This is supported by, which states that students dissatisfied with the outcome may be entitled to request a Review of the decision.",5,0.8619,0.0035,UOL_undergraduate_handbook.pdf_p42_c1
S2_modular_rag,V2Q059,paraphrased,supported,"A concern should move from Early Resolution to the Formal Complaint stage if the student is dissatisfied with the Early Resolution response, feels unable to approach the person directly against whom the complaint is made, or believes the complaint is serious enough to require formal resolution.",1,0.9971,0.2188,"UOL_Student,Complaints,Policy,and,Procedure.pdf_p12_c1"
S2_modular_rag,V2Q060,factual,supported_uncited,The reassessment opportunity available to an undergraduate student who fails up to 30 credits in the final year but still achieves an honours-level average is explicitly stated in.,4,0.6128,0.0637,UOL_undergraduate_handbook.pdf_p31_c3
S2_modular_rag,V2Q060,factual,supported,"According to, such students ""will be allowed re-assessment of the failed modules"" if they meet the criteria for a classified honours degree.",4,0.9829,0.865,UOL_undergraduate_handbook.pdf_p30_c2
S2_modular_rag,V2Q060,factual,supported_uncited,This directly addresses the scenario described in the question.,,0.9361,0.0657,UOL_undergraduate_handbook.pdf_p31_c3
S2_modular_rag,V2Q061,factual,contradicted,"The roles are divided such that the Academic Integrity Office (AIO) investigates academic-integrity offences, and the Academic Integrity Committee (AIC) makes recommendations to the relevant Board of Examiners based on the AIO's findings.",1,0.4677,0.7265,"UOL_Code,of,Practice,on,Assessment,and,Appendices,2025-26,Summary,of,Changes.pdf_p4_c1"
S2_modular_rag,V2Q062,procedural,supported,"When a self-funding student pays the remaining programme fee, the treatment of their tuition-fee deposit depends on their payment method: - If paying in full, the deposit is deducted from the full payment amount.",1,0.9225,0.0811,"UOL_payment_policy_2026,2027.pdf_p5_c4"
S2_modular_rag,V2Q062,procedural,supported,"If paying in instalments (as per sections 4.5–4.7), the deposit is deducted from the first payment instalment, not the overall fee.",1,0.9607,0.1273,"UOL_payment_policy_2026,2027.pdf_p5_c4"
S2_modular_rag,V2Q062,procedural,contradicted,This guidance is specific to self-funding students and their payment arrangements.,,0.9755,0.9907,"UOL_payment_policy_2026,2027.pdf_p3_c3"
S2_modular_rag,V2Q063,reasoning,contradicted,"The updated Recognition of Prior Learning (RPL) policy implies that prior credit must be matched to specific learning outcomes of the programme, rather than being applied as ""general credit."" This is explicitly stated in evidence, which removes references to ""general credit"" and clarifies that credit can only be recognized against specific learning outcomes.",3,0.4414,0.8857,"UOL_Code,of,Practice,on,Assessment,and,Appendices,2025-26,Summary,of,Changes.pdf_p6_c1"
S2_modular_rag,V2Q064,paraphrased,supported_uncited,"The University recalculates programme fees when a student does not register, leaves, or interrupts their study during the academic session, as stated in the Payment Policy 2026-27.",1,0.5106,0.4983,UOL_student_guide_visa_holders.pdf_p5_c2
S2_modular_rag,V2Q065,paraphrased,supported,"The evidence normally required for a claim related to religious observance includes independent documentary evidence (e.g., a letter from a minister or religious leader) to demonstrate the requirement to attend or participate in the observance and the reasons why attendance could not be rescheduled to a time that did not conflict with studies or assessments.",1,0.9946,0.8233,UOL_extenuating_circumstances_policy.pdf_p10_c3
S2_modular_rag,V2Q066,reasoning,supported_uncited,A student should include all relevant issues and evidence when requesting a Review of a formal complaint because the Review process requires the student to provide comprehensive information to support their case.,,0.959,0.0962,"UOL_Student,Complaints,Policy,and,Procedure.pdf_p13_c1"
S2_modular_rag,V2Q066,reasoning,supported,"Specifically, states that a Review request must include ""all relevant documentation or other evidence which they wish to be taken into consideration,"" ensuring the Review can fully assess the complaint and any new grounds for appeal.",2,0.7798,0.117,"UOL_Student,Complaints,Policy,and,Procedure.pdf_p13_c1"
S2_modular_rag,V2Q066,reasoning,unsupported,This requirement ensures transparency and fairness in evaluating the complaint during the Review stage.,,0.0053,0.0015,"UOL_Student,Complaints,Policy,and,Procedure.pdf_p16_c2"
S2_modular_rag,V2Q067,paraphrased,contradicted,"If IAG assesses an appeal or administrative review as unlikely to succeed (i.e., likely to fail), the student will be advised to voluntarily suspend or withdraw from their studies.",,0.9744,0.7791,UOL_UKVI_complience.pdf_p13_c3
S2_modular_rag,V2Q067,paraphrased,contradicted,"This action will result in the University reporting the change to UKVI, withdrawing its sponsorship, and requiring the student to leave the UK.",,0.9942,0.9763,UOL_UKVI_complience.pdf_p13_c3
S2_modular_rag,V2Q067,paraphrased,supported,"To return to study, the student would need a new CAS to apply for a new Student visa.",3,0.9833,0.9977,UOL_UKVI_complience.pdf_p13_c3
S2_modular_rag,V2Q068,factual,supported,"If a student requests a late Review of a Formal Complaint outcome, they must submit the request in writing to the Director of Student Experience and Enhancement, including the reason for the delay in submission and any documentary evidence supporting that reason.",2,0.9958,0.0186,"UOL_Student,Complaints,Policy,and,Procedure.pdf_p16_c2"
S2_modular_rag,V2Q069,paraphrased,supported,The University commits to stating that it wishes for the student to be granted permission to enter and remain in the UK to study at the University when it issues a Confirmation of Acceptance for Studies (CAS) under its Student sponsor licence.,1,0.9913,0.6271,UOL_UKVI_complience.pdf_p3_c1
S2_modular_rag,V2Q070,paraphrased,unsupported,"The Postgraduate Handbook covers student conduct (e.g., sanctions for breaches of rules) and programme rules (e.g., eligibility requirements, academic standards, and research requirements) in its sections.",,0.1058,0.0598,UOL_postgraduate_handbook.pdf_p22_c6
S2_modular_rag,V2Q070,paraphrased,contradicted,"Student conduct is addressed in (Payment Policy 2026-27), which outlines sanctions for breaches of conduct rules or defaulting on payments.",1,0.0204,0.593,"UOL_payment_policy_2026,2027.pdf_p1_c4"
S2_modular_rag,V2Q070,paraphrased,unsupported,"Programme rules are covered in and (Postgraduate Handbook), which discuss eligibility for programmes, academic benchmarks, research requirements, and modular programme structures.",2 3,0.0897,0.0343,UOL_postgraduate_handbook.pdf_p22_c6
S2_modular_rag,V2Q071,factual,supported,A graduate can apply for the Graduate Route visa after being successfully awarded an eligible qualification and after receiving confirmation from the University that a report has been.,1,0.8442,0.2897,UOL_student_guide_visa_holders.pdf_p11_c3
S2_modular_rag,V2Q072,reasoning,supported,"The Diversity and Equality of Opportunity Policy serves as the overarching framework for the University’s approach to equality, with other policies and plans (such as the Equality Objectives Action Plan, Athena Swan Action Plan, and Race Equality Charter Action Plan) supporting or embedded within this framework.",1,0.9932,0.0374,UOL_diversity-equality-opportunity-policy.pdf_p30_c1
S2_modular_rag,V2Q072,reasoning,supported,"Additionally, the policy is underpinned by institutional strategies and policies where diversity and equality are integrated, as listed in Appendix D.",4,0.9891,0.0087,UOL_diversity-equality-opportunity-policy.pdf_p11_c1
S2_modular_rag,V2Q073,adversarial_false_premise,unsupported,The statement is incorrect.,,0.2317,0.0256,UOL_postgraduate_handbook.pdf_p36_c1
S2_modular_rag,V2Q073,adversarial_false_premise,supported,"According to, there is ""no right of appeal against actions taken under Informal Resolution."" While a student may request a review via Local Disciplinary Action procedures, this is not an automatic right.",1,0.9949,0.9716,UOL_student_conduct1.pdf_p4_c2
S2_modular_rag,V2Q073,adversarial_false_premise,contradicted,",,, and all confirm that appeals are not permitted against Informal Resolution outcomes.",2 3 4 5,0.1113,0.9952,UOL_undergraduate_handbook.pdf_p40_c6
S2_modular_rag,V2Q074,factual,nei,The evidence does not provide information indicating that a retrospective extenuating circumstances claim about a previous resit could affect how a later resit attempt is counted.,,0.0,0.0,
S2_modular_rag,V2Q074,factual,contradicted,"The policies described focus on adjusting outcomes for the same resit attempt (e.g., treating it as a first attempt or disregarding it) but do not address impacts on subsequent resits.",,0.8171,0.6164,UOL_extenuating_circumstances_policy.pdf_p15_c5
S2_modular_rag,V2Q074,factual,contradicted,"Answer: No, based on the provided evidence, there is no mention of retrospective claims about a previous resit affecting the counting of a later resit attempt.",,0.5684,0.5942,UOL_extenuating_circumstances_policy.pdf_p16_c5
S2_modular_rag,V2Q075,procedural,supported,"When no independent documentary evidence is available, an extenuating-circumstances claim can be supported by providing evidence that you alerted someone within the University (e.g., an academic adviser, teaching support staff, or a central support service) at the time of the difficulties.",1,0.9981,0.0645,UOL_extenuating_circumstances_policy.pdf_p7_c2
S2_modular_rag,V2Q076,reasoning,supported_uncited,"A responding student has the following support and representation options during a conduct investigation meeting: - They may be accompanied by one other person (e.g., a friend or family member) for support, though the Guild of Students’ Advice Service is recommended as a more effective option.",2 5,0.6832,0.0052,UOL_student_conduct1.pdf_p18_c1
S2_modular_rag,V2Q076,reasoning,supported,"They can seek independent legal advice at their own expense, and their statements can be compiled by a legally qualified person on their behalf.",1,0.9667,0.0447,UOL_student_conduct1.pdf_p12_c1
S2_modular_rag,V2Q076,reasoning,supported,The Guild of Students’ Advice Service provides trained advisers who can offer support and representation.,1 5,0.8512,0.0232,UOL_student_conduct1.pdf_p12_c1
S2_modular_rag,V2Q076,reasoning,unsupported,"These options are explicitly outlined in the evidence, with,, and directly addressing the rights and support available to responding students.",1 2 5,0.1419,0.0321,UOL_student_conduct1.pdf_p12_c1
S2_modular_rag,V2Q077,adversarial_false_premise,contradicted,The assumption in the question is incorrect.,,0.4473,0.6409,UOL_student_guide_visa_holders.pdf_p8_c4
S2_modular_rag,V2Q077,adversarial_false_premise,supported_uncited,"According to the evidence, if IAG assesses that an appeal or administrative review is likely to fail, the University does not have to continue sponsoring the student indefinitely.",,0.9896,0.2112,UOL_UKVI_complience.pdf_p13_c3
S2_modular_rag,V2Q077,adversarial_false_premise,supported,Instead: - The University may advise the student to voluntarily suspend or withdraw from their studies.,2 3 4,0.9882,0.1124,UOL_UKVI_complience.pdf_p13_c3
S2_modular_rag,V2Q077,adversarial_false_premise,supported,"If the student does not take voluntary action, the University reserves the right to administratively suspend or withdraw the student to protect its Student sponsor licence.",1 2 4 5,0.9107,0.6655,UOL_UKVI_complience.pdf_p13_c5
S2_modular_rag,V2Q077,adversarial_false_premise,contradicted,"Thus, the University is not obligated to continue sponsorship until all appeals are exhausted.",,0.9462,0.6483,UOL_UKVI_complience.pdf_p13_c1
S2_modular_rag,V2Q077,adversarial_false_premise,contradicted,"The correct answer is: No, that is not correct.",2 4,0.1036,0.9627,UOL_UKVI_complience.pdf_p13_c5
S2_modular_rag,V2Q078,procedural,supported_uncited,"The University considers the following behaviors as potential bullying that should be recognized and reported: - Physical or verbal abuse, including threatening or intimidating behavior",2,0.9748,0.0017,UOL_diversity-equality-opportunity-policy.pdf_p5_c3
S2_modular_rag,V2Q079,factual,unsupported,The evidence provided does not specify how non-consensual sexual touching would be categorized under the indicative conduct sanctions.,,0.1046,0.0049,UOL_student_conduct2.pdf_p2_c1
S2_modular_rag,V2Q079,factual,unsupported,It outlines general principles for categorizing breaches based on severity and context but does not mention sexual misconduct or specific categories for such acts.,1,0.2785,0.0061,UOL_student_conduct2.pdf_p2_c1
S2_modular_rag,V2Q080,paraphrased,supported,The protection against maternity discrimination in the non-work context applies for 26 weeks after giving birth.,1,0.9944,0.1267,UOL_diversity-equality-opportunity-policy.pdf_p14_c3
S2_modular_rag,V2Q081,factual,unsupported,"The University of Liverpool is committed to providing an inclusive environment that promotes equality, delivers inclusion, and eliminates discrimination, as stated in its Diversity & Equality of Opportunity Policy (evidence).",3,0.0244,0.0038,UOL_diversity-equality-opportunity-policy.pdf_p8_c3
S2_modular_rag,V2Q082,paraphrased,unsupported,"The three stages of the Student Complaints Procedure described in the Postgraduate Handbook are Early Resolution, Formal Complaint, and Review.",1,0.411,0.1775,UOL_postgraduate_handbook.pdf_p38_c10
S2_modular_rag,V2Q083,multi_document_comparison,unsupported,The evidence provided only includes information from the Postgraduate Handbook (evidence).,1,0.1456,0.0809,UOL_postgraduate_handbook.pdf_p13_c9
S2_modular_rag,V2Q083,multi_document_comparison,contradicted,It does not contain any details about the Undergraduate Handbook or its advice on securing belongings or reporting theft.,,0.0088,0.8391,UOL_postgraduate_handbook.pdf_p13_c9
S2_modular_rag,V2Q083,multi_document_comparison,unsupported,"Since there is no evidence to compare the two handbooks, it is impossible to determine whether their advice is materially different.",,0.0204,0.0867,UOL_postgraduate_handbook.pdf_p13_c9
S2_modular_rag,V2Q083,multi_document_comparison,unsupported,"Answer: The evidence does not provide information about the Undergraduate Handbook, so a comparison cannot be made.",1,0.017,0.1165,UOL_postgraduate_handbook.pdf_p13_c9
S2_modular_rag,V2Q084,multi_document_comparison,unsupported,"The Undergraduate and Postgraduate Handbooks both advise that if a student has been a victim of crime and needs ongoing support, they should first report the incident to the Police.",1 2,0.0259,0.0132,UOL_postgraduate_handbook.pdf_p14_c1
S2_modular_rag,V2Q084,multi_document_comparison,unsupported,"After this, they should contact the Wellbeing Team or Campus Support for further assistance.",1 2,0.0091,0.0098,UOL_postgraduate_handbook.pdf_p14_c7
S2_modular_rag,V2Q084,multi_document_comparison,unsupported,Both handbooks emphasize this sequence to ensure immediate safety and access to support services.,,0.1672,0.0114,UOL_postgraduate_handbook.pdf_p14_c1
S2_modular_rag,V2Q085,multi_document_comparison,contradicted,The provided evidence only includes information from the Postgraduate Handbook (pages 23-24) and does not contain any details about undergraduate award requirements.,,0.2438,0.9845,UOL_postgraduate_handbook.pdf_p24_c10
S2_modular_rag,V2Q085,multi_document_comparison,contradicted,"Therefore, it is not possible to compare or identify differences between undergraduate and postgraduate award requirements based solely on the given evidence.",,0.2401,0.8502,UOL_postgraduate_handbook.pdf_p24_c2
S2_modular_rag,V2Q085,multi_document_comparison,contradicted,"To answer this question, you would need to refer to the Undergraduate Handbook for details about undergraduate award structures, which are not included in the provided evidence.",,0.2499,0.9935,UOL_postgraduate_handbook.pdf_p24_c2
S2_modular_rag,V2Q086,multi_document_comparison,supported_uncited,The evidence provided does not explicitly distinguish between the complaints route and an assessment appeal in either the Undergraduate or Postgraduate Handbooks.,,0.9424,0.0586,UOL_postgraduate_handbook.pdf_p37_c10
S2_modular_rag,V2Q086,multi_document_comparison,contradicted,"The sections referenced focus solely on the definition and procedure of assessment appeals (e.g., challenging decisions on assessments and awards) but do not mention or clarify the complaints route as a separate process.",,0.4428,0.9583,"UOL_Code,of,Practice,on,Assessment,and,Appendices,2025-26,Summary,of,Changes.pdf_p4_c3"
S2_modular_rag,V2Q086,multi_document_comparison,contradicted,"Therefore, based on the given evidence, the distinction cannot be determined.",,0.022,0.5227,UOL_postgraduate_handbook.pdf_p37_c10
S2_modular_rag,V2Q086,multi_document_comparison,contradicted,Answer: The evidence does not contain information on how the complaints route is distinguished from an assessment appeal.,,0.755,0.9589,UOL_undergraduate_handbook.pdf_p41_c10
S2_modular_rag,V2Q087,multi_document_comparison,unsupported,"The Student Attendance Policy connects ordinary attendance responsibilities with Student Route compliance by establishing specific procedures and responsibilities for monitoring attendance and engagement, which are critical for maintaining compliance with UKVI regulations.",,0.1586,0.0197,UOL_UKVI_complience.pdf_p3_c3
S2_modular_rag,V2Q087,multi_document_comparison,supported,For example: - The policy mandates that attendance and engagement for pre-sessional English Language programmes are recorded and monitored by the Director of the ELC.,1,0.9856,0.3206,UOL_UKVI_complience.pdf_p11_c6
S2_modular_rag,V2Q087,multi_document_comparison,unsupported,"It outlines that students failing to meet reengagement conditions are referred to the UKVI Attendance Compliance Panel, linking attendance failures directly to compliance actions.",3,0.052,0.0614,UOL_UKVI_complience.pdf_p10_c2
S2_modular_rag,V2Q087,multi_document_comparison,supported,"It also specifies that poor attendance can trigger reportable events under compliance frameworks, such as those in the Student Attendance Policy or other relevant codes.",5,0.8988,0.0046,UOL_UKVI_complience.pdf_p8_c5
S2_modular_rag,V2Q087,multi_document_comparison,unsupported,These mechanisms ensure that routine attendance monitoring aligns with broader Student Route compliance obligations.,,0.0141,0.0018,UOL_UKVI_complience.pdf_p10_c2
S2_modular_rag,V2Q088,multi_document_comparison,supported_uncited,The monitoring expectations differ as follows: - A postgraduate student working on a dissertation is expected to maintain regular contact with their supervisor and must be available during normal office hours.,,0.9413,0.0413,"UOL_StudentAttendancePolicy-REVISEDJUL2025,v1.3.pdf_p4_c3"
S2_modular_rag,V2Q088,multi_document_comparison,contradicted,"If no contact occurs within a rolling one-month period, they are escalated to Stage One of the intervention process.",5,0.2712,0.9805,"UOL_StudentAttendancePolicy-REVISEDJUL2025,v1.3.pdf_p4_c3"
S2_modular_rag,V2Q088,multi_document_comparison,contradicted,"A Student Route student studying abroad is monitored by the Dean of School for engagement, but the Global Opportunities Team handles UKVI compliance risks.",,0.9936,0.7679,UOL_UKVI_complience.pdf_p10_c2
S2_modular_rag,V2Q088,multi_document_comparison,supported,"If monitoring cannot be fulfilled at the study abroad location, the University may withdraw sponsorship, requiring a new visa.",3 4,0.7303,0.2207,UOL_UKVI_complience.pdf_p10_c3
S2_modular_rag,V2Q088,multi_document_comparison,supported,"Additionally, during study abroad periods, the University’s standard attendance expectations and intervention thresholds do not apply.",2,0.9781,0.0604,"UOL_StudentAttendancePolicy-REVISEDJUL2025,v1.3.pdf_p4_c1"
S2_modular_rag,V2Q088,multi_document_comparison,unsupported,These differences highlight stricter academic supervision for dissertation students versus compliance-focused monitoring for Student Route students abroad.,,0.0265,0.0185,"UOL_StudentAttendancePolicy-REVISEDJUL2025,v1.3.pdf_p4_c3"
S2_modular_rag,V2Q089,multi_document_comparison,contradicted,The UKVI compliance policy states that Student Route visa holders engaged in an approved period of study abroad as an integral part of their programme are permitted to remain on their existing Student Route visa and will continue to be sponsored by their current institution during this time.,4,0.8531,0.9959,UOL_UKVI_complience.pdf_p3_c1
S2_modular_rag,V2Q089,multi_document_comparison,unsupported,This means the sponsorship does not need to be transferred or renewed while the student is on an approved study abroad placement.,,0.3886,0.3369,UOL_UKVI_complience.pdf_p10_c1
S2_modular_rag,V2Q090,multi_document_comparison,supported_uncited,The University's document-checking responsibilities for Student Route students are outlined in the following evidence: - The University requires students to submit evidence of their Student Route visa application to Student Life upon submission inside the UK.,,0.979,0.0393,UOL_UKVI_complience.pdf_p9_c1
S2_modular_rag,V2Q090,multi_document_comparison,supported,"If this evidence is not provided, is unacceptable, or shows a late application, the University may interrupt or withdraw the student to protect its sponsor licence.",3,0.9969,0.0233,UOL_UKVI_complience.pdf_p9_c1
S2_modular_rag,V2Q090,multi_document_comparison,supported_uncited,The University must ensure students provide required immigration and qualification documentation.,,0.972,0.0195,UOL_UKVI_complience.pdf_p9_c1
S2_modular_rag,V2Q090,multi_document_comparison,supported,"If this fails after reasonable efforts, the University may defer registration or de-register the student, reporting the change to UKVI.",4,0.5851,0.0197,UOL_UKVI_complience.pdf_p5_c4
S2_modular_rag,V2Q090,multi_document_comparison,supported_uncited,These policies emphasize proactive verification of documentation to maintain compliance with UKVI regulations.,,0.9946,0.4272,UOL_UKVI_complience.pdf_p9_c1
S2_modular_rag,V2Q091,multi_document_comparison,contradicted,"Appendix A outlines the procedural steps for handling student conduct cases, including criteria for escalating to a Full Hearing and guidance on Chair’s Action.",3 5,0.1867,0.9841,UOL_undergraduate_handbook.pdf_p40_c10
S2_modular_rag,V2Q091,multi_document_comparison,supported,Appendix B defines specific student conduct breaches and the corresponding indicative sanctions.,1 2 5,0.9925,0.0229,UOL_undergraduate_handbook.pdf_p40_c10
S2_modular_rag,V2Q092,multi_document_comparison,contradicted,"The mitigating factors considered under Appendix A (e.g., in sections 9.7, 9.8, and 3.2) are evaluated by the Chair or designated staff before determining the severity of sanctions.",,0.0351,0.8384,UOL_student_conduct1.pdf_p4_c4
S2_modular_rag,V2Q092,multi_document_comparison,unsupported,"These factors can reduce the category of a breach in Appendix B (e.g., as stated in), leading to less severe sanctions.",2,0.0728,0.0287,UOL_undergraduate_handbook.pdf_p39_c1
S2_modular_rag,V2Q092,multi_document_comparison,unsupported,"For example, if mitigating circumstances are present, the breach may be categorized lower, resulting in milder penalties as outlined in Appendix B’s indicative sanctions.",2,0.2617,0.0272,UOL_student_conduct1.pdf_p16_c1
S2_modular_rag,V2Q092,multi_document_comparison,unsupported,This process ensures that mitigating factors directly influence the sanction severity by affecting breach categorization.,2 3,0.0423,0.4337,UOL_undergraduate_handbook.pdf_p39_c1
S2_modular_rag,V2Q093,multi_document_synthesis,supported,"The conduct framework indicates that abusive conduct in an intimate relationship may constitute a Category 1 breach under, which could lead to referral to the University Disciplinary Panel for more severe sanctions.",1,0.9821,0.026,UOL_student_conduct2.pdf_p5_c1
S2_modular_rag,V2Q093,multi_document_synthesis,unsupported,This suggests the breach is treated as serious due to its nature (domestic abuse implications).,,0.0475,0.4911,UOL_student_conduct2.pdf_p5_c1
S2_modular_rag,V2Q093,multi_document_synthesis,supported,"Regarding appeal, states that students have the right of appeal against decisions made under local disciplinary action, which would be reviewed by the Student Conduct Panel/Chair.",2,0.8978,0.6195,UOL_student_conduct2.pdf_p5_c1
S2_modular_rag,V2Q093,multi_document_synthesis,supported_uncited,"Thus, the grounds for appeal are outlined in the University’s disciplinary procedures, allowing students to challenge sanctions through formal channels.",,0.9835,0.1401,UOL_postgraduate_handbook.pdf_p36_c1
S2_modular_rag,V2Q094,multi_document_synthesis,supported,"A complaint involving harassment or sexual misconduct can move into the student-conduct process under the Student Conduct Policy, which explicitly covers such complaints.",1,0.5169,0.052,"UOL_Student,Complaints,Policy,and,Procedure.pdf_p9_c1"
S2_modular_rag,V2Q094,multi_document_synthesis,supported,"If the report is anonymous, it may still be investigated if there is supporting evidence (e.g., CCTV, social media) or if exceptional circumstances (e.g., fear of reprisals) justify withholding the reporting party’s identity.",2 3,0.724,0.0274,UOL_student_conduct1.pdf_p3_c3
S2_modular_rag,V2Q094,multi_document_synthesis,supported_uncited,"The Student Conduct Team would assess the case and determine the appropriate process, ensuring compliance with University policies.",,0.9044,0.0063,UOL_student_conduct1.pdf_p3_c2
S2_modular_rag,V2Q095,multi_document_synthesis,supported,"The evidence states that if misconduct is addressed under the Local Disciplinary Procedure, the designated staff member should invite the reporting student to an investigation meeting to obtain further details and evidence of the alleged misconduct.",2,0.9721,0.9757,UOL_student_conduct1.pdf_p5_c1
S2_modular_rag,V2Q095,multi_document_synthesis,contradicted,This indicates that the reporting student is expected to engage by attending the meeting and providing information or evidence.,,0.9222,0.5233,UOL_student_conduct1.pdf_p5_c1
S2_modular_rag,V2Q096,multi_document_synthesis,supported,"The University support services can help by providing a statement from an academic adviser, teaching support staff, or central services (e.g., Counselling Service, Student Support Services) if the student alerted them at the time of the difficulties.",1,0.9962,0.0249,UOL_extenuating_circumstances_policy.pdf_p7_c2
S2_modular_rag,V2Q096,multi_document_synthesis,contradicted,"This statement, while not independent documentary evidence, may support the claim if the committee accepts it.",,0.9787,0.8308,UOL_extenuating_circumstances_policy.pdf_p10_c2
S2_modular_rag,V2Q096,multi_document_synthesis,unsupported,"Additionally, these services may address the student’s wider support needs (e.g., academic or emotional support) through their existing resources.",,0.0153,0.0062,UOL_extenuating_circumstances_policy.pdf_p7_c2
S2_modular_rag,V2Q097,multi_document_synthesis,supported,"If illness or another unavoidable event is likely to make a student miss an assessment, they should immediately inform their department/school before the assessment takes place, preferably in writing or by email, to request authorization for the absence.",4,0.8881,0.0405,UOL_extenuating_circumstances_policy.pdf_p3_c3
S2_modular_rag,V2Q097,multi_document_synthesis,unsupported,"They should also apply for an exemption from late penalties (if applicable) or seek re-assessment as a first attempt, provided they present acceptable evidence of ""good cause"" (e.g., a medical note) to the Extenuating Circumstances Committee.",1 4,0.0245,0.0069,UOL_postgraduate_handbook.pdf_p30_c1
S2_modular_rag,V2Q097,multi_document_synthesis,supported,Support options include consulting academic advisers or teaching support staff for guidance on documentation and procedures.,1 2 3,0.9877,0.0103,UOL_extenuating_circumstances_policy.pdf_p4_c2
S2_modular_rag,V2Q098,multi_document_synthesis,supported_uncited,"A student should distinguish foreseeable financial difficulty from extenuating circumstances by demonstrating that the financial hardship was unforeseen and beyond their control (e.g., sudden loss of income due to an unexpected event, not due to poor financial planning or failure to meet payment obligations).",,0.957,0.1149,UOL_extenuating_circumstances_policy.pdf_p11_c3
S2_modular_rag,V2Q098,multi_document_synthesis,unsupported,"This is supported by, which states that foreseeable events (like financial issues that could be anticipated) are not typically considered extenuating, but exceptions may apply for unforeseen circumstances.",1,0.2267,0.0132,UOL_extenuating_circumstances_policy.pdf_p8_c4
S2_modular_rag,V2Q098,multi_document_synthesis,unsupported,"Additionally, clarifies that financial suspension due to non-payment of fees is explicitly excluded as an extenuating circumstance, reinforcing that financial difficulties must be exceptional and unanticipated.",4,0.2256,0.0768,UOL_extenuating_circumstances_policy.pdf_p8_c4
S2_modular_rag,V2Q098,multi_document_synthesis,supported,"The relevant academic option, if extenuating circumstances are accepted, could involve re-taking or re-sitting missed assessments (e.g., in-class tests or final year work), as outlined in, where the Extenuating Circumstances Committee may recommend such actions to determine an award.",4,0.9733,0.1176,UOL_extenuating_circumstances_policy.pdf_p13_c5
S2_modular_rag,V2Q099,multi_document_synthesis,supported,"A student with a long-term health condition should first seek reasonable adjustments through the University’s Disability Advice and Guidance Team (as outlined in), rather than relying on repeated extenuating circumstances claims.",2,0.9965,0.1139,UOL_extenuating_circumstances_policy.pdf_p5_c4
S2_modular_rag,V2Q099,multi_document_synthesis,supported,"If adjustments are already in place, they should continue using those unless there is a sudden deterioration or unforeseeable change in their condition (e.g., a flare-up near an assessment), which would then warrant an extenuating circumstances claim.",5,0.8436,0.2568,UOL_extenuating_circumstances_policy.pdf_p8_c1
S2_modular_rag,V2Q099,multi_document_synthesis,contradicted,This approach prioritizes proactive adjustments over interrupting study unless unavoidable circumstances arise.,,0.9565,0.897,UOL_student_conduct1.pdf_p20_c2
S2_modular_rag,V2Q100,multi_document_synthesis,supported,A sponsored student must provide an official sponsor letter or purchase order (on official letter headed paper) from their sponsor to the Accommodation Office before registration for the session to which the sponsorship applies.,1,0.7811,0.8859,"UOL_payment_policy_2026,2027.pdf_p9_c1"
S2_modular_rag,V2Q100,multi_document_synthesis,supported_uncited,"If they still face financial difficulty, they can seek support from the Accommodation Office, which handles inquiries about fines or non-programme charges related to accommodation fees.",5,0.5413,0.1157,"UOL_payment_policy_2026,2027.pdf_p9_c1"
S2_modular_rag,V2Q101,multi_document_synthesis,unsupported,"The equality policy (Evidence and) establishes students' and staff's obligations under the Equality Act 2010 to refrain from unlawful discrimination and harassment, while also requiring them to challenge such behavior.",2 4,0.3525,0.113,UOL_diversity-equality-opportunity-policy.pdf_p8_c3
S2_modular_rag,V2Q101,multi_document_synthesis,unsupported,"The complaints policy (Evidence,, and) provides the formal procedure for students to report incidents of discrimination, harassment, or sexual misconduct, which are then addressed under relevant policies (e.g., Student Conduct Policy, Bullying and Harassment Policy).",1 3 5,0.2028,0.2022,"UOL_Student,Complaints,Policy,and,Procedure.pdf_p9_c1"
S2_modular_rag,V2Q101,multi_document_synthesis,supported_uncited,"Together, the equality policy sets the legal and ethical framework, and the complaints policy offers the mechanism to address violations of that framework.",,0.8523,0.0166,UOL_diversity-equality-opportunity-policy.pdf_p8_c3
S2_modular_rag,V2Q101,multi_document_synthesis,nei,",,,,",1 2 3 4 5,0.0,0.0,
S2_modular_rag,V2Q102,multi_document_synthesis,supported_uncited,The evidence provided does not clarify the relationship between assessment appeals and other student challenge routes.,,0.9338,0.0231,UOL_postgraduate_handbook.pdf_p37_c10
S2_modular_rag,V2Q102,multi_document_synthesis,contradicted,"Evidence focuses on changes to assessment policies (e.g., Appendices M, L, C, I, J, P) but does not mention other challenge routes.",1,0.0232,0.5452,"UOL_Code,of,Practice,on,Assessment,and,Appendices,2025-26,Summary,of,Changes.pdf_p1_c1"
S2_modular_rag,V2Q102,multi_document_synthesis,unsupported,"Evidence details the process for assessment appeals but does not address other forms of student challenges (e.g., complaints, disciplinary actions).",2,0.2899,0.0102,UOL_postgraduate_handbook.pdf_p37_c10
S2_modular_rag,V2Q102,multi_document_synthesis,unsupported,"Thus, the 2025–26 changes do not explicitly define or clarify this relationship in the given evidence.",,0.0246,0.1043,UOL_postgraduate_handbook.pdf_p37_c10
