system,question_id,question_type,label,sentence,cited,best_entailment,best_contradiction,supporting_chunk
S1_basic_rag,V2Q001,paraphrased,supported_uncited,"The evidence required is proof of registration at the other UK HEI, and it must be submitted within 10 working days of completing registration.",,0.9804,0.025,UOL_UKVI_complience.pdf_p11_c2
S1_basic_rag,V2Q001,paraphrased,supported_uncited,This is specified in.,2,0.968,0.0133,UOL_UKVI_complience.pdf_p6_c2
S1_basic_rag,V2Q002,paraphrased,supported_uncited,"To raise concerns about harassment, bullying, discrimination, or victimisation, students or staff should report incidents to their line manager, Head of Department, HR Business Partner, or programme leader.",,0.9979,0.0853,UOL_diversity-equality-opportunity-policy.pdf_p5_c3
S1_basic_rag,V2Q002,paraphrased,supported,"They may also use the University’s Report and Support provision to relay incidents, either named or anonymously.",1,0.9961,0.0042,UOL_diversity-equality-opportunity-policy.pdf_p5_c3
S1_basic_rag,V2Q003,procedural,supported_uncited,The student must complete the extenuating circumstances form with supporting information and list all affected modules/assessments before submitting a claim.,,0.9886,0.141,UOL_extenuating_circumstances_policy.pdf_p5_c2
S1_basic_rag,V2Q003,procedural,supported,This is required as the case cannot be submitted without a completed form and supporting evidence.,4,0.97,0.0263,UOL_extenuating_circumstances_policy.pdf_p5_c2
S1_basic_rag,V2Q004,paraphrased,unsupported,The 2025–26 changes include: 1.,,0.0889,0.0057,UOL_undergraduate_handbook.pdf_p36_c9
S1_basic_rag,V2Q004,paraphrased,supported_uncited,The academic-integrity categories were reduced from 5 to 4.,,0.74,0.0992,"UOL_Code,of,Practice,on,Assessment,and,Appendices,2025-26,Summary,of,Changes.pdf_p3_c4"
S1_basic_rag,V2Q004,paraphrased,supported,"Category A (minor error) was removed, and the remaining categories were relabeled (B→1, C→2, D→3, E→4).",2,0.8669,0.065,"UOL_Code,of,Practice,on,Assessment,and,Appendices,2025-26,Summary,of,Changes.pdf_p3_c4"
S1_basic_rag,V2Q004,paraphrased,supported,"A new offense, ""self-plagiarism/re-use of work,"" was introduced as a distinct category.",2,0.9705,0.0101,"UOL_Code,of,Practice,on,Assessment,and,Appendices,2025-26,Summary,of,Changes.pdf_p3_c4"
S1_basic_rag,V2Q004,paraphrased,contradicted,Personal Extenuating Circumstances (PECs) are no longer accepted as a reason for academic misconduct.,,0.9805,0.895,"UOL_Code,of,Practice,on,Assessment,and,Appendices,2025-26,Summary,of,Changes.pdf_p3_c4"
S1_basic_rag,V2Q004,paraphrased,supported,"However, if approved under the Additional Considerations Policy, PECs may mitigate penalties for Categories 2, 3, and 4.",2,0.9794,0.0416,"UOL_Code,of,Practice,on,Assessment,and,Appendices,2025-26,Summary,of,Changes.pdf_p3_c4"
S1_basic_rag,V2Q004,paraphrased,unsupported,These changes are explicitly detailed in.,2,0.0116,0.0048,UOL_postgraduate_handbook.pdf_p31_c1
S1_basic_rag,V2Q005,adversarial_false_premise,supported_uncited,The assumption in the question is false.,,0.9871,0.0876,UOL_undergraduate_handbook.pdf_p38_c8
S1_basic_rag,V2Q005,adversarial_false_premise,supported,"Evidence states that excusal requests for jury service should be sent directly by the student to the University, implying the University does offer assistance with court summons related to jury service.",3,0.5173,0.989,UOL_undergraduate_handbook.pdf_p38_c6
S1_basic_rag,V2Q005,adversarial_false_premise,supported,"Additionally, Evidence mentions that the University provides a letter from the Director of Life to assist with deferral requests, which could include jury service.",4,0.6348,0.7751,UOL_postgraduate_handbook.pdf_p34_c1
S1_basic_rag,V2Q005,adversarial_false_premise,contradicted,"Therefore, the University does offer help, contrary to the claim.",,0.0594,0.9878,UOL_postgraduate_handbook.pdf_p34_c1
S1_basic_rag,V2Q006,factual,contradicted,The student is expected to participate by attending an in-person/online meeting or engaging in a conversation (by telephone/online) with the investigator.,,0.292,0.6438,"UOL_Student,Complaints,Policy,and,Procedure.pdf_p15_c1"
S1_basic_rag,V2Q006,factual,supported,They have the right to decline an in-person meeting and request an alternative method of communication.,2,0.9862,0.4598,"UOL_Student,Complaints,Policy,and,Procedure.pdf_p15_c1"
S1_basic_rag,V2Q006,factual,supported,"Additionally, if meetings are held, the student may be accompanied by a friend or colleague.",2,0.9886,0.0172,"UOL_Student,Complaints,Policy,and,Procedure.pdf_p15_c1"
S1_basic_rag,V2Q007,factual,supported,A student can be escalated to Stage Two under the Attendance Policy if their absence extends to eight consecutive unauthorised missed contact points.,1,0.9978,0.0323,"UOL_StudentAttendancePolicy-REVISEDJUL2025,v1.3.pdf_p7_c1"
S1_basic_rag,V2Q007,factual,unsupported,"This threshold is explicitly stated in evidence, which outlines the escalation criteria.",1,0.0085,0.0117,"UOL_StudentAttendancePolicy-REVISEDJUL2025,v1.3.pdf_p7_c1"
S1_basic_rag,V2Q007,factual,unsupported,"Evidence further clarifies that Stage One is triggered by five consecutive missed contact points, indicating that Stage Two requires a higher number of absences.",3,0.1038,0.0258,"UOL_StudentAttendancePolicy-REVISEDJUL2025,v1.3.pdf_p8_c1"
S1_basic_rag,V2Q008,procedural,unsupported,"After a student is notified that programme-fee payments remain outstanding under the 2026–27 Payment Policy, the University will prevent them from registering for a new academic year until all outstanding debts are paid [4.7.5].",,0.1041,0.0598,"UOL_payment_policy_2026,2027.pdf_p7_c1"
S1_basic_rag,V2Q008,procedural,unsupported,"Additionally, if the debt persists one calendar month before the award of a degree, diploma, or certificate, the student will be deemed ineligible to receive the award [4.7.6].",,0.0687,0.0202,"UOL_payment_policy_2026,2027.pdf_p7_c1"
S1_basic_rag,V2Q008,procedural,unsupported,The University may also apply proportional academic sanctions as part of its risk-based review process [4.7.7].,,0.1447,0.0469,"UOL_payment_policy_2026,2027.pdf_p7_c4"
S1_basic_rag,V2Q009,paraphrased,supported_uncited,The responding student normally has 7 working days to reply after receiving the investigation report and allegations before Chair’s Action.,,0.987,0.1751,UOL_student_conduct1.pdf_p15_c4
S1_basic_rag,V2Q009,paraphrased,unsupported,"This is specified in evidence, which states: ""Responding students will normally have 7 working days to respond, unless a valid reason is provided as to why further time is needed.""",1,0.4012,0.1391,UOL_student_conduct1.pdf_p15_c4
S1_basic_rag,V2Q010,paraphrased,nei,"The Attendance Policy treats the following circumstances as authorised absence, subject to School approval:",,0.0,0.0,
S1_basic_rag,V2Q010,paraphrased,unsupported,Parental or other caring responsibilities,2,0.1885,0.1449,"UOL_StudentAttendancePolicy-REVISEDJUL2025,v1.3.pdf_p12_c1"
S1_basic_rag,V2Q010,paraphrased,unsupported,Bereavement or other compassionate grounds,2,0.0807,0.1677,"UOL_StudentAttendancePolicy-REVISEDJUL2025,v1.3.pdf_p5_c4"
S1_basic_rag,V2Q010,paraphrased,contradicted,Unforeseen domestic (or other) emergency (including isolated IT issues),2,0.1389,0.8927,"UOL_StudentAttendancePolicy-REVISEDJUL2025,v1.3.pdf_p5_c4"
S1_basic_rag,V2Q010,paraphrased,contradicted,Unforeseen and/or unpreventable event (e.g. transport strike),2,0.206,0.9258,"UOL_StudentAttendancePolicy-REVISEDJUL2025,v1.3.pdf_p5_c4"
S1_basic_rag,V2Q010,paraphrased,unsupported,Appointment with Police or visa authority for immigration purposes,2,0.2439,0.1487,"UOL_StudentAttendancePolicy-REVISEDJUL2025,v1.3.pdf_p5_c4"
S1_basic_rag,V2Q010,paraphrased,unsupported,Career-related appointment or interview (e.g. for a placement or internship),2,0.423,0.3728,"UOL_StudentAttendancePolicy-REVISEDJUL2025,v1.3.pdf_p5_c4"
S1_basic_rag,V2Q010,paraphrased,nei,Military educational activity,2,0.0,0.0,
S1_basic_rag,V2Q010,paraphrased,nei,Other military service,2,0.0,0.0,
S1_basic_rag,V2Q011,adversarial_false_premise,supported_uncited,The evidence does not support the claim that appeal papers can be provided on the day of the hearing.,,0.51,0.0701,UOL_student_conduct1.pdf_p25_c3
S1_basic_rag,V2Q011,adversarial_false_premise,contradicted,"According to and, an appeal must be submitted within 10 working days of receiving the outcome letter, and it must include specific details (e.g., hearing date).",2 5,0.5688,0.5942,UOL_student_conduct1.pdf_p27_c3
S1_basic_rag,V2Q011,adversarial_false_premise,supported_uncited,There is no mention of submitting appeal papers on the day of the hearing itself.,,0.9923,0.0516,UOL_student_conduct1.pdf_p25_c3
S1_basic_rag,V2Q011,adversarial_false_premise,supported_uncited,"Therefore, the assumption is incorrect.",,0.7655,0.0835,UOL_student_conduct1.pdf_p25_c3
S1_basic_rag,V2Q011,adversarial_false_premise,unsupported,"ANSWER: No, this is not correct.",,0.0472,0.493,UOL_student_conduct1.pdf_p2_c4
S1_basic_rag,V2Q011,adversarial_false_premise,supported,"The appeal must be submitted within 10 working days of receiving the outcome letter, not on the day of the hearing.",2 5,0.9936,0.4585,UOL_student_conduct1.pdf_p25_c3
S1_basic_rag,V2Q012,adversarial_false_premise,supported_uncited,The claim that all postgraduate award credit must be at level 7 with no level 6 credit permitted is incorrect.,,0.8866,0.3466,UOL_postgraduate_handbook.pdf_p23_c8
S1_basic_rag,V2Q012,adversarial_false_premise,supported,"Evidence states that a Postgraduate Diploma can include ""a combination of level 7 and up to 10 credits of modules at level 6."" Similarly, evidence and explicitly allow level 6 modules to contribute to postgraduate awards (e.g., up to one third of total credit or up to 10 credits).",2 3 4,0.5681,0.9921,UOL_postgraduate_handbook.pdf_p23_c8
S1_basic_rag,V2Q012,adversarial_false_premise,contradicted,Evidence also permits up to 20 credits of level 6 modules in certain programs.,5,0.3211,0.965,UOL_postgraduate_handbook.pdf_p23_c8
S1_basic_rag,V2Q012,adversarial_false_premise,contradicted,"Thus, level 6 credit is permitted in specific postgraduate awards under defined conditions.",,0.9462,0.6905,UOL_postgraduate_handbook.pdf_p24_c3
S1_basic_rag,V2Q013,factual,supported_uncited,The evidence does not explicitly list specific examples of serious sanctions that a University Disciplinary Panel may impose.,,0.9895,0.2522,UOL_student_conduct2.pdf_p2_c1
S1_basic_rag,V2Q013,factual,supported_uncited,"While it mentions that Category 1 breaches may result in sanctions like formal written warnings, and that more severe cases could lead to Category 2 sanctions, the exact nature of ""serious sanctions"" (e.g., expulsion, permanent exclusion) is not detailed in the provided evidence.",1 2,0.8731,0.048,UOL_postgraduate_handbook.pdf_p36_c1
S1_basic_rag,V2Q013,factual,supported,"The text emphasizes that sanctions are case-by-case and discretionary, but no concrete examples are given for the University Disciplinary Panel’s actions.",3,0.9831,0.6038,UOL_student_conduct2.pdf_p2_c1
S1_basic_rag,V2Q014,factual,contradicted,A full-time student will not normally be eligible to claim extenuating circumstances due to employment interference with studies or a resit.,,0.9735,0.5854,UOL_extenuating_circumstances_policy.pdf_p10_c3
S1_basic_rag,V2Q014,factual,unsupported,"This is explicitly stated in and, which both indicate that full-time students are generally ineligible for such claims related to employment.",1 2,0.0883,0.1847,UOL_extenuating_circumstances_policy.pdf_p10_c4
S1_basic_rag,V2Q015,adversarial_false_premise,unsupported,The assumption in the question is incorrect.,,0.1989,0.124,UOL_undergraduate_handbook.pdf_p37_c5
S1_basic_rag,V2Q015,adversarial_false_premise,supported_uncited,"According to the evidence, if a student stops attending without completing the formal withdrawal or suspension process, their registration and fee liability do not automatically stop.",,0.9948,0.2628,UOL_undergraduate_handbook.pdf_p37_c5
S1_basic_rag,V2Q015,adversarial_false_premise,supported,and state that registration remains active and fees will continue to accrue unless the official withdrawal/suspension form is completed.,1 2,0.9312,0.3802,UOL_undergraduate_handbook.pdf_p37_c5
S1_basic_rag,V2Q015,adversarial_false_premise,contradicted,"emphasizes that fees are calculated based on the University being formally informed of a change in registration, which requires following formal procedures.",4,0.8408,0.778,UOL_undergraduate_handbook.pdf_p37_c5
S1_basic_rag,V2Q015,adversarial_false_premise,supported,"explicitly requires students to complete the proper form for withdrawal or interruption, with financial consequences for failing to do so.",5,0.9814,0.8282,UOL_undergraduate_handbook.pdf_p37_c5
S1_basic_rag,V2Q015,adversarial_false_premise,supported_uncited,"Thus, the University will not automatically halt registration or fees without formal action.",,0.9961,0.1091,UOL_undergraduate_handbook.pdf_p37_c5
S1_basic_rag,V2Q016,factual,supported_uncited,The answer is based on evidence.,1,0.9453,0.0055,UOL_diversity-equality-opportunity-policy.pdf_p25_c1
S1_basic_rag,V2Q016,factual,supported,"According to the Student Attendance Policy (evidence), if a professional body, sponsor, or degree-apprenticeship provider sets stricter attendance requirements than the University's minimum, their requirements shall prevail.",1,0.9474,0.2092,"UOL_StudentAttendancePolicy-REVISEDJUL2025,v1.3.pdf_p2_c3"
S1_basic_rag,V2Q016,factual,unsupported,This is explicitly stated in section 1.5 of the policy.,,0.0117,0.0533,"UOL_StudentAttendancePolicy-REVISEDJUL2025,v1.3.pdf_p2_c3"
S1_basic_rag,V2Q016,factual,supported,"Answer: The requirements of the professional body, sponsor, or degree-apprenticeship provider take priority if they are stricter than the University's minimum.",1,0.9763,0.1383,"UOL_StudentAttendancePolicy-REVISEDJUL2025,v1.3.pdf_p2_c3"
S1_basic_rag,V2Q017,procedural,supported_uncited,The evidence does not explicitly list the specific sanctions that may follow a Category 2 student-conduct breach.,,0.9867,0.0282,UOL_student_conduct2.pdf_p2_c4
S1_basic_rag,V2Q017,procedural,supported,"While and describe the categorization of breaches and the potential escalation to Category 3 for repeated or severe Category 2 breaches, they do not provide a detailed list of sanctions for Category 2.",2 3,0.9386,0.7764,UOL_student_conduct2.pdf_p3_c4
S1_basic_rag,V2Q017,procedural,contradicted,"Sanctions are described as ""indicative only"" and applied case-by-case, but no concrete examples are given for Category 2 in the provided evidence.",2,0.0865,0.9591,UOL_student_conduct2.pdf_p3_c4
S1_basic_rag,V2Q018,paraphrased,supported,"The answer is based on evidence, which specifies that for taught students, formal complaints about academic matters should be submitted to the relevant Dean of School/Institute or their equivalent, via the School/Institute Manager.",4,0.8602,0.0784,"UOL_Student,Complaints,Policy,and,Procedure.pdf_p12_c2"
S1_basic_rag,V2Q018,paraphrased,supported,"ANSWER: A taught student should submit a formal complaint about an academic matter to the relevant Dean of School/Institute or their equivalent, via the School/Institute Manager.",4,0.7444,0.2413,"UOL_Student,Complaints,Policy,and,Procedure.pdf_p12_c2"
S1_basic_rag,V2Q019,reasoning,unsupported,The student should use the UoL PC Finder tool,,0.4519,0.0738,UOL_undergraduate_handbook.pdf_p16_c8
S1_basic_rag,V2Q019,reasoning,unsupported,to book an available campus computer and the Student Support Office,1 2,0.1311,0.11,UOL_postgraduate_handbook.pdf_p16_c8
S1_basic_rag,V2Q019,reasoning,unsupported,for specialist help with finding and referencing academic sources.,3,0.4394,0.1247,UOL_postgraduate_handbook.pdf_p16_c8
S1_basic_rag,V2Q019,reasoning,supported,The Finder tool (evidence) provides access to campus computers.,1 2,0.9402,0.1655,UOL_undergraduate_handbook.pdf_p16_c8
S1_basic_rag,V2Q019,reasoning,unsupported,"The Student Support Office (evidence) offers signposting to specialized support services, including academic referencing assistance.",3,0.3794,0.1305,UOL_undergraduate_handbook.pdf_p16_c8
S1_basic_rag,V2Q020,paraphrased,supported_uncited,The answer is that one re-sit or re-take is normally allowed for each affected assessment if extenuating circumstances are accepted.,,0.9928,0.0949,UOL_extenuating_circumstances_policy.pdf_p15_c4
S1_basic_rag,V2Q020,paraphrased,supported,"This is explicitly stated in, which specifies that ""you will be permitted one re-sit/re-take of each of the examinations/assessments"" affected by extenuating circumstances.",1,0.9328,0.0356,UOL_extenuating_circumstances_policy.pdf_p15_c3
S1_basic_rag,V2Q021,factual,supported_uncited,The University can protect its Student sponsor licence by: 1.,,0.9896,0.0434,UOL_UKVI_complience.pdf_p14_c2
S1_basic_rag,V2Q021,factual,supported,"Reporting the student’s change of circumstances to UKVI via SMS and withdrawing sponsorship, requiring a new CAS.",3,0.9156,0.2329,UOL_UKVI_complience.pdf_p5_c1
S1_basic_rag,V2Q021,factual,supported,Administratively interrupting or withdrawing the student if they fail to comply with visa conditions or endanger the licence.,4,0.9513,0.199,UOL_UKVI_complience.pdf_p14_c2
S1_basic_rag,V2Q021,factual,supported,"Reporting failure to register and withdrawing the existing CAS, necessitating a new CAS for future study.",5,0.9521,0.6971,UOL_UKVI_complience.pdf_p9_c2
S1_basic_rag,V2Q022,paraphrased,nei,The protections for a student making a complaint in good faith include:,,0.0,0.0,
S1_basic_rag,V2Q022,paraphrased,supported_uncited,The University will act fairly and reasonably [2a].,,0.9858,0.028,"UOL_Student,Complaints,Policy,and,Procedure.pdf_p9_c2"
S1_basic_rag,V2Q022,paraphrased,unsupported,"The student will not suffer any disadvantage or recrimination as a result of the complaint [2d, 3i].",,0.3467,0.1134,"UOL_Student,Complaints,Policy,and,Procedure.pdf_p9_c2"
S1_basic_rag,V2Q022,paraphrased,supported_uncited,"The student must not make a vexatious, frivolous, or malicious complaint, as disciplinary action may follow [3ii].",,0.9763,0.0121,"UOL_Student,Complaints,Policy,and,Procedure.pdf_p9_c2"
S1_basic_rag,V2Q022,paraphrased,supported_uncited,These are based on the key principles and expectations outlined in the Student Complaints Policy and Procedure.,,0.9574,0.0077,"UOL_Student,Complaints,Policy,and,Procedure.pdf_p9_c2"
S1_basic_rag,V2Q023,adversarial_false_premise,unsupported,The statement is incorrect.,,0.2876,0.0666,"UOL_Student,Complaints,Policy,and,Procedure.pdf_p17_c2"
S1_basic_rag,V2Q023,adversarial_false_premise,supported,"According to evidence, the Reviewer ""will not normally correspond with or meet with the student during the course of their Review,"" except to set deadlines for additional information.",2,0.9869,0.9774,"UOL_Student,Complaints,Policy,and,Procedure.pdf_p17_c3"
S1_basic_rag,V2Q023,adversarial_false_premise,contradicted,This means direct meetings or correspondence are not required throughout the review process.,,0.9931,0.9822,"UOL_Student,Complaints,Policy,and,Procedure.pdf_p17_c3"
S1_basic_rag,V2Q024,factual,supported_uncited,The Student Route visa holder who reaches Stage Three and fails to meet the agreed re-engagement conditions must be referred to the UKVI Attendance Compliance Panel.,,0.9936,0.0853,"UOL_StudentAttendancePolicy-REVISEDJUL2025,v1.3.pdf_p9_c5"
S1_basic_rag,V2Q024,factual,unsupported,"This is explicitly stated in, which specifies that such students are referred to the UKVI panel (rather than a Progression Board) and that the panel should be convened within ten working days.",3,0.2063,0.197,"UOL_StudentAttendancePolicy-REVISEDJUL2025,v1.3.pdf_p9_c5"
S1_basic_rag,V2Q024,factual,supported_uncited,The student is not required to attend unless specifically invited.,,0.7217,0.426,"UOL_StudentAttendancePolicy-REVISEDJUL2025,v1.3.pdf_p7_c4"
S1_basic_rag,V2Q025,factual,supported_uncited,The Undergraduate Handbook recommends the following basic security precautions: 1.,,0.5321,0.0141,UOL_undergraduate_handbook.pdf_p13_c1
S1_basic_rag,V2Q025,factual,supported,Report any security concerns immediately to necessary personnel.,1,0.9832,0.2406,UOL_postgraduate_handbook.pdf_p13_c9
S1_basic_rag,V2Q025,factual,supported,"Ensure accommodation has proper security arrangements, such as window locks and good locks on doors.",3,0.9965,0.0198,UOL_undergraduate_handbook.pdf_p13_c1
S1_basic_rag,V2Q025,factual,supported,Secure personal vehicles by locking them and removing the ignition key when unattended.,3,0.9743,0.3166,UOL_undergraduate_handbook.pdf_p13_c1
S1_basic_rag,V2Q025,factual,supported,Use the University’s two-way radio system for emergency assistance in accommodation.,1,0.8824,0.1969,UOL_undergraduate_handbook.pdf_p13_c9
S1_basic_rag,V2Q025,factual,unsupported,These measures are explicitly stated in the Undergraduate Handbook evidence and.,1 3,0.0078,0.0315,UOL_undergraduate_handbook.pdf_p13_c9
S1_basic_rag,V2Q026,paraphrased,unsupported,"Students should declare any police incidents, arrests, or convictions, and in cases of loss or damage to property, they may be required to make good the damage or loss, up to £1500.",1,0.147,0.134,UOL_student_conduct2.pdf_p2_c3
S1_basic_rag,V2Q027,paraphrased,contradicted,"The purpose of the Stage Two attendance meeting is to discuss the student's absence in detail, allowing the student to explain their circumstances, and for the School (in collaboration with the student) to develop an action plan to address any required academic or pastoral support.",,0.9966,0.6683,"UOL_StudentAttendancePolicy-REVISEDJUL2025,v1.3.pdf_p7_c2"
S1_basic_rag,V2Q027,paraphrased,supported,This aims to facilitate the student's return to attendance as soon as possible.,1 2,0.9968,0.0082,"UOL_StudentAttendancePolicy-REVISEDJUL2025,v1.3.pdf_p7_c3"
S1_basic_rag,V2Q028,procedural,supported,ANSWER: They should contact their family doctor to be immunised.,1 2 3 4 5,0.9301,0.0583,UOL_undergraduate_handbook.pdf_p15_c7
S1_basic_rag,V2Q029,paraphrased,unsupported,"The University of Liverpool undertakes an annual risk-based review of all outstanding programme fee debts, and the results of this review inform its decision-making process before applying academic sanctions.",1,0.0052,0.0038,"UOL_payment_policy_2026,2027.pdf_p7_c5"
S1_basic_rag,V2Q030,procedural,unsupported,"The student can seek support from the Money Advice and Guidance service or the International Advice and Guidance team, as outlined in the University's Payment Policy 2026-27.",2,0.0143,0.0364,UOL_postgraduate_handbook.pdf_p19_c9
S1_basic_rag,V2Q030,procedural,contradicted,"These offices provide direct assistance for financial hardship, including advice on student loans, grants, and hardship funds.",,0.8807,0.919,UOL_undergraduate_handbook.pdf_p19_c2
S1_basic_rag,V2Q030,procedural,supported,"Additionally, the University Hardship Fund and Guidance team (mentioned in and) offer discretionary financial help and support for students in need.",1 3,0.8085,0.0197,UOL_postgraduate_handbook.pdf_p19_c7
S1_basic_rag,V2Q031,factual,contradicted,"The undergraduate degree classification is primarily determined by the average mark/module profile, considering the number of credits and specific rounding rules for borderline cases.",,0.683,0.9781,UOL_undergraduate_handbook.pdf_p32_c6
S1_basic_rag,V2Q031,factual,contradicted,"If a student meets the required credits (e.g., 300+ for a classified honours degree) and their average mark/profile aligns with the classification criteria (e.g., rounding rules in), they may be awarded a classified degree.",3,0.7618,0.8237,UOL_undergraduate_handbook.pdf_p32_c6
S1_basic_rag,V2Q031,factual,unsupported,The Board of Examiners also evaluates whether the student made a reasonable attempt at assessments.,5,0.1725,0.0245,UOL_undergraduate_handbook.pdf_p32_c6
S1_basic_rag,V2Q032,factual,supported_uncited,"The factors considered include whether the conduct is unwanted, related to a protected characteristic (e.g., sex, race, religion), and whether it violates the person’s dignity or creates an intimidating, hostile, degrading, humiliating, or offensive environment.",2 4 5,0.9319,0.0237,UOL_diversity-equality-opportunity-policy.pdf_p21_c1
S1_basic_rag,V2Q033,paraphrased,supported_uncited,An international student might need a new or updated ATAS certificate in the following situations: 1.,,0.9837,0.1826,UOL_UKVI_complience.pdf_p12_c4
S1_basic_rag,V2Q033,paraphrased,supported,If they extend their studies or research for more than three months.,1,0.8023,0.3615,UOL_UKVI_complience.pdf_p12_c4
S1_basic_rag,V2Q033,paraphrased,supported,If they transfer to a new programme of study or change their research discipline to a subject area requiring ATAS clearance.,2,0.9122,0.7791,UOL_UKVI_complience.pdf_p12_c3
S1_basic_rag,V2Q033,paraphrased,supported,If they apply for a new Student visa or an extension/suspension of their current visa.,4,0.798,0.7188,UOL_student_guide_visa_holders.pdf_p11_c1
S1_basic_rag,V2Q033,paraphrased,contradicted,If they resume or remain on an ATAS-applicable programme after an extension or suspension.,5,0.4297,0.6683,UOL_student_guide_visa_holders.pdf_p11_c1
S1_basic_rag,V2Q033,paraphrased,unsupported,These requirements are explicitly stated in the evidence provided.,,0.0291,0.046,UOL_student_guide_visa_holders.pdf_p4_c5
S1_basic_rag,V2Q034,procedural,supported_uncited,"Schools or Institutes are expected to ensure that assessment arrangements are appropriate, fair, rigorous, and fairly operated.",,0.8101,0.017,UOL_undergraduate_handbook.pdf_p23_c9
S1_basic_rag,V2Q034,procedural,unsupported,"This is explicitly stated in, which outlines that assessment processes in Departments and Schools/Institutes must meet these criteria to ensure validity and reliability.",1,0.0308,0.0165,UOL_undergraduate_handbook.pdf_p23_c9
S1_basic_rag,V2Q035,reasoning,supported,"The new mark from a re-assessment taken as an uncapped first attempt replaces the original mark, even if the original was higher.",1,0.9826,0.3301,UOL_extenuating_circumstances_policy.pdf_p15_c5
S1_basic_rag,V2Q035,reasoning,contradicted,"Additionally, the re-assessment is treated as a first attempt, meaning the Board of Examiners will not consider the original claim of extenuating circumstances when evaluating progression or final degree classification.",5,0.8001,0.9929,UOL_extenuating_circumstances_policy.pdf_p15_c5
S1_basic_rag,V2Q036,paraphrased,supported,"The University's equality policy defines harassment as unwanted conduct related to a protected characteristic (e.g., age, disability, gender, race, religion, sex, sexual orientation, or transgender status) or of a sexual nature.",2,0.9336,0.2585,UOL_diversity-equality-opportunity-policy.pdf_p20_c3
S1_basic_rag,V2Q036,paraphrased,supported,"Additionally, harassment may include situations where the victim is associated with someone who has a protected characteristic, is wrongly assumed to have one, or is targeted despite not having the characteristic.",3,0.959,0.0131,UOL_diversity-equality-opportunity-policy.pdf_p22_c1
S1_basic_rag,V2Q036,paraphrased,unsupported,This aligns with the Equality Act 2010 definition adopted by the University.,4,0.0818,0.0102,UOL_diversity-equality-opportunity-policy.pdf_p6_c1
S1_basic_rag,V2Q037,factual,nei,The evidence does not contain information about how often postgraduate research students must record meetings with their supervisor.,,0.0,0.0,
S1_basic_rag,V2Q037,factual,unsupported,"mentions that postgraduate research students may escalate supervision-related issues to the Review Stage within 10 working days if unresolved, but it does not specify requirements for recording meetings.",4,0.3577,0.0957,UOL_student_conduct1.pdf_p19_c3
S1_basic_rag,V2Q038,reasoning,supported_uncited,The Postgraduate Handbook advises students to use the correct academic regulations and codes for their cohort and degree because these regulations are tailored to the specific level and type of postgraduate program they are enrolled in.,,0.9189,0.0329,UOL_postgraduate_handbook.pdf_p22_c7
S1_basic_rag,V2Q038,reasoning,supported,"This ensures that the academic standards, intellectual development, and requirements are appropriate for their degree (e.g., Master’s) and align with the framework of their cohort.",2,0.7307,0.0072,UOL_postgraduate_handbook.pdf_p22_c7
S1_basic_rag,V2Q039,paraphrased,supported,"The Student Loans Company (SLC) pays a 2026–27 programme-fee loan to the University in three disbursements, as outlined in.",1,0.9756,0.0221,"UOL_payment_policy_2026,2027.pdf_p2_c3"
S1_basic_rag,V2Q039,paraphrased,unsupported,"These payments occur on specific dates with corresponding proportions of the full fee: 25% on 28 September 2026, 25% on 11 January 2027, and 50% on 5 April 2027.",,0.4361,0.0713,"UOL_payment_policy_2026,2027.pdf_p2_c3"
S1_basic_rag,V2Q040,factual,supported_uncited,"Yes, complaints about harassment or sexual misconduct can be handled under policies other than the Student Complaints Policy.",,0.8208,0.2839,"UOL_Student,Complaints,Policy,and,Procedure.pdf_p9_c1"
S1_basic_rag,V2Q040,factual,contradicted,Complaints by students against students involving harassment or sexual misconduct are addressed under the Student Conduct Policy,,0.7239,0.6917,"UOL_Student,Complaints,Policy,and,Procedure.pdf_p9_c1"
S1_basic_rag,V2Q040,factual,contradicted,Complaints by students against staff involving harassment or sexual misconduct are considered under the Bullying and Harassment Policy,,0.9387,0.879,"UOL_Student,Complaints,Policy,and,Procedure.pdf_p9_c1"
S1_basic_rag,V2Q040,factual,contradicted,or Staff Disciplinary Procedures,,0.2625,0.8946,"UOL_Student,Complaints,Policy,and,Procedure.pdf_p4_c4"
S1_basic_rag,V2Q040,factual,unsupported,The Bullying and Harassment Policy,,0.399,0.4155,"UOL_Student,Complaints,Policy,and,Procedure.pdf_p4_c4"
S1_basic_rag,V2Q040,factual,contradicted,is explicitly listed as a connected policy to the Student Complaints Policy.,2,0.0838,0.9251,"UOL_Student,Complaints,Policy,and,Procedure.pdf_p9_c1"
S1_basic_rag,V2Q040,factual,supported_uncited,"Thus, these complaints may be processed under the Student Conduct Policy, Bullying and Harassment Policy, or Staff Disciplinary Procedures.",,0.9611,0.1897,"UOL_Student,Complaints,Policy,and,Procedure.pdf_p9_c1"
S1_basic_rag,V2Q041,factual,supported_uncited,"If accepted extenuating circumstances affect an undergraduate student's final-year performance but enough assessed work exists to determine an award, the Extenuating Circumstances Committee may recommend that the student either accept the appropriate award (e.g., pass, merit, or distinction) or re-take/re-sit the missed/affected assessments as a ‘first attempt’ at the next ordinary sitting.",1 5,0.5578,0.1013,UOL_extenuating_circumstances_policy.pdf_p14_c5
S1_basic_rag,V2Q041,factual,supported_uncited,The specific outcome depends on the committee’s assessment of how the circumstances impacted performance.,,0.9874,0.0108,UOL_extenuating_circumstances_policy.pdf_p13_c5
S1_basic_rag,V2Q042,factual,contradicted,"The unauthorized use of University premises is classified as a breach under ""misuse of University property"" in the indicative student-conduct sanctions table.",,0.9077,0.6598,UOL_undergraduate_handbook.pdf_p40_c10
S1_basic_rag,V2Q042,factual,unsupported,"This is explicitly stated in (University of Liverpool Postgraduate Handbook, page 35), which identifies ""misuse of University property"" as a conduct breach.",3,0.0138,0.0616,UOL_postgraduate_handbook.pdf_p35_c8
S1_basic_rag,V2Q042,factual,supported_uncited,"The specific category (e.g., minor, major) would depend on the severity and context, as outlined in Appendix B (referenced in and), but the provided evidence does not specify the exact category for this breach.",2 5,0.8161,0.1541,UOL_undergraduate_handbook.pdf_p40_c10
S1_basic_rag,V2Q043,procedural,contradicted,"During a Master's dissertation or PhD writing-up period, a Student visa holder should treat this time as term time.",,0.9978,0.6748,UOL_student_guide_visa_holders.pdf_p2_c4
S1_basic_rag,V2Q043,procedural,supported,They must not work more than 20 hours per week and should remain living in the Liverpool area during their studies.,3,0.9932,0.9593,UOL_student_guide_visa_holders.pdf_p2_c4
S1_basic_rag,V2Q043,procedural,contradicted,"This period is considered part of their academic term, not a vacation, so full-time work or leaving the UK would violate visa conditions.",,0.3498,0.9866,UOL_student_guide_visa_holders.pdf_p2_c4
S1_basic_rag,V2Q044,reasoning,supported,"Yes, the University can start a student-conduct investigation from an anonymous report, but only if there is evidence to support a potential breach of the Student Conduct Policy (e.g., CCTV footage or social media posts).",2,0.9746,0.085,UOL_student_conduct1.pdf_p3_c3
S1_basic_rag,V2Q045,paraphrased,supported,"When an international student's personal contact details change, they must inform the University via completion of the relevant online portal as soon as it is reasonable and practicable for them to do so.",1,0.9813,0.1537,UOL_UKVI_complience.pdf_p14_c1
S1_basic_rag,V2Q046,factual,supported_uncited,"The evidence provided does not contain specific information about how to contact the ""Student Administration Centre."" The available references mention contacting the Student Services Centre, Student Fees and Funding Office, or named contacts within Schools/Institutes, but none explicitly reference the Student Administration Centre.",,0.9864,0.0211,UOL_undergraduate_handbook.pdf_p18_c7
S1_basic_rag,V2Q046,factual,contradicted,Answer: The evidence does not provide details on contacting the Student Administration Centre.,,0.5307,0.9882,"UOL_payment_policy_2026,2027.pdf_p10_c1"
S1_basic_rag,V2Q047,reasoning,nei,The evidence does not provide information about whether a student can re-sit a module affected by an accepted Personal Extenuating Circumstances (ECC) claim solely to improve their mark.,,0.0,0.0,
S1_basic_rag,V2Q047,reasoning,supported,"The policies focus on the process of submitting ECC claims, conditions for considering claims after results are confirmed, and how resits might be treated as first attempts under specific circumstances.",2,0.9843,0.3178,UOL_extenuating_circumstances_policy.pdf_p16_c5
S1_basic_rag,V2Q047,reasoning,contradicted,"However, there is no explicit mention of re-sitting for grade improvement after an accepted ECC.",,0.7226,0.7351,UOL_extenuating_circumstances_policy.pdf_p16_c2
S1_basic_rag,V2Q047,reasoning,contradicted,ANSWER: The evidence does not address this scenario.,,0.0397,0.6896,UOL_extenuating_circumstances_policy.pdf_p16_c3
S1_basic_rag,V2Q047,reasoning,supported_uncited,It is unclear from the provided policies whether re-sitting a module after an accepted ECC claim is permitted for grade improvement.,,0.6159,0.171,UOL_extenuating_circumstances_policy.pdf_p16_c5
S1_basic_rag,V2Q048,factual,supported_uncited,The University service that provides specialist immigration advice and support to international students is International Advice and Guidance (IAG).,,0.9887,0.0156,UOL_UKVI_complience.pdf_p2_c3
S1_basic_rag,V2Q048,factual,nei,This is explicitly stated in the evidence:,,0.0,0.0,
S1_basic_rag,V2Q048,factual,contradicted,"describes IAG as a team offering ""professional and expert immigration advice to international students.""",1,0.3894,0.8106,UOL_UKVI_complience.pdf_p14_c3
S1_basic_rag,V2Q048,factual,supported,"and further confirm IAG's role in advising on visa extensions, leave to remain, and compliance with UKVI regulations.",2 3,0.7282,0.1267,UOL_UKVI_complience.pdf_p14_c3
S1_basic_rag,V2Q048,factual,unsupported,also references IAG in the context of immigration status verification.,4,0.2198,0.0607,UOL_UKVI_complience.pdf_p2_c3
S1_basic_rag,V2Q048,factual,supported,Answer: International Advice and Guidance (IAG).,1 2 3 4,0.7404,0.6808,UOL_UKVI_complience.pdf_p14_c3
S1_basic_rag,V2Q049,factual,supported_uncited,The answer is that an Undergraduate Student Route visa holder normally needs to request a Confirmation of Acceptance for Studies (CAS) from Student Life at least three months before they expect to return to their studies after an interruption.,,0.6765,0.0299,UOL_UKVI_complience.pdf_p8_c3
S1_basic_rag,V2Q049,factual,unsupported,"This is specified in evidence, which states: ""7.3 International students who require a new Student Route visa in order to resume their current programme (e.g. following an interruption) must request a CAS from Student Life at least three months before they expect to return to their studies.""",1,0.3085,0.1071,UOL_UKVI_complience.pdf_p8_c3
S1_basic_rag,V2Q050,reasoning,supported_uncited,"The handbook describes that if a complaint cannot be resolved informally (Early Resolution), it should be escalated to the Formal Complaint stage.",,0.9859,0.1441,"UOL_Student,Complaints,Policy,and,Procedure.pdf_p12_c1"
S1_basic_rag,V2Q050,reasoning,contradicted,"This is explicitly stated in Evidence, which outlines that unresolved issues after Early Resolution must be escalated to the formal process.",1,0.0117,0.8049,"UOL_Student,Complaints,Policy,and,Procedure.pdf_p16_c3"
S1_basic_rag,V2Q051,procedural,supported_uncited,"To protect their immigration status while studying at Liverpool, a Student visa holder should: 1.",,0.9961,0.0032,UOL_student_guide_visa_holders.pdf_p2_c1
S1_basic_rag,V2Q051,procedural,contradicted,"Maintain full-time attendance and engagement in their course, as the Student visa is only valid if studying ""with attendance"" on a full-time course.",4,0.3823,0.5834,UOL_student_guide_visa_holders.pdf_p2_c1
S1_basic_rag,V2Q051,procedural,supported,"Provide accurate immigration documentation (e.g., passport, e-visa, arrival proof) to the University as part of registration, as required by Student Life.",3,0.7069,0.5112,UOL_UKVI_complience.pdf_p6_c2
S1_basic_rag,V2Q051,procedural,contradicted,"Inform Student Administration immediately if there are changes to their visa conditions, appeals, or administrative reviews, to ensure compliance.",5,0.0583,0.7045,UOL_student_guide_visa_holders.pdf_p9_c4
S1_basic_rag,V2Q051,procedural,supported,"Avoid working more than 20 hours per week during term time, as exceeding this limit could invalidate the visa.",4,0.995,0.0026,UOL_student_guide_visa_holders.pdf_p2_c1
S1_basic_rag,V2Q051,procedural,unsupported,These steps are critical to avoid visa cancellation or withdrawal of sponsorship.,2 5,0.0226,0.1769,UOL_student_guide_visa_holders.pdf_p2_c1
S1_basic_rag,V2Q052,paraphrased,supported,"The evidence states that if a student is recommended to seek support, advice, or guidance from internal services or external agencies after a breach, they should do so.",3,0.9356,0.3591,UOL_student_conduct1.pdf_p3_c4
S1_basic_rag,V2Q052,paraphrased,supported_uncited,"Failure to seek such support will not result in disciplinary action, though it may not be used as a mitigating factor in future cases.",,0.9514,0.0805,UOL_student_conduct2.pdf_p4_c2
S1_basic_rag,V2Q052,paraphrased,contradicted,This directly addresses the need for ongoing support after a crime.,,0.6263,0.5533,UOL_student_conduct1.pdf_p3_c4
S1_basic_rag,V2Q052,paraphrased,unsupported,"ANSWER: A postgraduate student should seek support, advice, or guidance from internal services or external agencies as recommended.",3,0.142,0.0404,UOL_undergraduate_handbook.pdf_p40_c9
S1_basic_rag,V2Q053,reasoning,supported_uncited,The importance of notifying the School before a missed examination or assessment lies in the requirement to provide prior notification as part of the extenuating circumstances process.,,0.9973,0.0839,UOL_extenuating_circumstances_policy.pdf_p4_c2
S1_basic_rag,V2Q053,reasoning,nei,This is explicitly stated in the evidence:,,0.0,0.0,
S1_basic_rag,V2Q053,reasoning,supported,emphasizes that prior notification allows the examiner to potentially excuse you without involving the committee.,1,0.9956,0.8492,UOL_extenuating_circumstances_policy.pdf_p16_c2
S1_basic_rag,V2Q053,reasoning,supported,"clarifies that prior notification is generally required, and exceptions are only granted in exceptional cases where prior notification was not feasible.",2,0.9779,0.0546,UOL_extenuating_circumstances_policy.pdf_p3_c4
S1_basic_rag,V2Q053,reasoning,supported,and both mandate informing your department/school in advance if you cannot attend an assessment or examination.,4 5,0.9939,0.9971,UOL_extenuating_circumstances_policy.pdf_p5_c5
S1_basic_rag,V2Q053,reasoning,supported_uncited,"Failure to notify the School beforehand may hinder your claim, as the process relies on advance communication to assess eligibility.",,0.9771,0.3467,UOL_extenuating_circumstances_policy.pdf_p4_c2
S1_basic_rag,V2Q053,reasoning,nei,,1 2 4 5,0.0,0.0,
S1_basic_rag,V2Q054,procedural,nei,The records that should be retained or sent to the Student Conduct Team after a local conduct investigation include:,,0.0,0.0,
S1_basic_rag,V2Q054,procedural,supported,"A copy of the notes of the investigation meeting and the outcome letter to the responding student, which should be retained by the designated staff member.",2,0.8326,0.9213,UOL_student_conduct1.pdf_p6_c4
S1_basic_rag,V2Q054,procedural,supported,"Copies of the notes of the investigation meeting, any evidence, and the outcome letters should be sent to the Student Conduct Team at StudentConduct@liverpool.ac.uk to maintain a central record.",2 4,0.7838,0.9927,UOL_student_conduct1.pdf_p6_c4
S1_basic_rag,V2Q054,procedural,supported,These requirements ensure proper documentation and accountability.,2 4,0.9774,0.0039,UOL_student_conduct1.pdf_p6_c5
S1_basic_rag,V2Q055,paraphrased,unsupported,"ANSWER: If an undergraduate student is a victim of crime (e.g., bullying, harassment, sexual misconduct, or hate crimes), they should contact the Campus Support Team, which is available 24 hours a day, seven days a week, to seek assistance.",2,0.4886,0.0593,UOL_undergraduate_handbook.pdf_p12_c4
S1_basic_rag,V2Q055,paraphrased,supported,"The Student Survival Guide, accessible online at atliverpool.ac.uk/studentsupport/advice/, also provides further guidance on staying safe and reporting incidents.",2,0.8593,0.0348,UOL_undergraduate_handbook.pdf_p12_c4
S1_basic_rag,V2Q056,reasoning,supported,"The conduct policy requires reliable identification before treating a substance as a Class A controlled drug to ensure accurate classification, as outlined in and.",1 2,0.6691,0.2925,UOL_student_conduct2.pdf_p10_c3
S1_basic_rag,V2Q056,reasoning,supported,"states the University reserves the right to classify a substance as a specific controlled drug based on evidence (e.g., student identification or procurement context).",1,0.9616,0.7678,UOL_student_conduct2.pdf_p10_c2
S1_basic_rag,V2Q056,reasoning,supported,"explicitly clarifies that possession, supply, or production is treated as Class A only if the substance is identified as such by the student or a qualified individual.",2,0.7642,0.7453,UOL_student_conduct2.pdf_p10_c3
S1_basic_rag,V2Q056,reasoning,unsupported,This prevents misclassification and ensures sanctions align with the severity of the offense.,,0.0261,0.3016,UOL_student_conduct2.pdf_p10_c1
S1_basic_rag,V2Q058,factual,supported,"The route available to a postgraduate student to challenge decisions of the Board of Examiners includes appealing the decision through the Executive Pro-Vice-Chancellor, who may appoint a senior academic member to investigate if a valid case exists.",2,0.9623,0.9602,UOL_undergraduate_handbook.pdf_p41_c7
S1_basic_rag,V2Q058,factual,supported,"Additionally, students can request a Review of a Formal Complaint if dissatisfied with the outcome.",5,0.8438,0.5509,UOL_postgraduate_handbook.pdf_p38_c1
S1_basic_rag,V2Q058,factual,unsupported,These processes are specific to postgraduate students as outlined in the Postgraduate Handbook.,,0.002,0.036,UOL_postgraduate_handbook.pdf_p37_c7
S1_basic_rag,V2Q059,paraphrased,contradicted,"The concern should move from Early Resolution to the Formal Complaint stage if the issue requires an investigation, as stated in Evidence[h]: ""If a complaint requires an investigation it shall be escalated to the formal stage below.""",2,0.3465,0.509,"UOL_Student,Complaints,Policy,and,Procedure.pdf_p12_c1"
S1_basic_rag,V2Q061,factual,supported_uncited,"The roles are divided as follows: the Academic Integrity Office (AIO) investigates academic-integrity offences, and the Academic Integrity Committee (AIC) makes recommendations to the relevant Board of Examiners based on the AIO's findings.",5,0.772,0.1767,UOL_undergraduate_handbook.pdf_p40_c10
S1_basic_rag,V2Q062,procedural,supported,"When a self-funding student pays the remaining programme fee, the tuition-fee deposit should be deducted from either the full payment amount (if paying in full) or the first payment instalment (if following a payment plan under sections 4.5–4.7).",1,0.9479,0.0689,"UOL_payment_policy_2026,2027.pdf_p5_c4"
S1_basic_rag,V2Q063,reasoning,contradicted,The updated Recognition of Prior Learning (RPL) policy implies that prior credit must be matched to specific learning outcomes,,0.9902,0.9353,"UOL_Code,of,Practice,on,Assessment,and,Appendices,2025-26,Summary,of,Changes.pdf_p6_c1"
S1_basic_rag,V2Q063,reasoning,contradicted,"of the programme, as general credit recognition is no longer permitted.",,0.3722,0.991,"UOL_Code,of,Practice,on,Assessment,and,Appendices,2025-26,Summary,of,Changes.pdf_p6_c1"
S1_basic_rag,V2Q063,reasoning,contradicted,"This is explicitly stated in evidence, which clarifies that credit can only be recognized against specific learning outcomes, not broadly or generically.",2,0.1598,0.9323,"UOL_Code,of,Practice,on,Assessment,and,Appendices,2025-26,Summary,of,Changes.pdf_p6_c1"
S1_basic_rag,V2Q064,paraphrased,contradicted,"The University recalculates programme fees when a student chooses not to register, leaves, or interrupts their programme during the academic session.",,0.9859,0.8168,"UOL_payment_policy_2026,2027.pdf_p6_c1"
S1_basic_rag,V2Q064,paraphrased,contradicted,"This is explicitly stated in Evidence (University of Liverpool Payment Policy 2026-27, page 6), section 6.1.",1,0.01,0.51,"UOL_payment_policy_2026,2027.pdf_p6_c2"
S1_basic_rag,V2Q065,paraphrased,supported_uncited,The evidence normally required for a claim of extenuating circumstances due to religious observance includes independent documentary evidence,,0.9731,0.0265,UOL_extenuating_circumstances_policy.pdf_p10_c3
S1_basic_rag,V2Q065,paraphrased,contradicted,"(e.g., a letter from a minister or religious leader) and a demonstration that the student had a requirement to attend or participate in the observance, along with reasons why they could not attend on a different occasion that did not conflict with their studies or assessments.",1,0.4309,0.7753,UOL_extenuating_circumstances_policy.pdf_p10_c3
S1_basic_rag,V2Q066,reasoning,unsupported,"A student should include all relevant issues and evidence when requesting a Review of a formal complaint because the Student Complaints Policy and Procedure explicitly requires the student to ""provide with the complaint all relevant documentation or other evidence which they wish to be taken into consideration"".",1,0.2043,0.0212,"UOL_Student,Complaints,Policy,and,Procedure.pdf_p13_c1"
S1_basic_rag,V2Q066,reasoning,unsupported,This ensures that the Review process has complete information to address the complaint effectively.,,0.043,0.0074,"UOL_Student,Complaints,Policy,and,Procedure.pdf_p13_c1"
S1_basic_rag,V2Q067,paraphrased,supported_uncited,"If IAG assesses an appeal or administrative review as unlikely to succeed, the University may administratively suspend or withdraw the student from their studies.",,0.8363,0.1326,UOL_student_guide_visa_holders.pdf_p8_c5
S1_basic_rag,V2Q067,paraphrased,supported,"This action would be reported to UKVI, requiring the student to leave the UK and apply for a new Student visa to return.",2,0.6872,0.2828,UOL_student_guide_visa_holders.pdf_p8_c5
S1_basic_rag,V2Q068,factual,supported,"The student must provide a written request to the Director of Student Experience and Enhancement, including the reason for the delay in submission and any documentary evidence supporting that reason.",4,0.9928,0.1713,"UOL_Student,Complaints,Policy,and,Procedure.pdf_p16_c2"
S1_basic_rag,V2Q069,paraphrased,supported,The University commits to stating that it wishes for the student to be granted permission to enter and remain in the UK to study at the University when it issues a Confirmation of Acceptance for Studies (CAS) under its Student sponsor licence.,1,0.9913,0.3248,UOL_UKVI_complience.pdf_p3_c1
S1_basic_rag,V2Q070,paraphrased,contradicted,"The Postgraduate Handbook's sections on student conduct are covered in evidence, which details categories of breaches, sanctions, and factors affecting disciplinary actions.",5,0.0113,0.7434,UOL_student_conduct2.pdf_p2_c1
S1_basic_rag,V2Q070,paraphrased,unsupported,"However, the provided evidence does not include specific information about programme rules in the Postgraduate Handbook.",,0.0203,0.054,UOL_student_conduct2.pdf_p2_c1
S1_basic_rag,V2Q070,paraphrased,unsupported,"Therefore, only student conduct is addressed in the evidence given.",,0.085,0.2237,UOL_student_conduct2.pdf_p2_c1
S1_basic_rag,V2Q071,factual,supported,A graduate can apply for the Graduate Route visa after being awarded an eligible qualification and after receiving confirmation from the University that a report has been processed.,1 5,0.7398,0.8042,UOL_student_guide_visa_holders.pdf_p11_c3
S1_basic_rag,V2Q071,factual,contradicted,"The guide specifies that students must apply for a new ATAS certificate and visa when eligible, which occurs post-qualification and upon University confirmation.",,0.9515,0.9714,UOL_student_guide_visa_holders.pdf_p11_c3
S1_basic_rag,V2Q072,reasoning,supported_uncited,"The Diversity and Equality of Opportunity Policy provides an overarching framework for the University’s approach to equality, and other equality-related policies and plans support this framework.",,0.9926,0.0155,UOL_diversity-equality-opportunity-policy.pdf_p30_c1
S1_basic_rag,V2Q072,reasoning,supported,"For example, Appendix D of the policy lists specific supporting documents such as the Equality Objectives Action Plan, Bullying & Harassment Policy, and Athena Swan Action Plan, which are all part of the University’s broader equality initiatives.",3,0.9866,0.0044,UOL_diversity-equality-opportunity-policy.pdf_p30_c1
S1_basic_rag,V2Q072,reasoning,supported,"Additionally, the policy’s principles are applied in specific areas like student admissions and program approvals, as outlined in the University’s governance and student-related policies.",4,0.8965,0.011,UOL_diversity-equality-opportunity-policy.pdf_p10_c1
S1_basic_rag,V2Q072,reasoning,unsupported,"The policy also emphasizes collaboration through committees like the Equality, Diversity & Inclusion Committee, which oversees advancing equality across the University.",5,0.0201,0.003,UOL_diversity-equality-opportunity-policy.pdf_p4_c1
S1_basic_rag,V2Q073,adversarial_false_premise,unsupported,The statement is incorrect.,,0.0939,0.0256,UOL_student_conduct1.pdf_p4_c2
S1_basic_rag,V2Q073,adversarial_false_premise,supported,"According to, there is no right of appeal against actions taken under Informal Resolution.",1,0.9897,0.9914,UOL_student_conduct1.pdf_p4_c2
S1_basic_rag,V2Q073,adversarial_false_premise,supported,"However, the responding student may request a review of the matter through the Local Disciplinary Action procedures by contacting the relevant staff member.",1,0.9967,0.3513,UOL_student_conduct1.pdf_p4_c2
S1_basic_rag,V2Q074,factual,supported_uncited,"Yes, a retrospective extenuating-circumstances claim about a previous resit can affect how a later resit attempt is counted.",,0.9852,0.065,UOL_extenuating_circumstances_policy.pdf_p15_c4
S1_basic_rag,V2Q074,factual,supported,"According to, if a retrospective claim is submitted after a resit period and accepted, the Extenuating Circumstances Committee may recommend that the original resit result be disregarded, and the new resit in the following academic session could be treated as a ""second attempt"" rather than a third.",2,0.9773,0.8172,UOL_extenuating_circumstances_policy.pdf_p16_c6
S1_basic_rag,V2Q074,factual,supported_uncited,"Similarly, confirms that retrospective claims submitted after the Board of Examiners may lead to the original resit being disregarded, altering the count of subsequent resits.",3,0.9799,0.1407,UOL_extenuating_circumstances_policy.pdf_p16_c6
S1_basic_rag,V2Q074,factual,unsupported,and do not address this specific scenario.,4 5,0.1096,0.403,UOL_extenuating_circumstances_policy.pdf_p13_c4
S1_basic_rag,V2Q075,procedural,nei,The answer is based on the following evidence:,,0.0,0.0,
S1_basic_rag,V2Q075,procedural,supported,"states that ""in some cases where it is accepted that independent documentary evidence is not available, less independent evidence may be acceptable."" This directly addresses the scenario where independent evidence is unavailable.",3,0.864,0.0399,UOL_extenuating_circumstances_policy.pdf_p5_c6
S1_basic_rag,V2Q075,procedural,supported,"provides specific examples of alternative evidence (e.g., funeral order of service, letter from a clergyman, or obituary) that can be submitted in place of independent documentary evidence for certain circumstances like bereavement.",4,0.9949,0.0421,UOL_extenuating_circumstances_policy.pdf_p5_c6
S1_basic_rag,V2Q075,procedural,supported,"Thus, when no independent documentary evidence is available, less independent evidence (as outlined in) or specific alternative evidence (as detailed in) may be accepted, depending on the circumstances.",3 4,0.9934,0.062,UOL_extenuating_circumstances_policy.pdf_p5_c6
S1_basic_rag,V2Q076,reasoning,contradicted,A responding student has the following support and representation options during a conduct investigation meeting: 1.,,0.9835,0.9278,"UOL_Student,Complaints,Policy,and,Procedure.pdf_p15_c1"
S1_basic_rag,V2Q076,reasoning,supported,"They may be accompanied by a friend, colleague, or another member of the University during the meeting.",2,0.9818,0.714,"UOL_Student,Complaints,Policy,and,Procedure.pdf_p15_c1"
S1_basic_rag,V2Q076,reasoning,contradicted,"They are entitled to seek legal advice at their own expense, though they cannot have a legal representative or adviser present at the meeting.",,0.9905,0.9037,UOL_student_conduct1.pdf_p12_c1
S1_basic_rag,V2Q076,reasoning,supported,Their statements can be compiled on their behalf by a legally qualified person.,3,0.9926,0.0092,UOL_student_conduct1.pdf_p12_c2
S1_basic_rag,V2Q076,reasoning,supported,"They can seek advice from the Guild of Students Advice Service, which provides trained advisers to support them.",3 4,0.9821,0.0062,UOL_student_conduct1.pdf_p12_c1
S1_basic_rag,V2Q076,reasoning,unsupported,These options are explicitly outlined in the evidence provided.,,0.0013,0.0051,"UOL_Student,Complaints,Policy,and,Procedure.pdf_p15_c1"
S1_basic_rag,V2Q077,adversarial_false_premise,unsupported,The statement is incorrect.,,0.2276,0.0916,UOL_UKVI_complience.pdf_p13_c2
S1_basic_rag,V2Q077,adversarial_false_premise,supported_uncited,"According to evidence, if IAG assesses that an appeal or administrative review is likely to fail, the University reserves the right to administratively interrupt or withdraw the student from their programme of study to protect its Student sponsor licence.",4,0.6949,0.1391,UOL_UKVI_complience.pdf_p13_c1
S1_basic_rag,V2Q077,adversarial_false_premise,contradicted,This means the University is not required to continue sponsoring the student in such cases.,,0.6878,0.8403,UOL_UKVI_complience.pdf_p13_c1
S1_basic_rag,V2Q077,adversarial_false_premise,contradicted,"Instead, the student may be advised to voluntarily suspend or withdraw, leading to the need for a new CAS and visa application.",,0.2348,0.678,UOL_student_guide_visa_holders.pdf_p8_c5
S1_basic_rag,V2Q078,procedural,supported_uncited,"The University defines potential bullying behavior as unwanted actions that are offensive, intimidating, malicious, insulting, or abusive, causing harm.",,0.9957,0.032,UOL_diversity-equality-opportunity-policy.pdf_p18_c2
S1_basic_rag,V2Q078,procedural,supported,"This includes physical or verbal abuse, threatening behavior, abusive comments (in person, written, or electronic), spreading rumors, and persistent negative criticism.",1,0.9924,0.0199,UOL_diversity-equality-opportunity-policy.pdf_p18_c2
S1_basic_rag,V2Q078,procedural,unsupported,"Additionally, specific physical conduct such as inappropriate touching, blocking someone’s path, following, or staring may also constitute bullying.",4,0.1059,0.0104,UOL_diversity-equality-opportunity-policy.pdf_p18_c2
S1_basic_rag,V2Q078,procedural,supported_uncited,These behaviors should be recognized and reported to address potential bullying under the University’s policy.,,0.9975,0.0044,UOL_diversity-equality-opportunity-policy.pdf_p5_c3
S1_basic_rag,V2Q079,factual,supported_uncited,Non-consensual sexual touching is categorised under Category 2 or 3,,0.9868,0.0836,UOL_student_conduct2.pdf_p7_c2
S1_basic_rag,V2Q079,factual,supported_uncited,in the indicative conduct sanctions.,,0.7751,0.395,UOL_student_conduct2.pdf_p7_c3
S1_basic_rag,V2Q079,factual,unsupported,"This is explicitly stated in (Student Conduct Breaches and Indicative Sanctions — Appendix B, page 7), which defines ""Touching inappropriately, in what may reasonably be Category 2 or 3 perceived to be a sexual manner, without consent"" as a breach.",1,0.0849,0.0375,UOL_student_conduct2.pdf_p7_c3
S1_basic_rag,V2Q079,factual,unsupported,"Similarly, (Student Conduct Breaches and Indicative Sanctions — Appendix B, page 7) reiterates this under point d, specifying that such touching without consent falls into Category 2 or 3.",2,0.2783,0.0703,UOL_student_conduct2.pdf_p7_c1
S1_basic_rag,V2Q079,factual,unsupported,"The categorization depends on the perceived severity of the act (Category 2 or 3), which may vary based on context, such as the nature of the touch or the relationship between parties.",,0.4986,0.4108,UOL_student_conduct2.pdf_p7_c1
S1_basic_rag,V2Q079,factual,supported_uncited,There is no mention of a specific sub-category for non-consensual touching beyond this general classification.,,0.8667,0.2745,UOL_student_conduct2.pdf_p7_c3
S1_basic_rag,V2Q080,paraphrased,supported_uncited,The protection against maternity discrimination in the non-work context applies for 26 weeks after giving birth.,,0.9944,0.1267,UOL_diversity-equality-opportunity-policy.pdf_p14_c3
S1_basic_rag,V2Q080,paraphrased,supported,"This is explicitly stated in, which specifies that in non-work contexts, such protection lasts 26 weeks post-birth, including safeguards against unfavorable treatment related to breastfeeding.",1,0.9303,0.0924,UOL_diversity-equality-opportunity-policy.pdf_p14_c3
S1_basic_rag,V2Q081,factual,supported,"The University states it is committed to creating an inclusive environment for staff, students, and visitors by making its campus, facilities, and services accessible.",2,0.9896,0.0035,UOL_diversity-equality-opportunity-policy.pdf_p11_c1
S1_basic_rag,V2Q082,paraphrased,supported_uncited,The evidence from the Postgraduate Handbook mentions that there are three stages in the complaints procedure but does not explicitly name them.,3,0.9041,0.1051,"UOL_Student,Complaints,Policy,and,Procedure.pdf_p19_c1"
S1_basic_rag,V2Q082,paraphrased,contradicted,"The provided text is incomplete or cut off, and no specific stages (e.g., Early Resolution, Formal Complaint, Review) are listed in the evidence.",,0.9017,0.5958,"UOL_Student,Complaints,Policy,and,Procedure.pdf_p6_c1"
S1_basic_rag,V2Q082,paraphrased,contradicted,"Therefore, the answer cannot be determined from the given evidence.",,0.08,0.8782,"UOL_Student,Complaints,Policy,and,Procedure.pdf_p6_c1"
S1_basic_rag,V2Q082,paraphrased,unsupported,ANSWER: The evidence does not explicitly state the three stages of the Student Complaints Procedure in the Postgraduate Handbook.,,0.4634,0.1653,"UOL_Student,Complaints,Policy,and,Procedure.pdf_p19_c1"
S1_basic_rag,V2Q083,multi_document_comparison,contradicted,The Undergraduate and Postgraduate Handbooks do not give materially different advice on securing personal belongings and reporting theft.,,0.1303,0.9205,UOL_student_conduct2.pdf_p2_c3
S1_basic_rag,V2Q083,multi_document_comparison,nei,"Both (Undergraduate Handbook) and (Postgraduate Handbook) provide identical guidance, including:",1 2,0.0,0.0,
S1_basic_rag,V2Q083,multi_document_comparison,supported,Avoiding visible valuables in cars and registering them with immobilise.,1 2,0.8445,0.7125,UOL_undergraduate_handbook.pdf_p13_c3
S1_basic_rag,V2Q083,multi_document_comparison,supported,Using a lockable phrase and not sharing details.,1 2,0.9844,0.5519,UOL_undergraduate_handbook.pdf_p13_c3
S1_basic_rag,V2Q083,multi_document_comparison,contradicted,Reporting theft to the Police and Campus Support Services.,1 2,0.0551,0.9983,UOL_undergraduate_handbook.pdf_p13_c5
S1_basic_rag,V2Q083,multi_document_comparison,contradicted,"The advice is consistent across both handbooks, so there is no material difference.",,0.0033,0.9941,UOL_undergraduate_handbook.pdf_p13_c5
S1_basic_rag,V2Q085,multi_document_comparison,contradicted,"The Undergraduate Handbook states that passing modules leads to consideration for a classified honours degree, focusing on module performance.",3,0.0119,0.9946,UOL_postgraduate_handbook.pdf_p24_c10
S1_basic_rag,V2Q085,multi_document_comparison,supported,"The Postgraduate Handbook specifies structured time frames (minimum 8 weeks, maximum 2 years) for completing awards and rules about credit accumulation (e.g., avoiding double-counting credits).",2,0.8862,0.996,UOL_postgraduate_handbook.pdf_p24_c10
S1_basic_rag,V2Q085,multi_document_comparison,unsupported,"These differences highlight that undergraduate awards emphasize module completion for honours classification, while postgraduate awards have defined duration and credit management requirements.",2 3,0.2018,0.01,UOL_postgraduate_handbook.pdf_p24_c10
S1_basic_rag,V2Q086,multi_document_comparison,unsupported,The Undergraduate and Postgraduate Handbooks distinguish the complaints route from an assessment appeal by specifying that complaints are addressed through the Student Charter’s Early Resolution process,,0.2345,0.2861,UOL_undergraduate_handbook.pdf_p42_c5
S1_basic_rag,V2Q086,multi_document_comparison,supported,"(evidence and), while assessment appeals are defined as formal challenges to academic decisions (e.g., assessments or awards) under specific grounds (evidence and).",2 3 4 5,0.7915,0.2254,UOL_postgraduate_handbook.pdf_p37_c10
S1_basic_rag,V2Q086,multi_document_comparison,contradicted,"Complaints route: Governed by the Student Charter’s Early Resolution procedure, which requires students to submit complaints in writing within 25 working days and seek informal resolution first (evidence,).",3 4,0.1977,0.7909,UOL_undergraduate_handbook.pdf_p42_c5
S1_basic_rag,V2Q086,multi_document_comparison,contradicted,"Assessment appeal: A separate process for challenging academic decisions, such as grades or awards, which may lead to a formal review by the University (evidence,).",2 5,0.2264,0.5337,UOL_postgraduate_handbook.pdf_p37_c10
S1_basic_rag,V2Q086,multi_document_comparison,supported,"The handbooks explicitly state that the complaints procedure does not cover matters with separate procedures (e.g., assessment appeals) (evidence,).",3 4,0.6852,0.952,UOL_undergraduate_handbook.pdf_p42_c5
S1_basic_rag,V2Q087,multi_document_comparison,supported,"The evidence does not explicitly connect ordinary attendance responsibilities with ""Student Route compliance."" While the policy emphasizes attendance as a key factor in retention, progression, and success (e.g.,,), and outlines student responsibilities for attendance (e.g.,), there is no specific mention of how attendance requirements are tied to compliance with a student’s individual route or program.",1 2 4,0.9919,0.0023,"UOL_StudentAttendancePolicy-REVISEDJUL2025,v1.3.pdf_p2_c1"
S1_basic_rag,V2Q087,multi_document_comparison,contradicted,"The term ""Student Route compliance"" is not defined or referenced in the provided evidence.",,0.7404,0.9633,"UOL_StudentAttendancePolicy-REVISEDJUL2025,v1.3.pdf_p8_c1"
S1_basic_rag,V2Q088,multi_document_comparison,contradicted,The monitoring expectations differ as follows: 1.,,0.6359,0.6655,UOL_UKVI_complience.pdf_p10_c2
S1_basic_rag,V2Q088,multi_document_comparison,contradicted,Postgraduate students working on a dissertation,,0.0349,0.9717,"UOL_StudentAttendancePolicy-REVISEDJUL2025,v1.3.pdf_p4_c3"
S1_basic_rag,V2Q088,multi_document_comparison,supported_uncited,are required to maintain regular contact with their allocated supervisor (at least once per semester) and must be available during normal office hours.,,0.9699,0.1248,"UOL_StudentAttendancePolicy-REVISEDJUL2025,v1.3.pdf_p4_c3"
S1_basic_rag,V2Q088,multi_document_comparison,contradicted,"If no contact is received within a rolling one-month period, they are escalated to Stage One of the intervention process.",3,0.215,0.942,"UOL_StudentAttendancePolicy-REVISEDJUL2025,v1.3.pdf_p4_c3"
S1_basic_rag,V2Q088,multi_document_comparison,contradicted,Student Route students studying abroad,,0.1096,0.8113,"UOL_StudentAttendancePolicy-REVISEDJUL2025,v1.3.pdf_p4_c2"
S1_basic_rag,V2Q088,multi_document_comparison,supported,"are monitored by the Global Opportunities Team for UKVI compliance risks, as their study abroad period is an integral part of their programme.",1,0.5107,0.7068,UOL_UKVI_complience.pdf_p10_c2
S1_basic_rag,V2Q088,multi_document_comparison,contradicted,"Additionally, they must confirm their arrival abroad and ongoing attendance at specific checkpoints (e.g., beginning of semesters).",,0.0835,0.8817,"UOL_StudentAttendancePolicy-REVISEDJUL2025,v1.3.pdf_p4_c2"
S1_basic_rag,V2Q088,multi_document_comparison,contradicted,Failure to confirm these details results in escalation to Stage One of the intervention process.,4,0.2194,0.9851,"UOL_StudentAttendancePolicy-REVISEDJUL2025,v1.3.pdf_p4_c3"
S1_basic_rag,V2Q088,multi_document_comparison,unsupported,The key differences lie in the monitoring body (Global Opportunities Team vs. Academic Advisor/supervisor) and the specific requirements (confirmation of arrival/attendance vs. regular supervisor contact).,,0.4681,0.4392,"UOL_StudentAttendancePolicy-REVISEDJUL2025,v1.3.pdf_p4_c2"
S1_basic_rag,V2Q089,multi_document_comparison,contradicted,The UKVI compliance policy (evidence) states that Student Route visa holders engaged in a period of study abroad as an integral part of their programme are permitted to remain on their existing Student Route visa and will continue to be sponsored by the University.,2,0.9612,0.9987,UOL_UKVI_complience.pdf_p10_c3
S1_basic_rag,V2Q089,multi_document_comparison,contradicted,"There is no specific mention of a ""visa-holder guide"" in the provided evidence, so the answer is based solely on the UKVI compliance policy.",,0.847,0.9857,UOL_UKVI_complience.pdf_p3_c1
S1_basic_rag,V2Q090,multi_document_comparison,supported_uncited,"The University's document-checking responsibilities for Student Route students, as outlined in the UKVI compliance policy, include: 1.",,0.9887,0.0674,UOL_UKVI_complience.pdf_p6_c1
S1_basic_rag,V2Q090,multi_document_comparison,supported,"Verifying and retaining copies of students' passports, e-visas, and arrival documentation (evidence).",3,0.9889,0.0352,UOL_UKVI_complience.pdf_p6_c1
S1_basic_rag,V2Q090,multi_document_comparison,supported_uncited,Monitoring students' right to remain in the UK and requesting further information or documentation as necessary (evidence).,4,0.9379,0.0286,UOL_UKVI_complience.pdf_p14_c1
S1_basic_rag,V2Q090,multi_document_comparison,supported,Having the right to request appropriate evidence from students to confirm compliance with visa conditions (evidence).,5,0.9393,0.0173,UOL_UKVI_complience.pdf_p13_c7
S1_basic_rag,V2Q090,multi_document_comparison,unsupported,"These responsibilities are explicitly stated in the policy, emphasizing proactive verification and ongoing compliance monitoring by the University (via Student Life).",,0.118,0.0027,UOL_UKVI_complience.pdf_p6_c3
S1_basic_rag,V2Q091,multi_document_comparison,unsupported,The evidence provided does not mention Appendix B at all.,,0.3092,0.4481,UOL_student_conduct1.pdf_p11_c5
S1_basic_rag,V2Q091,multi_document_comparison,unsupported,"All references are to Appendix A, which outlines procedures for student conduct cases, including panels, investigations, and accompaniment rights.",,0.4182,0.0454,UOL_student_conduct1.pdf_p11_c5
S1_basic_rag,V2Q091,multi_document_comparison,unsupported,There is no information in the evidence about the role of Appendix B.,,0.0144,0.4832,UOL_student_conduct1.pdf_p11_c5
S1_basic_rag,V2Q093,multi_document_synthesis,supported,"The conduct framework indicates that abusive conduct in an intimate relationship is considered a serious breach, potentially classified as a Category 1 breach under, which may involve aggravating factors and could lead to referral to the University Disciplinary Panel.",1,0.9904,0.0055,UOL_student_conduct2.pdf_p5_c1
S1_basic_rag,V2Q093,multi_document_synthesis,supported,"Regarding grounds for appeal, states that a student may appeal if the sanction is deemed disproportionate to the breach, requiring the student to demonstrate a valid reason for the lack of information at the time of the decision.",4,0.9934,0.1152,UOL_student_conduct1.pdf_p27_c1
S1_basic_rag,V2Q093,multi_document_synthesis,supported_uncited,Sensitivity of information is not a valid reason for appeal.,,0.9901,0.0472,UOL_student_conduct1.pdf_p27_c1
S1_basic_rag,V2Q094,multi_document_synthesis,unsupported,A complaint involving harassment or sexual misconduct can move into the student-conduct process because such complaints are explicitly covered under the Student Conduct Policy (evidence).,5,0.4303,0.0854,"UOL_Student,Complaints,Policy,and,Procedure.pdf_p9_c1"
S1_basic_rag,V2Q094,multi_document_synthesis,nei,"If the original report is anonymous, the process may still proceed under specific conditions:",,0.0,0.0,
S1_basic_rag,V2Q094,multi_document_synthesis,supported,"An anonymous complaint can be investigated if there is supporting evidence (e.g., CCTV footage or social media posts) indicating a potential policy breach.",3,0.9876,0.0315,UOL_student_conduct1.pdf_p3_c3
S1_basic_rag,V2Q094,multi_document_synthesis,supported,"In exceptional circumstances (e.g., genuine fear of reprisals), the reporting student’s identity may be withheld from the responding student, though this is rare and assessed case-by-case.",1,0.9952,0.0147,UOL_student_conduct1.pdf_p3_c2
S1_basic_rag,V2Q094,multi_document_synthesis,supported,"However, if the reporting party does not wish the substance of the allegation disclosed to the responding party, the report cannot be investigated.",1 3,0.9718,0.0278,UOL_student_conduct1.pdf_p3_c2
S1_basic_rag,V2Q094,multi_document_synthesis,supported,"Anonymous complaints may face limitations in the investigation process, and staff should seek guidance from their line manager.",2,0.9993,0.0131,"UOL_Student,Complaints,Policy,and,Procedure.pdf_p7_c4"
S1_basic_rag,V2Q095,multi_document_synthesis,supported_uncited,The evidence does not explicitly state what specific engagement is expected from students involved in a harassment or sexual-misconduct complaint handled as a student-conduct investigation.,,0.9921,0.0692,UOL_student_conduct1.pdf_p3_c4
S1_basic_rag,V2Q095,multi_document_synthesis,supported,"While mentions that the responding student may be informed of outcomes or required actions (e.g., ""Write to the responding student informing them no further action is to be taken""), it does not detail further engagement requirements beyond this notification.",3,0.9834,0.5702,UOL_student_conduct1.pdf_p13_c4
S1_basic_rag,V2Q095,multi_document_synthesis,supported_uncited,Other evidence focuses on procedural steps rather than student participation.,,0.5394,0.0663,"UOL_Student,Complaints,Policy,and,Procedure.pdf_p9_c1"
S1_basic_rag,V2Q095,multi_document_synthesis,contradicted,Answer: The evidence does not specify detailed engagement expectations beyond informing the student of outcomes or actions.,3,0.4716,0.6,UOL_student_conduct1.pdf_p3_c4
S1_basic_rag,V2Q096,multi_document_synthesis,supported,"The University support services can help by advising the student on alternative evidence they could provide, as outlined in and.",1 2,0.9819,0.0234,UOL_extenuating_circumstances_policy.pdf_p5_c6
S1_basic_rag,V2Q096,multi_document_synthesis,supported_uncited,"Specifically, states that academic advisers or teaching support staff can guide students on what alternative evidence might be acceptable (e.g., for bereavement, a funeral order of service, or a letter from a clergyman).",1,0.9966,0.2871,UOL_extenuating_circumstances_policy.pdf_p5_c6
S1_basic_rag,V2Q096,multi_document_synthesis,supported,"further emphasizes that even without independent documentary evidence, students should submit their claim form on time, and support staff can assist in identifying suitable alternatives.",2,0.995,0.1012,UOL_extenuating_circumstances_policy.pdf_p5_c6
S1_basic_rag,V2Q096,multi_document_synthesis,supported_uncited,"For wider support needs, the evidence does not explicitly address how services address non-claim-related needs (e.g",,0.5996,0.085,UOL_extenuating_circumstances_policy.pdf_p8_c4
S1_basic_rag,V2Q097,multi_document_synthesis,unsupported,The student should immediately inform their department/school in writing or by email before the assessment to request authorization for absence due to illness or unavoidable circumstances.,1,0.0688,0.3815,UOL_undergraduate_handbook.pdf_p34_c1
S1_basic_rag,V2Q097,multi_document_synthesis,supported,"If acceptable evidence of 'good cause' (e.g., a medical note) is provided, they may be granted a right to re-assessment as a first attempt.",1,0.9804,0.0339,UOL_extenuating_circumstances_policy.pdf_p3_c3
S1_basic_rag,V2Q097,multi_document_synthesis,supported_uncited,"Support options include seeking re-assessment through the Extenuating Circumstances Committee process, provided the absence is authorized and evidence is submitted.",,0.9924,0.0101,UOL_extenuating_circumstances_policy.pdf_p3_c3
S1_basic_rag,V2Q098,multi_document_synthesis,contradicted,"To distinguish foreseeable financial difficulty from circumstances justifying an extenuating circumstances claim, a student should assess whether the financial issue was reasonably foreseeable",,0.9673,0.5201,UOL_extenuating_circumstances_policy.pdf_p2_c4
S1_basic_rag,V2Q098,multi_document_synthesis,contradicted,"(e.g., due to predictable employment pressures, planned expenses, or avoidable circumstances).",,0.4292,0.5229,UOL_extenuating_circumstances_policy.pdf_p2_c5
S1_basic_rag,V2Q098,multi_document_synthesis,unsupported,"If the financial difficulty was foreseeable, it does not qualify as an extenuating circumstance.",5,0.0753,0.3066,UOL_extenuating_circumstances_policy.pdf_p2_c5
S1_basic_rag,V2Q098,multi_document_synthesis,contradicted,"If it was unforeseeable and beyond the student’s control, it may support a claim.",,0.8786,0.9383,UOL_extenuating_circumstances_policy.pdf_p5_c4
S1_basic_rag,V2Q099,multi_document_synthesis,supported_uncited,A student with a long-term health condition should prioritize seeking reasonable adjustments through the University’s Disability Advice and Guidance Team rather than interrupting study via repeated Extenuating Circumstances claims.,,0.9917,0.0183,UOL_extenuating_circumstances_policy.pdf_p5_c4
S1_basic_rag,V2Q099,multi_document_synthesis,supported,"For long-term conditions, the University expects students to discuss potential impacts on their studies with the Disability Advice and Guidance Team in advance of assessments to determine if adjustments are needed.",2,0.9939,0.4965,UOL_extenuating_circumstances_policy.pdf_p7_c7
S1_basic_rag,V2Q099,multi_document_synthesis,supported,"If the condition persists for six or more months, students should contact the Disability Team to explore reasonable adjustments instead of relying on repeated Extenuating Circumstances claims, as ongoing conditions should be managed through adjustments rather than repeated interruptions.",5,0.8829,0.0518,"UOL_StudentAttendancePolicy-REVISEDJUL2025,v1.3.pdf_p2_c1"
S1_basic_rag,V2Q099,multi_document_synthesis,contradicted,"Reasonable adjustments are designed to accommodate long-term conditions, whereas Extenuating Circumstances claims are typically for unforeseeable or short-term issues.",1 5,0.512,0.6058,UOL_extenuating_circumstances_policy.pdf_p2_c4
S1_basic_rag,V2Q099,multi_document_synthesis,unsupported,This approach avoids unnecessary interruptions to study and ensures the student receives tailored support.,5,0.3874,0.1962,"UOL_StudentAttendancePolicy-REVISEDJUL2025,v1.3.pdf_p2_c1"
S1_basic_rag,V2Q100,multi_document_synthesis,supported,A sponsored student must provide an official sponsor letter or purchase order (on official letter headed paper) from their sponsor before registering for the session to which the sponsorship applies.,1 3,0.8677,0.6191,"UOL_payment_policy_2026,2027.pdf_p9_c1"
S1_basic_rag,V2Q100,multi_document_synthesis,supported,"If they still face financial difficulty, the University offers support through its University Hardship Fund, which can assist students experiencing financial hardship, including cases where other funding has been delayed.",5,0.8115,0.2433,UOL_undergraduate_handbook.pdf_p19_c2
S1_basic_rag,V2Q101,multi_document_synthesis,unsupported,"The equality policy and complaints policy work together by defining the scope of discrimination, harassment, and sexual misconduct (via the equality policy) and providing a structured process for students to report and address such issues (via the complaints policy).",,0.3063,0.0382,"UOL_Student,Complaints,Policy,and,Procedure.pdf_p10_c1"
S1_basic_rag,V2Q101,multi_document_synthesis,unsupported,"The equality policy (evidence and) establishes definitions of harassment, discrimination, and the University’s legal obligations under the Equality Act, ensuring that complaints are evaluated against these standards.",4 5,0.071,0.0917,"UOL_Student,Complaints,Policy,and,Procedure.pdf_p1_c2"
S1_basic_rag,V2Q101,multi_document_synthesis,supported,"The complaints policy (evidence and) outlines procedures for students to submit complaints related to harassment or sexual misconduct, including requirements for documentation and confidentiality, which align with the equality policy’s framework.",1 3,0.5382,0.0283,"UOL_Student,Complaints,Policy,and,Procedure.pdf_p10_c1"
S1_basic_rag,V2Q101,multi_document_synthesis,supported,"Thus, the equality policy sets the criteria for what constitutes unacceptable behavior, while the complaints policy ensures students can formally report and seek resolution for such issues.",1 3 4 5,0.9084,0.0458,"UOL_Student,Complaints,Policy,and,Procedure.pdf_p10_c1"
S1_basic_rag,V2Q102,multi_document_synthesis,supported_uncited,"The evidence does not explicitly clarify the relationship between assessment appeals and other student challenge routes (e.g., extenuating circumstances, disciplinary processes, or academic misconduct appeals).",,0.735,0.0458,UOL_postgraduate_handbook.pdf_p26_c5
S1_basic_rag,V2Q102,multi_document_synthesis,unsupported,"While and define assessment appeals as formal challenges to University decisions on assessments and awards, and and outline procedures for extenuating circumstances, there is no mention of how these routes interact or differ in the 2025–26 changes.",1 2 3 5,0.2141,0.2312,UOL_postgraduate_handbook.pdf_p26_c5
S1_basic_rag,V2Q102,multi_document_synthesis,unsupported,The evidence does not address other potential challenge routes beyond these two.,,0.0113,0.0066,UOL_postgraduate_handbook.pdf_p26_c5
S1_basic_rag,V2Q102,multi_document_synthesis,nei,",,,",1 2 3 5,0.0,0.0,
S3_corrective_rag,V2Q001,paraphrased,unsupported,I cannot answer this question reliably from the available University documents.,,0.3011,0.0132,UOL_student_guide_visa_holders.pdf_p10_c4
S3_corrective_rag,V2Q001,paraphrased,supported_uncited,The retrieved evidence does not adequately support a complete answer: 1 claim(s) in the draft answer were contradicted by the retrieved evidence.,,0.7005,0.0406,UOL_student_guide_visa_holders.pdf_p10_c4
S3_corrective_rag,V2Q001,paraphrased,contradicted,"Please consult the relevant policy document directly, or contact Student Services for authoritative guidance.",,0.0783,0.5069,UOL_UKVI_complience.pdf_p11_c1
S3_corrective_rag,V2Q002,paraphrased,supported,"Students and staff should raise concerns by reporting incidents to their line manager, Head of Department, HR Business Partner, or programme leader, and/or using the University’s Report and Support provision (named or anonymously).",1,0.9965,0.0688,UOL_diversity-equality-opportunity-policy.pdf_p5_c3
S3_corrective_rag,V2Q002,paraphrased,supported,"They should also challenge unlawful behavior through appropriate departmental structures or reporting procedures, such as Report & Support.",2 3,0.9807,0.0599,UOL_diversity-equality-opportunity-policy.pdf_p5_c3
S3_corrective_rag,V2Q003,procedural,unsupported,I cannot answer this question reliably from the available University documents.,,0.0516,0.0861,UOL_extenuating_circumstances_policy.pdf_p17_c4
S3_corrective_rag,V2Q003,procedural,unsupported,The retrieved evidence does not adequately support a complete answer: 50% of the claims in the draft answer could not be verified against the retrieved evidence.,,0.3534,0.0221,UOL_undergraduate_handbook.pdf_p35_c2
S3_corrective_rag,V2Q003,procedural,supported_uncited,"Please consult the relevant policy document directly, or contact Student Services for authoritative guidance.",,0.5501,0.0939,UOL_undergraduate_handbook.pdf_p35_c2
S3_corrective_rag,V2Q004,paraphrased,unsupported,The 2025–26 changes include: 1.,,0.1702,0.0049,"UOL_Code,of,Practice,on,Assessment,and,Appendices,2025-26,Summary,of,Changes.pdf_p1_c1"
S3_corrective_rag,V2Q004,paraphrased,supported_uncited,Academic integrity categories: The original categories (A–E) were relabeled.,,0.8317,0.0303,"UOL_Code,of,Practice,on,Assessment,and,Appendices,2025-26,Summary,of,Changes.pdf_p3_c4"
S3_corrective_rag,V2Q004,paraphrased,supported,"Category A (""minor error"") was removed, and Categories B–E became Categories 1–4.",3,0.9695,0.0191,"UOL_Code,of,Practice,on,Assessment,and,Appendices,2025-26,Summary,of,Changes.pdf_p3_c4"
S3_corrective_rag,V2Q004,paraphrased,supported,"Self-plagiarism: A new offense called ""self-plagiarism/re-use of work"" was introduced, defined as reusing one’s own submitted work without acknowledgment.",3,0.7657,0.0387,"UOL_Code,of,Practice,on,Assessment,and,Appendices,2025-26,Summary,of,Changes.pdf_p3_c4"
S3_corrective_rag,V2Q004,paraphrased,supported,"Personal extenuating circumstances (PECs): PECs cannot excuse academic misconduct but may mitigate penalties for Categories 2, 3, or 4 offenses if accepted under the Additional Considerations Policy.",3,0.978,0.042,"UOL_Code,of,Practice,on,Assessment,and,Appendices,2025-26,Summary,of,Changes.pdf_p3_c4"
S3_corrective_rag,V2Q004,paraphrased,unsupported,These changes are detailed in Evidence.,3,0.0037,0.0037,UOL_undergraduate_handbook.pdf_p36_c9
S3_corrective_rag,V2Q005,adversarial_false_premise,unsupported,I cannot answer this question reliably from the available University documents.,,0.4345,0.4248,UOL_postgraduate_handbook.pdf_p34_c1
S3_corrective_rag,V2Q005,adversarial_false_premise,unsupported,The retrieved evidence does not adequately support a complete answer: 2 claim(s) in the draft answer were contradicted by the retrieved evidence.,,0.2343,0.3146,UOL_undergraduate_handbook.pdf_p38_c3
S3_corrective_rag,V2Q005,adversarial_false_premise,contradicted,"Please consult the relevant policy document directly, or contact Student Services for authoritative guidance.",,0.1879,0.962,UOL_postgraduate_handbook.pdf_p34_c1
S3_corrective_rag,V2Q006,factual,supported,"The expected participation from students involved in a student-conduct investigation includes fully engaging with the procedure, which entails attending investigation meetings, agreeing to meeting notes or statements, and participating in University Disciplinary Panels when required.",1,0.879,0.0138,UOL_student_conduct1.pdf_p12_c3
S3_corrective_rag,V2Q006,factual,supported,"Both reporting and responding students, as well as witnesses, are expected to engage fully in this process.",2,0.9906,0.0063,UOL_student_conduct1.pdf_p12_c2
S3_corrective_rag,V2Q006,factual,supported,Failure to participate may result in the investigation being closed.,1,0.9813,0.1278,UOL_student_conduct1.pdf_p12_c3
S3_corrective_rag,V2Q007,factual,supported,A student can be escalated to Stage Two under the Attendance Policy if their absence extends to eight consecutive unauthorised missed contact points.,1 2,0.9978,0.9773,"UOL_StudentAttendancePolicy-REVISEDJUL2025,v1.3.pdf_p7_c1"
S3_corrective_rag,V2Q008,procedural,unsupported,"After a student is notified that programme-fee payments remain outstanding, the University will give them 5 working days to settle the outstanding balance.",1,0.3794,0.1306,"UOL_payment_policy_2026,2027.pdf_p7_c3"
S3_corrective_rag,V2Q008,procedural,supported,"If the student fails to pay within this period, the University will apply academic sanctions as prescribed in section 7.1, which include restricting access to services such as Library services, MWS account (and all University IT facilities), Graduate Document Portal, and the ability to request secure documents.",5,0.849,0.0307,"UOL_payment_policy_2026,2027.pdf_p7_c2"
S3_corrective_rag,V2Q008,procedural,supported,These sanctions will remain in place until the student settles the debt or establishes a suitable payment arrangement.,5,0.9478,0.0142,"UOL_payment_policy_2026,2027.pdf_p7_c2"
S3_corrective_rag,V2Q009,paraphrased,supported,The responding student normally has 7 working days to reply after receiving the investigation report and allegations before Chair's Action.,1,0.9871,0.1989,UOL_student_conduct1.pdf_p15_c4
S3_corrective_rag,V2Q011,adversarial_false_premise,unsupported,I cannot answer this question reliably from the available University documents.,,0.1173,0.017,UOL_student_conduct1.pdf_p28_c1
S3_corrective_rag,V2Q011,adversarial_false_premise,unsupported,The retrieved evidence does not adequately support a complete answer: 67% of the claims in the draft answer could not be verified against the retrieved evidence.,,0.0145,0.0058,UOL_student_conduct1.pdf_p28_c2
S3_corrective_rag,V2Q011,adversarial_false_premise,unsupported,"Please consult the relevant policy document directly, or contact Student Services for authoritative guidance.",,0.084,0.0496,UOL_student_conduct1.pdf_p28_c2
S3_corrective_rag,V2Q012,adversarial_false_premise,contradicted,I cannot answer this question reliably from the available University documents.,,0.0624,0.619,UOL_postgraduate_handbook.pdf_p24_c3
S3_corrective_rag,V2Q012,adversarial_false_premise,contradicted,The retrieved evidence does not adequately support a complete answer: 50% of the claims in the draft answer could not be verified against the retrieved evidence.,,0.1385,0.9084,UOL_postgraduate_handbook.pdf_p23_c3
S3_corrective_rag,V2Q012,adversarial_false_premise,contradicted,"Please consult the relevant policy document directly, or contact Student Services for authoritative guidance.",,0.0988,0.8566,UOL_postgraduate_handbook.pdf_p23_c6
S3_corrective_rag,V2Q013,factual,unsupported,I cannot answer this question reliably from the available University documents.,,0.2173,0.0838,UOL_student_conduct2.pdf_p2_c2
S3_corrective_rag,V2Q013,factual,supported_uncited,The retrieved evidence does not adequately support a complete answer: 1 claim(s) in the draft answer were contradicted by the retrieved evidence.,,0.7992,0.0128,UOL_student_conduct2.pdf_p5_c1
S3_corrective_rag,V2Q013,factual,unsupported,"Please consult the relevant policy document directly, or contact Student Services for authoritative guidance.",,0.3956,0.043,UOL_student_conduct2.pdf_p5_c1
S3_corrective_rag,V2Q014,factual,unsupported,I cannot answer this question reliably from the available University documents.,,0.4505,0.0144,UOL_extenuating_circumstances_policy.pdf_p10_c3
S3_corrective_rag,V2Q014,factual,unsupported,The retrieved evidence does not adequately support a complete answer: 1 claim(s) in the draft answer were contradicted by the retrieved evidence.,,0.0512,0.0089,UOL_extenuating_circumstances_policy.pdf_p16_c6
S3_corrective_rag,V2Q014,factual,unsupported,"Please consult the relevant policy document directly, or contact Student Services for authoritative guidance.",,0.0964,0.0239,UOL_extenuating_circumstances_policy.pdf_p16_c6
S3_corrective_rag,V2Q015,adversarial_false_premise,unsupported,I cannot answer this question reliably from the available University documents.,,0.2273,0.1642,UOL_postgraduate_handbook.pdf_p33_c5
S3_corrective_rag,V2Q015,adversarial_false_premise,unsupported,The retrieved evidence does not adequately support a complete answer: 1 claim(s) in the draft answer were contradicted by the retrieved evidence.,,0.3507,0.4854,UOL_postgraduate_handbook.pdf_p33_c5
S3_corrective_rag,V2Q015,adversarial_false_premise,contradicted,"Please consult the relevant policy document directly, or contact Student Services for authoritative guidance.",,0.3713,0.9478,UOL_postgraduate_handbook.pdf_p33_c5
S3_corrective_rag,V2Q016,factual,unsupported,I cannot answer this question reliably from the available University documents.,,0.0268,0.0365,"UOL_StudentAttendancePolicy-REVISEDJUL2025,v1.3.pdf_p2_c3"
S3_corrective_rag,V2Q016,factual,unsupported,The retrieved evidence does not adequately support a complete answer: 50% of the claims in the draft answer could not be verified against the retrieved evidence.,,0.0728,0.2481,"UOL_StudentAttendancePolicy-REVISEDJUL2025,v1.3.pdf_p2_c3"
S3_corrective_rag,V2Q016,factual,unsupported,"Please consult the relevant policy document directly, or contact Student Services for authoritative guidance.",,0.0421,0.1243,"UOL_StudentAttendancePolicy-REVISEDJUL2025,v1.3.pdf_p2_c3"
S3_corrective_rag,V2Q017,procedural,unsupported,I cannot answer this question reliably from the available University documents.,,0.0789,0.0528,UOL_undergraduate_handbook.pdf_p40_c6
S3_corrective_rag,V2Q017,procedural,unsupported,The retrieved evidence does not adequately support a complete answer: 1 claim(s) in the draft answer were contradicted by the retrieved evidence.,,0.4071,0.02,UOL_student_conduct2.pdf_p3_c4
S3_corrective_rag,V2Q017,procedural,unsupported,"Please consult the relevant policy document directly, or contact Student Services for authoritative guidance.",,0.1549,0.1086,UOL_student_conduct2.pdf_p3_c1
S3_corrective_rag,V2Q018,paraphrased,supported,A taught student should submit a formal complaint about an academic matter to the relevant Dean of School/Institute or their equivalent via the relevant School/Institute Manager.,1,0.9584,0.4926,"UOL_Student,Complaints,Policy,and,Procedure.pdf_p12_c2"
S3_corrective_rag,V2Q020,paraphrased,unsupported,I cannot answer this question reliably from the available University documents.,,0.0059,0.0052,UOL_extenuating_circumstances_policy.pdf_p13_c2
S3_corrective_rag,V2Q020,paraphrased,unsupported,The retrieved evidence does not adequately support a complete answer: 50% of the claims in the draft answer could not be verified against the retrieved evidence.,,0.0151,0.0093,UOL_extenuating_circumstances_policy.pdf_p15_c3
S3_corrective_rag,V2Q020,paraphrased,unsupported,"Please consult the relevant policy document directly, or contact Student Services for authoritative guidance.",,0.0802,0.0454,UOL_extenuating_circumstances_policy.pdf_p15_c3
S3_corrective_rag,V2Q021,factual,unsupported,I cannot answer this question reliably from the available University documents.,,0.0837,0.016,UOL_UKVI_complience.pdf_p9_c2
S3_corrective_rag,V2Q021,factual,supported_uncited,The retrieved evidence does not adequately support a complete answer: 1 claim(s) in the draft answer were contradicted by the retrieved evidence.,,0.5772,0.0303,UOL_UKVI_complience.pdf_p13_c6
S3_corrective_rag,V2Q021,factual,unsupported,"Please consult the relevant policy document directly, or contact Student Services for authoritative guidance.",,0.2453,0.1343,UOL_UKVI_complience.pdf_p13_c6
S3_corrective_rag,V2Q022,paraphrased,nei,The protections for a student making a complaint in good faith include:,,0.0,0.0,
S3_corrective_rag,V2Q022,paraphrased,supported,The University will act fairly and reasonably in all circumstances.,1,0.9902,0.1215,"UOL_Student,Complaints,Policy,and,Procedure.pdf_p6_c1"
S3_corrective_rag,V2Q022,paraphrased,supported,The University will not disadvantage or recriminate the complainant for making a good faith complaint.,1,0.9984,0.108,"UOL_Student,Complaints,Policy,and,Procedure.pdf_p9_c2"
S3_corrective_rag,V2Q022,paraphrased,supported,"Students will be treated fairly and consistently, and will not suffer disadvantage or recrimination as a result of a good faith complaint.",2,0.9967,0.5113,"UOL_Student,Complaints,Policy,and,Procedure.pdf_p9_c2"
S3_corrective_rag,V2Q022,paraphrased,nei,The responsibility for a student making a complaint in good faith is:,,0.0,0.0,
S3_corrective_rag,V2Q022,paraphrased,supported,"Students are expected not to make a vexatious, frivolous, or malicious complaint; if a complaint is adjudged to be such, disciplinary action may be taken against the complainant.",2,0.986,0.0176,"UOL_Student,Complaints,Policy,and,Procedure.pdf_p9_c2"
S3_corrective_rag,V2Q022,paraphrased,supported,These points are derived from the key principles and expectations outlined in the Student Complaints Policy and Procedure.,1 2,0.8603,0.0104,"UOL_Student,Complaints,Policy,and,Procedure.pdf_p9_c2"
S3_corrective_rag,V2Q023,adversarial_false_premise,supported_uncited,The assumption that a complaint reviewer must always meet or correspond with the student throughout the review is incorrect.,,0.9958,0.0119,"UOL_Student,Complaints,Policy,and,Procedure.pdf_p17_c3"
S3_corrective_rag,V2Q023,adversarial_false_premise,supported,"Evidence states: ""The Reviewer will not normally correspond with or meet with the student during the course of their Review.",1,0.9858,0.0297,"UOL_Student,Complaints,Policy,and,Procedure.pdf_p17_c3"
S3_corrective_rag,V2Q023,adversarial_false_premise,supported,"The exception to this is where it is necessary to correspond to set deadlines for receipt of additional information."" Evidence similarly clarifies: ""The Reviewer will not normally correspond..."" Thus, meetings or correspondence are not required unless specific circumstances (e.g., deadlines) arise.",1 2,0.9335,0.0892,"UOL_Student,Complaints,Policy,and,Procedure.pdf_p17_c2"
S3_corrective_rag,V2Q023,adversarial_false_premise,unsupported,The question’s assumption is false.,,0.3224,0.3296,"UOL_Student,Complaints,Policy,and,Procedure.pdf_p17_c2"
S3_corrective_rag,V2Q024,factual,supported,The Student Route visa holder who reaches Stage Three and fails to meet the agreed re-engagement conditions must be referred to the UKVI Attendance Compliance Panel.,1,0.9936,0.0757,"UOL_StudentAttendancePolicy-REVISEDJUL2025,v1.3.pdf_p9_c5"
S3_corrective_rag,V2Q024,factual,supported,"This referral is required within ten working days, and the student is not obligated to attend unless specifically invited.",1,0.9904,0.0159,"UOL_StudentAttendancePolicy-REVISEDJUL2025,v1.3.pdf_p9_c5"
S3_corrective_rag,V2Q025,factual,unsupported,The Undergraduate Handbook recommends the following basic security precautions: 1.,,0.0129,0.0012,UOL_undergraduate_handbook.pdf_p13_c9
S3_corrective_rag,V2Q025,factual,supported,Reporting any security concerns immediately to the necessary personnel.,1,0.9813,0.0011,UOL_undergraduate_handbook.pdf_p13_c9
S3_corrective_rag,V2Q025,factual,supported,"Making the University’s security arrangements, which may involve contacting on-site halls staff or external security.",1,0.9911,0.0011,UOL_undergraduate_handbook.pdf_p13_c9
S3_corrective_rag,V2Q025,factual,supported,Using the emergency number to ensure the security of belongings and organize immediate assistance in an emergency.,1,0.9943,0.0004,UOL_undergraduate_handbook.pdf_p13_c9
S3_corrective_rag,V2Q025,factual,supported,Utilizing the two-way radio system between the office building and outside security staff for rapid response.,1,0.988,0.0011,UOL_undergraduate_handbook.pdf_p13_c9
S3_corrective_rag,V2Q025,factual,unsupported,These measures are explicitly outlined in the evidence provided.,,0.0018,0.0015,UOL_undergraduate_handbook.pdf_p13_c9
S3_corrective_rag,V2Q027,paraphrased,supported,"The purpose of the Stage Two attendance meeting is to discuss the student's absence in detail and collaboratively develop an action plan to address any academic or pastoral support needs, with the expectation that the student will resume attendance on their programme as soon as possible after agreeing to the plan.",1 2,0.9949,0.8996,"UOL_StudentAttendancePolicy-REVISEDJUL2025,v1.3.pdf_p7_c2"
S3_corrective_rag,V2Q029,paraphrased,supported,"The University undertakes an annual risk-based review of all outstanding programme fee debts, and the results of this review inform its decision-making before applying academic sanctions.",1,0.9621,0.0057,"UOL_payment_policy_2026,2027.pdf_p7_c5"
S3_corrective_rag,V2Q030,procedural,supported,The University offers the University Hardship Fund for students experiencing financial hardship.,1 2,0.8814,0.0113,UOL_undergraduate_handbook.pdf_p19_c2
S3_corrective_rag,V2Q030,procedural,unsupported,"Students can also contact Money Advice and Guidance, Student Fees and Funding Office, or International Advice and Guidance for specific support.",3 4,0.0082,0.0057,"UOL_payment_policy_2026,2027.pdf_p10_c2"
S3_corrective_rag,V2Q030,procedural,supported,"Additionally, academic Schools/Departments may provide discretionary financial help.",1 2,0.5064,0.0218,UOL_undergraduate_handbook.pdf_p19_c2
S3_corrective_rag,V2Q031,factual,supported,"The degree classification is primarily determined by the Board of Examiners, who assess the student's performance based on marks for levels 4 and 5, as stated in.",2,0.5851,0.6148,UOL_undergraduate_handbook.pdf_p28_c8
S3_corrective_rag,V2Q031,factual,supported_uncited,This process supersedes earlier marks and considers re-assessment under specific circumstances.,,0.99,0.042,UOL_undergraduate_handbook.pdf_p28_c8
S3_corrective_rag,V2Q032,factual,supported_uncited,The factors considered when deciding whether conduct has the effect required for harassment are: 1.,,0.9845,0.0469,UOL_diversity-equality-opportunity-policy.pdf_p23_c1
S3_corrective_rag,V2Q032,factual,supported,"The perception of the person (e.g., whether they regarded the conduct as violating their dignity).",1,0.9661,0.332,UOL_diversity-equality-opportunity-policy.pdf_p23_c1
S3_corrective_rag,V2Q032,factual,supported,"The other circumstances of the incident (e.g., personal circumstances, environment, or situation).",1,0.9724,0.0865,UOL_diversity-equality-opportunity-policy.pdf_p23_c1
S3_corrective_rag,V2Q032,factual,supported,"Whether it is reasonable for the conduct to have that effect (an objective test, such as whether a normal person would expect the incident to be harassment).",1,0.992,0.1921,UOL_diversity-equality-opportunity-policy.pdf_p23_c1
S3_corrective_rag,V2Q033,paraphrased,supported_uncited,An international student might need a new or updated ATAS certificate in the following situations: 1.,,0.9837,0.1826,UOL_UKVI_complience.pdf_p12_c4
S3_corrective_rag,V2Q033,paraphrased,supported,If they extend their studies or research for more than three months on an ATAS-applicable programme.,1,0.8929,0.3744,UOL_UKVI_complience.pdf_p12_c4
S3_corrective_rag,V2Q033,paraphrased,supported,If they transfer to a new programme of study or change their research discipline to a subject area requiring ATAS clearance.,2,0.9122,0.7791,UOL_UKVI_complience.pdf_p12_c3
S3_corrective_rag,V2Q033,paraphrased,supported_uncited,These requirements ensure the ATAS certificate matches the student’s current programme and visa conditions.,,0.8577,0.0385,UOL_UKVI_complience.pdf_p12_c3
S3_corrective_rag,V2Q034,procedural,supported,"Schools or Institutes are expected to ensure that assessment arrangements are rigorous, fair, and fairly operated, in line with institutional regulations.",1,0.9325,0.0043,UOL_postgraduate_handbook.pdf_p27_c3
S3_corrective_rag,V2Q035,reasoning,supported_uncited,The new mark from a re-assessment treated as an uncapped first attempt replaces the original mark and is the sole mark considered for progression or final degree classification.,,0.8386,0.2964,UOL_extenuating_circumstances_policy.pdf_p15_c5
S3_corrective_rag,V2Q035,reasoning,supported_uncited,This is because the re-assessment is treated as a 'first attempt'.,1 2 3,0.5751,0.4329,UOL_undergraduate_handbook.pdf_p28_c9
S3_corrective_rag,V2Q035,reasoning,supported_uncited,The Board of Examiners will not factor in the original claim or prior marks in such cases.,,0.9778,0.0629,UOL_extenuating_circumstances_policy.pdf_p15_c4
S3_corrective_rag,V2Q036,paraphrased,supported,"The University's equality policy defines harassment as unwanted conduct related to a protected characteristic (such as age, disability, gender reassignment, race, religion or belief, sex, or sexual orientation) or of a sexual nature, which violates a person’s dignity or creates an intimidating, hostile, degrading, humiliating, or offensive environment.",2 5,0.8918,0.925,UOL_diversity-equality-opportunity-policy.pdf_p20_c3
S3_corrective_rag,V2Q036,paraphrased,supported,"Additionally, harassment may occur even if the victim does not share the protected characteristic, such as when they are associated with someone who does, are wrongly assumed to have it, or are targeted due to not having it.",4,0.5207,0.0274,UOL_diversity-equality-opportunity-policy.pdf_p22_c1
S3_corrective_rag,V2Q036,paraphrased,supported,"This includes behaviors like ageism, disability-related harassment, homophobia, racism, sexism, or transphobia.",4,0.9673,0.0951,UOL_diversity-equality-opportunity-policy.pdf_p22_c1
S3_corrective_rag,V2Q038,reasoning,unsupported,"The Postgraduate Handbook advises students to use the correct academic regulations and codes for their cohort and degree because these regulations and codes are tailored to specific programs and cohorts, ensuring compliance with the latest requirements.",,0.161,0.1501,UOL_postgraduate_handbook.pdf_p22_c7
S3_corrective_rag,V2Q038,reasoning,supported,"This is explicitly stated in, which emphasizes that regulations and codes of practice are subject to changes, particularly relevant to postgraduate programs, and that a Master’s degree provides a framework specific to the student’s cohort and degree type.",1,0.9636,0.0653,UOL_postgraduate_handbook.pdf_p22_c7
S3_corrective_rag,V2Q038,reasoning,supported,"Additionally, highlights that information in the handbook varies by cohort, and students must follow the correct version to avoid conflicts with school/institute-specific guidance.",2,0.9725,0.0486,UOL_postgraduate_handbook.pdf_p4_c1
S3_corrective_rag,V2Q038,reasoning,supported,"Thus, using the correct regulations ensures alignment with the current academic standards and requirements for their specific program and cohort.",1 2,0.8421,0.0198,UOL_postgraduate_handbook.pdf_p22_c7
S3_corrective_rag,V2Q039,paraphrased,unsupported,I cannot answer this question reliably from the available University documents.,,0.0724,0.014,"UOL_payment_policy_2026,2027.pdf_p4_c4"
S3_corrective_rag,V2Q039,paraphrased,unsupported,The retrieved evidence does not adequately support a complete answer: 50% of the claims in the draft answer could not be verified against the retrieved evidence.,,0.0724,0.0062,"UOL_payment_policy_2026,2027.pdf_p4_c4"
S3_corrective_rag,V2Q039,paraphrased,unsupported,"Please consult the relevant policy document directly, or contact Student Services for authoritative guidance.",,0.4585,0.104,"UOL_payment_policy_2026,2027.pdf_p4_c4"
S3_corrective_rag,V2Q040,factual,supported_uncited,"Yes, complaints about harassment or sexual misconduct can be handled under policies other than the Student Complaints Policy.",,0.9897,0.2104,"UOL_Student,Complaints,Policy,and,Procedure.pdf_p2_c3"
S3_corrective_rag,V2Q040,factual,supported,"For example, complaints by students against staff may be considered under the Bullying and Harassment Policy or Staff Disciplinary Procedures.",1,0.9924,0.2546,"UOL_Student,Complaints,Policy,and,Procedure.pdf_p9_c1"
S3_corrective_rag,V2Q040,factual,supported,"Additionally, complaints related to harassment or sexual misconduct (including staff towards students or students towards students) may be dealt with via relevant policies such as the Bullying and Harassment Policy or Staff Disciplinary Policy.",3,0.9874,0.2977,"UOL_Student,Complaints,Policy,and,Procedure.pdf_p2_c3"
S3_corrective_rag,V2Q041,factual,supported,"If accepted extenuating circumstances affect an undergraduate student's final-year performance but enough assessed work exists to determine an award, the Extenuating Circumstances Committee will decide whether to recommend an award (including the class of the award) based on the available assessed work.",1,0.9649,0.109,UOL_extenuating_circumstances_policy.pdf_p13_c5
S3_corrective_rag,V2Q041,factual,supported_uncited,The student may then be offered the option to either accept that award or re-take/re-sit the missed/affected assessments as a ‘first attempt’.,1,0.9562,0.0753,UOL_undergraduate_handbook.pdf_p30_c2
S3_corrective_rag,V2Q041,factual,supported,"Additionally, in exceptional circumstances, the committee may recommend an award despite failed assessments if sufficient work exists.",5,0.7902,0.1401,UOL_extenuating_circumstances_policy.pdf_p14_c5
S3_corrective_rag,V2Q041,factual,unsupported,This corrects the false assumption that extenuating circumstances automatically prevent an award if some assessments are affected.,,0.417,0.0072,UOL_extenuating_circumstances_policy.pdf_p13_c5
S3_corrective_rag,V2Q042,factual,unsupported,I cannot answer this question reliably from the available University documents.,,0.1647,0.073,UOL_undergraduate_handbook.pdf_p39_c5
S3_corrective_rag,V2Q042,factual,supported_uncited,The retrieved evidence does not adequately support a complete answer: 1 claim(s) in the draft answer were contradicted by the retrieved evidence.,,0.8482,0.0597,UOL_student_conduct2.pdf_p10_c1
S3_corrective_rag,V2Q042,factual,contradicted,"Please consult the relevant policy document directly, or contact Student Services for authoritative guidance.",,0.0979,0.8939,UOL_undergraduate_handbook.pdf_p39_c8
S3_corrective_rag,V2Q043,procedural,supported_uncited,"During a Master's dissertation or PhD writing-up period, a Student visa holder must treat this time as term time.",,0.9955,0.0015,UOL_student_guide_visa_holders.pdf_p2_c4
S3_corrective_rag,V2Q043,procedural,supported,This means they should not plan to work more than 20 hours per week and must remain living in the Liverpool area.,1,0.9961,0.0014,UOL_student_guide_visa_holders.pdf_p2_c4
S3_corrective_rag,V2Q044,reasoning,supported,"Yes, the University can start a student-conduct investigation from an anonymous report if there is evidence to support a potential breach of the policy, such as CCTV footage or social media posts.",1,0.9657,0.3001,UOL_student_conduct1.pdf_p3_c3
S3_corrective_rag,V2Q045,paraphrased,supported,"When an international student's personal contact details change, they must inform the University via completion of the relevant online portal as soon as it is reasonable and practicable to do so.",1,0.9808,0.1094,UOL_UKVI_complience.pdf_p14_c1
S3_corrective_rag,V2Q046,factual,nei,The student can contact the Student Administration Centre via the following methods:,,0.0,0.0,
S3_corrective_rag,V2Q046,factual,nei,Live Chat: liverpool.service-now.com/sas,1,0.0,0.0,
S3_corrective_rag,V2Q046,factual,nei,Phone: 0151 7946758,1,0.0,0.0,
S3_corrective_rag,V2Q048,factual,contradicted,I cannot answer this question reliably from the available University documents.,,0.7817,0.8811,UOL_UKVI_complience.pdf_p2_c3
S3_corrective_rag,V2Q048,factual,unsupported,The retrieved evidence does not adequately support a complete answer: 3 claim(s) in the draft answer were contradicted by the retrieved evidence.,,0.3754,0.1038,UOL_undergraduate_handbook.pdf_p20_c3
S3_corrective_rag,V2Q048,factual,supported_uncited,"Please consult the relevant policy document directly, or contact Student Services for authoritative guidance.",,0.9502,0.373,UOL_UKVI_complience.pdf_p14_c3
S3_corrective_rag,V2Q049,factual,supported_uncited,I cannot answer this question reliably from the available University documents.,,0.684,0.1209,UOL_student_guide_visa_holders.pdf_p5_c2
S3_corrective_rag,V2Q049,factual,supported_uncited,The retrieved evidence does not adequately support a complete answer: 1 claim(s) in the draft answer were contradicted by the retrieved evidence.,,0.9453,0.0091,UOL_student_guide_visa_holders.pdf_p5_c2
S3_corrective_rag,V2Q049,factual,supported_uncited,"Please consult the relevant policy document directly, or contact Student Services for authoritative guidance.",,0.8302,0.0217,UOL_student_guide_visa_holders.pdf_p5_c2
S3_corrective_rag,V2Q050,reasoning,unsupported,I cannot answer this question reliably from the available University documents.,,0.4507,0.1019,UOL_postgraduate_handbook.pdf_p38_c5
S3_corrective_rag,V2Q050,reasoning,unsupported,The retrieved evidence does not adequately support a complete answer: 67% of the claims in the draft answer could not be verified against the retrieved evidence.,,0.1349,0.0306,UOL_postgraduate_handbook.pdf_p38_c5
S3_corrective_rag,V2Q050,reasoning,unsupported,"Please consult the relevant policy document directly, or contact Student Services for authoritative guidance.",,0.1015,0.2672,UOL_postgraduate_handbook.pdf_p38_c5
S3_corrective_rag,V2Q051,procedural,contradicted,I cannot answer this question reliably from the available University documents.,,0.3011,0.5674,UOL_student_guide_visa_holders.pdf_p10_c4
S3_corrective_rag,V2Q051,procedural,supported_uncited,The retrieved evidence does not adequately support a complete answer: 2 claim(s) in the draft answer were contradicted by the retrieved evidence.,,0.8463,0.0369,UOL_student_guide_visa_holders.pdf_p10_c4
S3_corrective_rag,V2Q051,procedural,contradicted,"Please consult the relevant policy document directly, or contact Student Services for authoritative guidance.",,0.1529,0.5069,UOL_student_guide_visa_holders.pdf_p3_c1
S3_corrective_rag,V2Q052,paraphrased,unsupported,I cannot answer this question reliably from the available University documents.,,0.0831,0.0197,UOL_postgraduate_handbook.pdf_p14_c8
S3_corrective_rag,V2Q052,paraphrased,unsupported,The retrieved evidence does not adequately support a complete answer: 100% of the claims in the draft answer could not be verified against the retrieved evidence.,,0.0069,0.0042,UOL_postgraduate_handbook.pdf_p14_c8
S3_corrective_rag,V2Q052,paraphrased,unsupported,"Please consult the relevant policy document directly, or contact Student Services for authoritative guidance.",,0.0138,0.0052,UOL_postgraduate_handbook.pdf_p14_c8
S3_corrective_rag,V2Q053,reasoning,supported_uncited,The importance of notifying the School before a missed examination or assessment lies in the requirement to authorize the absence for it to be considered under extenuating circumstances.,,0.9893,0.1279,UOL_extenuating_circumstances_policy.pdf_p3_c3
S3_corrective_rag,V2Q053,reasoning,supported,"According to, if you are unable to attend due to illness or unavoidable circumstances, you must inform your department/school before",3,0.9974,0.8564,UOL_extenuating_circumstances_policy.pdf_p4_c2
S3_corrective_rag,V2Q053,reasoning,supported_uncited,"the examination or assessment occurs, preferably in writing or by email.",,0.7285,0.0858,UOL_extenuating_circumstances_policy.pdf_p3_c3
S3_corrective_rag,V2Q053,reasoning,supported_uncited,"This prior notification is critical because it allows the School to formally recognize the absence as authorized, which is a prerequisite for the Extenuating Circumstances Committee to evaluate the claim.",,0.852,0.0048,UOL_extenuating_circumstances_policy.pdf_p3_c3
S3_corrective_rag,V2Q053,reasoning,unsupported,"Without this step, the absence may not be deemed valid, undermining the claim’s credibility.",,0.1877,0.0582,UOL_extenuating_circumstances_policy.pdf_p3_c3
S3_corrective_rag,V2Q054,procedural,nei,The records that should be retained or sent to the Student Conduct Team after a local conduct investigation include:,,0.0,0.0,
S3_corrective_rag,V2Q054,procedural,supported,"Copies of the investigation notes, evidence, and outcome letters must be sent to the Student Conduct Team to maintain a central record of disciplinary action.",2 5,0.9945,0.96,UOL_student_conduct1.pdf_p6_c4
S3_corrective_rag,V2Q054,procedural,supported,Records should be retained for six years after the student has left the University.,1,0.8377,0.9465,UOL_student_conduct1.pdf_p7_c2
S3_corrective_rag,V2Q054,procedural,supported_uncited,These requirements ensure proper documentation and compliance with University procedures.,,0.9399,0.0056,UOL_student_conduct1.pdf_p8_c3
S3_corrective_rag,V2Q055,paraphrased,unsupported,I cannot answer this question reliably from the available University documents.,,0.4726,0.0644,UOL_postgraduate_handbook.pdf_p14_c1
S3_corrective_rag,V2Q055,paraphrased,unsupported,The retrieved evidence does not adequately support a complete answer: 100% of the claims in the draft answer could not be verified against the retrieved evidence.,,0.0609,0.0438,UOL_postgraduate_handbook.pdf_p14_c7
S3_corrective_rag,V2Q055,paraphrased,unsupported,"Please consult the relevant policy document directly, or contact Student Services for authoritative guidance.",,0.205,0.4796,UOL_postgraduate_handbook.pdf_p14_c7
S3_corrective_rag,V2Q056,reasoning,unsupported,I cannot answer this question reliably from the available University documents.,,0.1982,0.0084,UOL_student_conduct2.pdf_p10_c3
S3_corrective_rag,V2Q056,reasoning,unsupported,The retrieved evidence does not adequately support a complete answer: 100% of the claims in the draft answer could not be verified against the retrieved evidence.,,0.0976,0.0383,UOL_student_conduct2.pdf_p10_c3
S3_corrective_rag,V2Q056,reasoning,unsupported,"Please consult the relevant policy document directly, or contact Student Services for authoritative guidance.",,0.171,0.0403,UOL_student_conduct2.pdf_p10_c3
S3_corrective_rag,V2Q058,factual,unsupported,I cannot answer this question reliably from the available University documents.,,0.0188,0.0083,UOL_undergraduate_handbook.pdf_p42_c1
S3_corrective_rag,V2Q058,factual,unsupported,The retrieved evidence does not adequately support a complete answer: 100% of the claims in the draft answer could not be verified against the retrieved evidence.,,0.0164,0.0162,UOL_undergraduate_handbook.pdf_p42_c1
S3_corrective_rag,V2Q058,factual,unsupported,"Please consult the relevant policy document directly, or contact Student Services for authoritative guidance.",,0.0386,0.0417,UOL_undergraduate_handbook.pdf_p42_c1
S3_corrective_rag,V2Q059,paraphrased,supported,"A concern should move from Early Resolution to the Formal Complaint stage if the issue requires an investigation, as specified in Evidence(h).",1,0.6906,0.7459,"UOL_Student,Complaints,Policy,and,Procedure.pdf_p12_c1"
S3_corrective_rag,V2Q059,paraphrased,supported_uncited,"This indicates that low-level concerns are handled informally under Early Resolution, but higher-level issues necessitating formal investigation must be escalated.",,0.9944,0.1303,"UOL_Student,Complaints,Policy,and,Procedure.pdf_p12_c1"
S3_corrective_rag,V2Q060,factual,supported_uncited,The reassessment opportunity available to an undergraduate student who fails up to 30 credits in the final year but still achieves an honours-level average is explicitly stated in evidence.,4,0.7075,0.0404,UOL_undergraduate_handbook.pdf_p31_c3
S3_corrective_rag,V2Q060,factual,supported_uncited,"According to this evidence, such students ""will be allowed re-assessment of the failed modules"" if their overall average results in a classified honours degree.",,0.9852,0.2363,UOL_undergraduate_handbook.pdf_p31_c3
S3_corrective_rag,V2Q060,factual,supported,Answer: Students failing up to 30 credits in the final year but achieving an honours-level average may be allowed re-assessment of the failed modules.,4,0.9481,0.0425,UOL_undergraduate_handbook.pdf_p30_c9
S3_corrective_rag,V2Q061,factual,unsupported,I cannot answer this question reliably from the available University documents.,,0.0053,0.0078,"UOL_Code,of,Practice,on,Assessment,and,Appendices,2025-26,Summary,of,Changes.pdf_p4_c1"
S3_corrective_rag,V2Q061,factual,contradicted,The retrieved evidence does not adequately support a complete answer: 1 claim(s) in the draft answer were contradicted by the retrieved evidence.,,0.239,0.6661,UOL_postgraduate_handbook.pdf_p31_c8
S3_corrective_rag,V2Q061,factual,contradicted,"Please consult the relevant policy document directly, or contact Student Services for authoritative guidance.",,0.0055,0.9814,"UOL_Code,of,Practice,on,Assessment,and,Appendices,2025-26,Summary,of,Changes.pdf_p4_c1"
S3_corrective_rag,V2Q062,procedural,supported_uncited,The tuition-fee deposit for a self-funding student should be deducted from the first payment instalment when they pay the remaining programme fee.,,0.541,0.4242,"UOL_payment_policy_2026,2027.pdf_p5_c4"
S3_corrective_rag,V2Q062,procedural,supported,"This is specified in, which states that for self-funding students paying in instalments (as per sections 4.5–4.7), the deposit is deducted from the first instalment, not the overall fee amount.",1,0.9642,0.3075,"UOL_payment_policy_2026,2027.pdf_p5_c4"
S3_corrective_rag,V2Q063,reasoning,contradicted,I cannot answer this question reliably from the available University documents.,,0.1079,0.8778,UOL_postgraduate_handbook.pdf_p24_c2
S3_corrective_rag,V2Q063,reasoning,contradicted,The retrieved evidence does not adequately support a complete answer: 2 claim(s) in the draft answer were contradicted by the retrieved evidence.,,0.5911,0.9168,UOL_postgraduate_handbook.pdf_p24_c2
S3_corrective_rag,V2Q063,reasoning,contradicted,"Please consult the relevant policy document directly, or contact Student Services for authoritative guidance.",,0.4414,0.9896,UOL_postgraduate_handbook.pdf_p24_c2
S3_corrective_rag,V2Q064,paraphrased,supported_uncited,"The University recalculates programme fees when a student does not register, leaves, or interrupts their study during the academic session, as stated in the Payment Policy 2026-27.",1,0.5106,0.4983,UOL_student_guide_visa_holders.pdf_p5_c2
S3_corrective_rag,V2Q064,paraphrased,supported_uncited,"This recalculation occurs to adjust the fee liability based on the student's status change, though no refund is provided for fees already charged during the session.",,0.9402,0.0438,"UOL_payment_policy_2026,2027.pdf_p6_c1"
S3_corrective_rag,V2Q065,paraphrased,supported,"The evidence normally required for a claim related to religious observance includes independent documentary evidence (e.g., a letter from a minister or religious leader) to demonstrate that there was a requirement to attend or participate in the observance and that the student could not attend on a different occasion without conflicting with studies or assessments.",1,0.9927,0.8121,UOL_extenuating_circumstances_policy.pdf_p10_c3
S3_corrective_rag,V2Q065,paraphrased,supported,"Additionally, the University will not normally accept fasting as an extenuating circumstance.",1,0.8212,0.0172,UOL_extenuating_circumstances_policy.pdf_p10_c3
S3_corrective_rag,V2Q066,reasoning,unsupported,I cannot answer this question reliably from the available University documents.,,0.0404,0.0075,"UOL_Student,Complaints,Policy,and,Procedure.pdf_p13_c1"
S3_corrective_rag,V2Q066,reasoning,unsupported,The retrieved evidence does not adequately support a complete answer: 50% of the claims in the draft answer could not be verified against the retrieved evidence.,,0.0369,0.0117,"UOL_Student,Complaints,Policy,and,Procedure.pdf_p16_c1"
S3_corrective_rag,V2Q066,reasoning,unsupported,"Please consult the relevant policy document directly, or contact Student Services for authoritative guidance.",,0.1569,0.0455,"UOL_Student,Complaints,Policy,and,Procedure.pdf_p16_c1"
S3_corrective_rag,V2Q068,factual,supported_uncited,"If a student requests a late Review of a Formal Complaint outcome, they must submit a written request to the Director of Student Experience and Enhancement, including: 1.",,0.9634,0.0245,"UOL_Student,Complaints,Policy,and,Procedure.pdf_p16_c2"
S3_corrective_rag,V2Q068,factual,supported,The reason for the delay in submission.,2,0.9912,0.0463,"UOL_Student,Complaints,Policy,and,Procedure.pdf_p16_c2"
S3_corrective_rag,V2Q068,factual,supported,Any documentary evidence supporting the reason for the delay.,2,0.9943,0.0115,"UOL_Student,Complaints,Policy,and,Procedure.pdf_p16_c2"
S3_corrective_rag,V2Q068,factual,supported,"Additionally, the request must include the completed Review pro-forma, the grounds for the Review, the nature of the complaint, and all prior correspondence from the Early Resolution or Formal Stage.",2,0.8818,0.0625,"UOL_Student,Complaints,Policy,and,Procedure.pdf_p16_c2"
S3_corrective_rag,V2Q069,paraphrased,supported,The University commits to stating that it wishes for the student to be granted permission to enter and remain in the UK to study at the University when it issues a CAS under its Student sponsor licence.,1,0.9925,0.7119,UOL_UKVI_complience.pdf_p3_c1
S3_corrective_rag,V2Q070,paraphrased,contradicted,I cannot answer this question reliably from the available University documents.,,0.4446,0.6491,"UOL_payment_policy_2026,2027.pdf_p1_c4"
S3_corrective_rag,V2Q070,paraphrased,unsupported,The retrieved evidence does not adequately support a complete answer: 3 claim(s) in the draft answer were contradicted by the retrieved evidence.,,0.0861,0.0042,"UOL_payment_policy_2026,2027.pdf_p1_c4"
S3_corrective_rag,V2Q070,paraphrased,unsupported,"Please consult the relevant policy document directly, or contact Student Services for authoritative guidance.",,0.0734,0.0583,"UOL_payment_policy_2026,2027.pdf_p1_c4"
S3_corrective_rag,V2Q071,factual,supported,A graduate can apply for the Graduate Route visa after being successfully awarded an eligible qualification and after receiving confirmation from the University that a report has been.,1,0.8442,0.2897,UOL_student_guide_visa_holders.pdf_p11_c3
S3_corrective_rag,V2Q072,reasoning,supported,"The Diversity and Equality of Opportunity Policy provides an overarching framework for the University’s approach to equality, and other equality-related policies and plans (such as the Athena Swan Action Plan, Race Equality Charter Action Plan, and various leave policies) are part of this framework.",1,0.9872,0.0187,UOL_diversity-equality-opportunity-policy.pdf_p30_c1
S3_corrective_rag,V2Q072,reasoning,supported,"Additionally, the policy is underpinned by other institutional strategies and policies, with a full list available in Appendix D.",4,0.9904,0.0035,UOL_diversity-equality-opportunity-policy.pdf_p11_c1
S3_corrective_rag,V2Q073,adversarial_false_premise,unsupported,I cannot answer this question reliably from the available University documents.,,0.1429,0.0557,UOL_postgraduate_handbook.pdf_p36_c4
S3_corrective_rag,V2Q073,adversarial_false_premise,supported_uncited,The retrieved evidence does not adequately support a complete answer: 2 claim(s) in the draft answer were contradicted by the retrieved evidence.,,0.632,0.0198,UOL_postgraduate_handbook.pdf_p36_c1
S3_corrective_rag,V2Q073,adversarial_false_premise,unsupported,"Please consult the relevant policy document directly, or contact Student Services for authoritative guidance.",,0.1803,0.1726,UOL_postgraduate_handbook.pdf_p36_c4
S3_corrective_rag,V2Q074,factual,unsupported,I cannot answer this question reliably from the available University documents.,,0.0179,0.0052,UOL_extenuating_circumstances_policy.pdf_p16_c6
S3_corrective_rag,V2Q074,factual,unsupported,The retrieved evidence does not adequately support a complete answer: 2 claim(s) in the draft answer were contradicted by the retrieved evidence.,,0.0562,0.0091,UOL_extenuating_circumstances_policy.pdf_p15_c2
S3_corrective_rag,V2Q074,factual,contradicted,"Please consult the relevant policy document directly, or contact Student Services for authoritative guidance.",,0.0964,0.5226,UOL_extenuating_circumstances_policy.pdf_p16_c6
S3_corrective_rag,V2Q075,procedural,supported_uncited,"When no independent documentary evidence is available, an extenuating-circumstances claim can be supported by evidence that the student alerted a university official (e.g., academic adviser, teaching support staff, or central support service) at the time of the difficulties.",,0.9986,0.0482,UOL_extenuating_circumstances_policy.pdf_p7_c2
S3_corrective_rag,V2Q075,procedural,unsupported,"This is explicitly stated in, which emphasizes that such alerts may be required if independent evidence is lacking.",1,0.3877,0.0351,UOL_extenuating_circumstances_policy.pdf_p7_c2
S3_corrective_rag,V2Q075,procedural,supported,"The committee may accept this as supporting evidence, though their discretion applies.",1,0.9743,0.0199,UOL_extenuating_circumstances_policy.pdf_p7_c2
S3_corrective_rag,V2Q076,reasoning,unsupported,I cannot answer this question reliably from the available University documents.,,0.2302,0.0911,UOL_student_conduct1.pdf_p12_c1
S3_corrective_rag,V2Q076,reasoning,unsupported,The retrieved evidence does not adequately support a complete answer: 1 claim(s) in the draft answer were contradicted by the retrieved evidence.,,0.018,0.0032,UOL_student_conduct1.pdf_p11_c5
S3_corrective_rag,V2Q076,reasoning,unsupported,"Please consult the relevant policy document directly, or contact Student Services for authoritative guidance.",,0.0899,0.0661,UOL_student_conduct1.pdf_p18_c1
S3_corrective_rag,V2Q077,adversarial_false_premise,supported_uncited,I cannot answer this question reliably from the available University documents.,,0.7545,0.4693,UOL_UKVI_complience.pdf_p13_c3
S3_corrective_rag,V2Q077,adversarial_false_premise,contradicted,The retrieved evidence does not adequately support a complete answer: 2 claim(s) in the draft answer were contradicted by the retrieved evidence.,,0.0343,0.9689,UOL_student_guide_visa_holders.pdf_p8_c4
S3_corrective_rag,V2Q077,adversarial_false_premise,contradicted,"Please consult the relevant policy document directly, or contact Student Services for authoritative guidance.",,0.0713,0.9923,UOL_student_guide_visa_holders.pdf_p8_c4
S3_corrective_rag,V2Q078,procedural,supported,"The University considers potential bullying behavior to include physical or verbal abuse, threatening or intimidating behavior, abusive comments (in person, written, or electronic), spreading rumors or gossip, and unjustified persistent negative comments or criticism.",2,0.9972,0.0101,UOL_diversity-equality-opportunity-policy.pdf_p18_c2
S3_corrective_rag,V2Q079,factual,unsupported,I cannot answer this question reliably from the available University documents.,,0.0146,0.0032,UOL_student_conduct2.pdf_p2_c1
S3_corrective_rag,V2Q079,factual,unsupported,The retrieved evidence does not adequately support a complete answer: 100% of the claims in the draft answer could not be verified against the retrieved evidence.,,0.0142,0.0057,UOL_student_conduct2.pdf_p2_c1
S3_corrective_rag,V2Q079,factual,unsupported,"Please consult the relevant policy document directly, or contact Student Services for authoritative guidance.",,0.0142,0.0034,UOL_student_conduct2.pdf_p2_c1
S3_corrective_rag,V2Q080,paraphrased,supported_uncited,The protection against maternity discrimination in the non-work context applies for 26 weeks after giving birth,,0.9938,0.1071,UOL_diversity-equality-opportunity-policy.pdf_p14_c3
S3_corrective_rag,V2Q081,factual,contradicted,I cannot answer this question reliably from the available University documents.,,0.0991,0.7729,UOL_diversity-equality-opportunity-policy.pdf_p11_c1
S3_corrective_rag,V2Q081,factual,unsupported,The retrieved evidence does not adequately support a complete answer: 50% of the claims in the draft answer could not be verified against the retrieved evidence.,,0.0216,0.0066,UOL_diversity-equality-opportunity-policy.pdf_p4_c1
S3_corrective_rag,V2Q081,factual,unsupported,"Please consult the relevant policy document directly, or contact Student Services for authoritative guidance.",,0.1747,0.0316,UOL_diversity-equality-opportunity-policy.pdf_p4_c1
S3_corrective_rag,V2Q082,paraphrased,unsupported,I cannot answer this question reliably from the available University documents.,,0.1019,0.4631,UOL_undergraduate_handbook.pdf_p42_c10
S3_corrective_rag,V2Q082,paraphrased,unsupported,The retrieved evidence does not adequately support a complete answer: 100% of the claims in the draft answer could not be verified against the retrieved evidence.,,0.0091,0.4267,UOL_postgraduate_handbook.pdf_p38_c10
S3_corrective_rag,V2Q082,paraphrased,contradicted,"Please consult the relevant policy document directly, or contact Student Services for authoritative guidance.",,0.0922,0.5696,UOL_postgraduate_handbook.pdf_p38_c10
S3_corrective_rag,V2Q083,multi_document_comparison,unsupported,I cannot answer this question reliably from the available University documents.,,0.1487,0.1884,UOL_postgraduate_handbook.pdf_p13_c9
S3_corrective_rag,V2Q083,multi_document_comparison,unsupported,The retrieved evidence does not adequately support a complete answer: no retrieved passage passed the relevance threshold.,,0.2056,0.1244,UOL_postgraduate_handbook.pdf_p13_c9
S3_corrective_rag,V2Q083,multi_document_comparison,unsupported,"Please consult the relevant policy document directly, or contact Student Services for authoritative guidance.",,0.2045,0.0642,UOL_postgraduate_handbook.pdf_p13_c9
S3_corrective_rag,V2Q084,multi_document_comparison,unsupported,I cannot answer this question reliably from the available University documents.,,0.4726,0.0644,UOL_postgraduate_handbook.pdf_p14_c1
S3_corrective_rag,V2Q084,multi_document_comparison,unsupported,The retrieved evidence does not adequately support a complete answer: 100% of the claims in the draft answer could not be verified against the retrieved evidence.,,0.0609,0.0438,UOL_postgraduate_handbook.pdf_p14_c7
S3_corrective_rag,V2Q084,multi_document_comparison,unsupported,"Please consult the relevant policy document directly, or contact Student Services for authoritative guidance.",,0.205,0.4796,UOL_postgraduate_handbook.pdf_p14_c7
S3_corrective_rag,V2Q085,multi_document_comparison,contradicted,I cannot answer this question reliably from the available University documents.,,0.1876,0.619,UOL_postgraduate_handbook.pdf_p24_c10
S3_corrective_rag,V2Q085,multi_document_comparison,contradicted,The retrieved evidence does not adequately support a complete answer: 3 claim(s) in the draft answer were contradicted by the retrieved evidence.,,0.5696,0.7135,UOL_postgraduate_handbook.pdf_p24_c2
S3_corrective_rag,V2Q085,multi_document_comparison,contradicted,"Please consult the relevant policy document directly, or contact Student Services for authoritative guidance.",,0.5291,0.8566,UOL_postgraduate_handbook.pdf_p24_c10
S3_corrective_rag,V2Q086,multi_document_comparison,unsupported,I cannot answer this question reliably from the available University documents.,,0.2385,0.2042,UOL_postgraduate_handbook.pdf_p37_c10
S3_corrective_rag,V2Q086,multi_document_comparison,unsupported,The retrieved evidence does not adequately support a complete answer: 67% of the claims in the draft answer could not be verified against the retrieved evidence.,,0.0587,0.0316,UOL_postgraduate_handbook.pdf_p37_c10
S3_corrective_rag,V2Q086,multi_document_comparison,unsupported,"Please consult the relevant policy document directly, or contact Student Services for authoritative guidance.",,0.2479,0.3178,UOL_postgraduate_handbook.pdf_p37_c10
S3_corrective_rag,V2Q087,multi_document_comparison,unsupported,I cannot answer this question reliably from the available University documents.,,0.3322,0.3942,UOL_UKVI_complience.pdf_p8_c5
S3_corrective_rag,V2Q087,multi_document_comparison,unsupported,The retrieved evidence does not adequately support a complete answer: 1 claim(s) in the draft answer were contradicted by the retrieved evidence.,,0.2294,0.0075,UOL_UKVI_complience.pdf_p10_c2
S3_corrective_rag,V2Q087,multi_document_comparison,unsupported,"Please consult the relevant policy document directly, or contact Student Services for authoritative guidance.",,0.0517,0.0127,UOL_UKVI_complience.pdf_p3_c3
S3_corrective_rag,V2Q088,multi_document_comparison,unsupported,I cannot answer this question reliably from the available University documents.,,0.3643,0.1216,"UOL_StudentAttendancePolicy-REVISEDJUL2025,v1.3.pdf_p4_c1"
S3_corrective_rag,V2Q088,multi_document_comparison,unsupported,The retrieved evidence does not adequately support a complete answer: 3 claim(s) in the draft answer were contradicted by the retrieved evidence.,,0.1871,0.272,UOL_UKVI_complience.pdf_p10_c3
S3_corrective_rag,V2Q088,multi_document_comparison,contradicted,"Please consult the relevant policy document directly, or contact Student Services for authoritative guidance.",,0.0331,0.9544,"UOL_StudentAttendancePolicy-REVISEDJUL2025,v1.3.pdf_p4_c3"
S3_corrective_rag,V2Q089,multi_document_comparison,supported,The UKVI compliance policy states that Student Route visa holders engaged in an approved period of study abroad as an integral part of their programme are permitted to remain on their existing Student Route visa and will continue to be sponsored.,4,0.9903,0.998,UOL_UKVI_complience.pdf_p10_c1
S3_corrective_rag,V2Q089,multi_document_comparison,supported,This indicates that sponsorship during an approved study abroad period is maintained under the existing arrangement.,4,0.9957,0.9829,UOL_UKVI_complience.pdf_p10_c1
S3_corrective_rag,V2Q089,multi_document_comparison,supported,"Evidence further clarifies that resuming study after such a period requires a new CAS, but this does not affect the sponsorship during the approved period itself.",5,0.513,0.0426,UOL_UKVI_complience.pdf_p8_c1
S3_corrective_rag,V2Q089,multi_document_comparison,supported_uncited,"There is no mention of a separate ""visa-holder guide"" in the provided evidence, so the answer is based solely on the UKVI compliance policy.",,0.806,0.1687,UOL_UKVI_complience.pdf_p11_c1
S3_corrective_rag,V2Q090,multi_document_comparison,supported_uncited,The University's document-checking responsibilities for Student Route students are described as follows: 1.,,0.879,0.3174,UOL_UKVI_complience.pdf_p3_c1
S3_corrective_rag,V2Q090,multi_document_comparison,supported,Students must submit evidence of their Student Route visa application to Student Life upon submission inside the UK to prove legal residence.,3,0.9989,0.0494,UOL_UKVI_complience.pdf_p9_c1
S3_corrective_rag,V2Q090,multi_document_comparison,unsupported,The University is required to check and ensure that all necessary immigration and qualification documentation is provided to meet compliance obligations.,4,0.4745,0.2449,UOL_UKVI_complience.pdf_p9_c1
S3_corrective_rag,V2Q090,multi_document_comparison,supported,"If students fail to submit acceptable evidence or the University cannot verify compliance within a reasonable timeframe, the University may defer registration, de-register the student, or withdraw sponsorship to protect its licence.",3 4,0.9535,0.022,UOL_UKVI_complience.pdf_p9_c1
S3_corrective_rag,V2Q091,multi_document_comparison,supported_uncited,I cannot answer this question reliably from the available University documents.,,0.735,0.1862,UOL_undergraduate_handbook.pdf_p40_c10
S3_corrective_rag,V2Q091,multi_document_comparison,supported_uncited,The retrieved evidence does not adequately support a complete answer: 1 claim(s) in the draft answer were contradicted by the retrieved evidence.,,0.9144,0.1186,UOL_undergraduate_handbook.pdf_p40_c10
S3_corrective_rag,V2Q091,multi_document_comparison,contradicted,"Please consult the relevant policy document directly, or contact Student Services for authoritative guidance.",,0.6401,0.9628,UOL_postgraduate_handbook.pdf_p36_c10
S3_corrective_rag,V2Q092,multi_document_comparison,unsupported,I cannot answer this question reliably from the available University documents.,,0.4031,0.0838,UOL_student_conduct1.pdf_p4_c4
S3_corrective_rag,V2Q092,multi_document_comparison,unsupported,The retrieved evidence does not adequately support a complete answer: 60% of the claims in the draft answer could not be verified against the retrieved evidence.,,0.0299,0.2583,UOL_undergraduate_handbook.pdf_p39_c1
S3_corrective_rag,V2Q092,multi_document_comparison,contradicted,"Please consult the relevant policy document directly, or contact Student Services for authoritative guidance.",,0.0952,0.8527,UOL_student_conduct1.pdf_p16_c1
S3_corrective_rag,V2Q093,multi_document_synthesis,unsupported,I cannot answer this question reliably from the available University documents.,,0.4031,0.0683,UOL_student_conduct1.pdf_p4_c4
S3_corrective_rag,V2Q093,multi_document_synthesis,supported_uncited,The retrieved evidence does not adequately support a complete answer: 1 claim(s) in the draft answer were contradicted by the retrieved evidence.,,0.7992,0.1178,UOL_student_conduct2.pdf_p5_c1
S3_corrective_rag,V2Q093,multi_document_synthesis,contradicted,"Please consult the relevant policy document directly, or contact Student Services for authoritative guidance.",,0.3956,0.8527,UOL_student_conduct2.pdf_p5_c1
S3_corrective_rag,V2Q094,multi_document_synthesis,supported_uncited,"A complaint involving harassment or sexual misconduct can move into the student-conduct process if it is made by a student against another student, as such cases fall under the Student Conduct Policy",,0.9342,0.1596,"UOL_Student,Complaints,Policy,and,Procedure.pdf_p9_c1"
S3_corrective_rag,V2Q094,multi_document_synthesis,supported,"If the original report is anonymous, the university may still investigate if there is supporting evidence (e.g., CCTV footage or social media posts) or if exceptional circumstances exist (e.g., genuine fear of reprisals), though this is the exception rather",2,0.6692,0.0823,UOL_student_conduct1.pdf_p3_c3
S3_corrective_rag,V2Q095,multi_document_synthesis,unsupported,I cannot answer this question reliably from the available University documents.,,0.3786,0.1186,UOL_student_conduct1.pdf_p11_c1
S3_corrective_rag,V2Q095,multi_document_synthesis,unsupported,The retrieved evidence does not adequately support a complete answer: 2 claim(s) in the draft answer were contradicted by the retrieved evidence.,,0.2533,0.1396,"UOL_Student,Complaints,Policy,and,Procedure.pdf_p9_c1"
S3_corrective_rag,V2Q095,multi_document_synthesis,contradicted,"Please consult the relevant policy document directly, or contact Student Services for authoritative guidance.",,0.1213,0.9628,"UOL_Student,Complaints,Policy,and,Procedure.pdf_p9_c1"
S3_corrective_rag,V2Q097,multi_document_synthesis,supported,"If illness or another unavoidable event is likely to make a student miss an assessment, they should immediately inform their department/school before the examination or assessment takes place, preferably in writing or by email, to request authorization for the absence.",4,0.8846,0.0423,UOL_extenuating_circumstances_policy.pdf_p3_c3
S3_corrective_rag,V2Q097,multi_document_synthesis,supported,"They should also provide acceptable evidence of 'good cause' (e.g., a medical note) for consideration by the Extenuating Circumstances Committee, which may grant a right to re-assessment.",4,0.9308,0.0044,UOL_extenuating_circumstances_policy.pdf_p3_c3
S3_corrective_rag,V2Q097,multi_document_synthesis,supported,"If no independent documentary evidence is available, the student should alert an academic adviser, School teaching support staff, or central support service (e.g., Counselling Service) to document the circumstances, as this may support their case.",5,0.9811,0.0222,UOL_extenuating_circumstances_policy.pdf_p7_c2
S3_corrective_rag,V2Q097,multi_document_synthesis,unsupported,"Additionally, they may apply for an exemption from late penalties for coursework submissions under similar circumstances.",1,0.1474,0.0062,UOL_extenuating_circumstances_policy.pdf_p4_c2
S3_corrective_rag,V2Q099,multi_document_synthesis,supported_uncited,A student with a long-term health condition should prioritize seeking reasonable adjustments through the University’s Disability Advice and Guidance Team rather than interrupting study via repeated extenuating circumstances claims.,,0.9945,0.0324,UOL_extenuating_circumstances_policy.pdf_p5_c4
S3_corrective_rag,V2Q099,multi_document_synthesis,supported,This is because explicitly advises students with ongoing conditions affecting them for six+ months to contact the Disability Team to explore adjustments instead of relying on individual claims.,2,0.885,0.2414,UOL_extenuating_circumstances_policy.pdf_p5_c4
S3_corrective_rag,V2Q099,multi_document_synthesis,supported_uncited,"Additionally, reinforces that long-term conditions already receiving adjustments should not require further claims unless there is a sudden, unforeseeable change (e.g., a flare-up).",3,0.8493,0.0259,UOL_extenuating_circumstances_policy.pdf_p8_c1
S3_corrective_rag,V2Q099,multi_document_synthesis,supported,"Thus, the focus should be on proactive adjustments to avoid disrupting studies, with extenuating circumstances claims reserved for acute, unforeseen changes.",5,0.8712,0.9751,UOL_student_conduct1.pdf_p20_c2
S3_corrective_rag,V2Q100,multi_document_synthesis,supported,"A sponsored student must provide an official sponsor letter or purchase order (on official letter headed paper) from their sponsor to the Accommodation Office, detailing the value, duration of the sponsorship, and the address where the University should send the invoice.",1,0.9064,0.79,"UOL_payment_policy_2026,2027.pdf_p9_c1"
S3_corrective_rag,V2Q100,multi_document_synthesis,supported_uncited,"If they still face financial difficulty, they can seek support from the Accommodation Office (for accommodation-related issues) or the Student Fees and Funding Office (for general payment difficulties), as outlined in the University’s help and support resources.",5,0.836,0.1152,"UOL_payment_policy_2026,2027.pdf_p9_c1"
S3_corrective_rag,V2Q101,multi_document_synthesis,unsupported,I cannot answer this question reliably from the available University documents.,,0.1679,0.1186,"UOL_Student,Complaints,Policy,and,Procedure.pdf_p2_c3"
S3_corrective_rag,V2Q101,multi_document_synthesis,unsupported,The retrieved evidence does not adequately support a complete answer: 100% of the claims in the draft answer could not be verified against the retrieved evidence.,,0.049,0.0468,"UOL_Student,Complaints,Policy,and,Procedure.pdf_p9_c1"
S3_corrective_rag,V2Q101,multi_document_synthesis,unsupported,"Please consult the relevant policy document directly, or contact Student Services for authoritative guidance.",,0.1213,0.2509,"UOL_Student,Complaints,Policy,and,Procedure.pdf_p9_c1"
S3_corrective_rag,V2Q102,multi_document_synthesis,unsupported,I cannot answer this question reliably from the available University documents.,,0.2385,0.0289,UOL_postgraduate_handbook.pdf_p37_c10
S3_corrective_rag,V2Q102,multi_document_synthesis,unsupported,The retrieved evidence does not adequately support a complete answer: 1 claim(s) in the draft answer were contradicted by the retrieved evidence.,,0.246,0.0307,UOL_postgraduate_handbook.pdf_p37_c10
S3_corrective_rag,V2Q102,multi_document_synthesis,unsupported,"Please consult the relevant policy document directly, or contact Student Services for authoritative guidance.",,0.2479,0.3178,UOL_postgraduate_handbook.pdf_p37_c10
