"system","question_id","question_type","label","sentence","cited","best_entailment","best_contradiction","supporting_chunk"
"S0_llm_only","V2Q001","paraphrased","unsupported","A Student Route visa holder moving to another UK university for an intercalated year would typically need to provide evidence of a confirmed offer or acceptance from the new university","","0.0409","0.0311","UOL_UKVI_complience.pdf_p11_c2"
"S0_llm_only","V2Q001","paraphrased","unsupported","(e.g., an offer letter or confirmation of enrollment).","","0.0075","0.0184","UOL_UKVI_complience.pdf_p11_c2"
"S0_llm_only","V2Q001","paraphrased","unsupported","They may also need to demonstrate continued compliance with their Student Route visa conditions, such as proof of sufficient funds or valid visa status.","","0.0035","0.0029","UOL_UKVI_complience.pdf_p11_c2"
"S0_llm_only","V2Q001","paraphrased","unsupported","for submitting this evidence to the University of Liverpool would likely be before the start of the new academic term","","0.0011","0.0019","UOL_UKVI_complience.pdf_p11_c2"
"S0_llm_only","V2Q001","paraphrased","unsupported","at the new institution.","","0.007","0.0133","UOL_UKVI_complience.pdf_p11_c2"
"S0_llm_only","V2Q001","paraphrased","unsupported","However, the exact date and specific requirements (e.g., additional documents) should be confirmed directly with the University of Liverpool?s International Office","","0.0025","0.0025","UOL_UKVI_complience.pdf_p11_c2"
"S0_llm_only","V2Q001","paraphrased","unsupported","or Student Visa Support team, as policies can vary.","","0.0039","0.003","UOL_UKVI_complience.pdf_p11_c2"
"S0_llm_only","V2Q001","paraphrased","unsupported","If you are unsure, it is critical to seek clarification from the university to avoid any risk to your visa status.","","0.318","0.0169","UOL_UKVI_complience.pdf_p11_c2"
"S0_llm_only","V2Q002","paraphrased","unsupported","Students or staff should contact the Student Support and Wellbeing team","","0.0161","0.005","UOL_diversity-equality-opportunity-policy.pdf_p5_c3"
"S0_llm_only","V2Q002","paraphrased","unsupported","or the Equality and Diversity office","","0.0032","0.0028","UOL_diversity-equality-opportunity-policy.pdf_p5_c3"
"S0_llm_only","V2Q002","paraphrased","unsupported","at the University of Liverpool to raise concerns about harassment, bullying, discrimination, or victimisation.","","0.0031","0.0004","UOL_diversity-equality-opportunity-policy.pdf_p5_c3"
"S0_llm_only","V2Q002","paraphrased","unsupported","They can also approach a trusted staff member, union representative, or use the university?s online reporting system (if available).","","0.0027","0.0022","UOL_diversity-equality-opportunity-policy.pdf_p5_c3"
"S0_llm_only","V2Q002","paraphrased","unsupported","If unsure, they may seek guidance from a designated staff member.","","0.2243","0.0402","UOL_diversity-equality-opportunity-policy.pdf_p5_c3"
"S0_llm_only","V2Q002","paraphrased","unsupported","Always ensure the process aligns with the university?s official policies, which can be found on their website.","","0.0029","0.0008","UOL_diversity-equality-opportunity-policy.pdf_p5_c3"
"S0_llm_only","V2Q003","procedural","unsupported","The student should contact their school or department and discuss their situation with an academic advisor or support staff before submitting a claim.","","0.4925","0.0063","UOL_undergraduate_handbook.pdf_p35_c3"
"S0_llm_only","V2Q003","procedural","unsupported","This allows them to receive appropriate guidance and support tailored to their specific circumstances.","","0.342","0.0121","UOL_undergraduate_handbook.pdf_p35_c3"
"S0_llm_only","V2Q003","procedural","unsupported","If you are unsure about the exact process at the University of Liverpool, I recommend reaching out to the university's student support services for precise instructions.","","0.0108","0.0047","UOL_undergraduate_handbook.pdf_p35_c3"
"S0_llm_only","V2Q004","paraphrased","unsupported","I don?t have specific information about changes to the 2025?26 academic integrity categories, self-plagiarism policies, or treatment of personal extenuating circumstances at the University of Liverpool.","","0.0031","0.006","UOL_Code,of,Practice,on,Assessment,and,Appendices,2025-26,Summary,of,Changes.pdf_p3_c4"
"S0_llm_only","V2Q004","paraphrased","unsupported","Policies can evolve, but any updates would typically be communicated through official university channels (e.g., the Student Union, academic integrity guidelines, or direct student communications).","","0.0691","0.0039","UOL_Code,of,Practice,on,Assessment,and,Appendices,2025-26,Summary,of,Changes.pdf_p3_c4"
"S0_llm_only","V2Q004","paraphrased","unsupported","For the most accurate and up-to-date details, I recommend checking the university?s official website or contacting the Student Support team directly.","","0.0047","0.0037","UOL_Code,of,Practice,on,Assessment,and,Appendices,2025-26,Summary,of,Changes.pdf_p3_c4"
"S0_llm_only","V2Q005","adversarial_false_premise","unsupported","I'm not certain about the specific policy of the University of Liverpool regarding jury service disruptions.","","0.0091","0.0013","UOL_undergraduate_handbook.pdf_p38_c3"
"S0_llm_only","V2Q005","adversarial_false_premise","unsupported","Policies can vary, and it's possible the university may offer some form of support or guidance in such cases.","","0.1134","0.0089","UOL_undergraduate_handbook.pdf_p38_c3"
"S0_llm_only","V2Q005","adversarial_false_premise","unsupported","I recommend contacting the university's student support services directly for accurate and up-to-date information.","","0.0415","0.134","UOL_undergraduate_handbook.pdf_p38_c3"
"S0_llm_only","V2Q006","factual","unsupported","I'm not certain about the specific expectations for student participation in a student-conduct investigation at the University of Liverpool, as this would depend on the university's official policies and procedures.","","0.021","0.0038","UOL_student_conduct1.pdf_p12_c3"
"S0_llm_only","V2Q006","factual","unsupported","For accurate and detailed information, I recommend consulting the university's student conduct guidelines or contacting their student support services directly.","","0.0183","0.0063","UOL_student_conduct1.pdf_p12_c3"
"S0_llm_only","V2Q007","factual","unsupported","I?m not certain about the specific criteria for escalation to Stage Two under the University of Liverpool?s Attendance Policy.","","0.0049","0.0034","UOL_StudentAttendancePolicy-REVISEDJUL2025,v1.3.pdf_p7_c1"
"S0_llm_only","V2Q007","factual","unsupported","Policies can vary, and I don?t have access to the exact details of this policy.","","0.0254","0.0027","UOL_StudentAttendancePolicy-REVISEDJUL2025,v1.3.pdf_p7_c1"
"S0_llm_only","V2Q007","factual","supported_uncited","I recommend checking the official Attendance Policy document or contacting the Student Support Services team for precise information.","","0.6414","0.0112","UOL_StudentAttendancePolicy-REVISEDJUL2025,v1.3.pdf_p7_c1"
"S0_llm_only","V2Q008","procedural","supported_uncited","After a student is notified that programme-fee payments remain outstanding under the 2026?27 Payment Policy, the university typically expects the student to settle the outstanding amount as soon as possible.","","0.6946","0.0186","UOL_payment_policy_2026,2027.pdf_p7_c3"
"S0_llm_only","V2Q008","procedural","unsupported","If the payment is not made by the specified deadline, the university may take further actions, such as suspending the student?s enrollment, applying additional administrative fees, or escalating the matter to a collections process.","","0.0146","0.0112","UOL_payment_policy_2026,2027.pdf_p7_c3"
"S0_llm_only","V2Q008","procedural","unsupported","However, the exact consequences depend on the specific terms outlined in the 2026?27 Payment Policy.","","0.0706","0.0229","UOL_payment_policy_2026,2027.pdf_p7_c3"
"S0_llm_only","V2Q008","procedural","unsupported","For precise details, the student should contact the University of Liverpool?s Student Finance or relevant administrative office directly.","","0.0104","0.0081","UOL_payment_policy_2026,2027.pdf_p7_c3"
"S0_llm_only","V2Q009","paraphrased","unsupported","I'm not certain of the exact timeframe for the University of Liverpool's specific policy regarding the responding student's reply period after receiving the investigation report and allegations.","","0.4066","0.0171","UOL_student_conduct1.pdf_p15_c4"
"S0_llm_only","V2Q009","paraphrased","unsupported","University procedures can vary, and it's best to consult the official student conduct guidelines or contact the Student Support Office for precise details.","","0.2898","0.0318","UOL_student_conduct1.pdf_p15_c4"
"S0_llm_only","V2Q010","paraphrased","unsupported","I?m not certain about the specific circumstances outlined in the University of Liverpool?s Attendance Policy, as policies can vary by school or department.","","0.0226","0.0024","UOL_StudentAttendancePolicy-REVISEDJUL2025,v1.3.pdf_p5_c4"
"S0_llm_only","V2Q010","paraphrased","unsupported","For the most accurate and up-to-date information, I recommend checking the official Attendance Policy document or contacting your school?s administration directly.","","0.026","0.0054","UOL_StudentAttendancePolicy-REVISEDJUL2025,v1.3.pdf_p5_c4"
"S0_llm_only","V2Q010","paraphrased","unsupported","They can provide details on what absences require approval and under what conditions.","","0.159","0.0013","UOL_StudentAttendancePolicy-REVISEDJUL2025,v1.3.pdf_p5_c4"
"S0_llm_only","V2Q011","adversarial_false_premise","unsupported","I'm not certain about the specific policy at the University of Liverpool regarding submitting appeal papers on the day of the hearing.","","0.0037","0.0014","UOL_student_conduct1.pdf_p28_c1"
"S0_llm_only","V2Q011","adversarial_false_premise","unsupported","It?s important to confirm this directly with the University?s Student Services or the relevant disciplinary office, as procedures can vary.","","0.0079","0.0012","UOL_student_conduct1.pdf_p28_c1"
"S0_llm_only","V2Q011","adversarial_false_premise","unsupported","I recommend checking their official guidelines or contacting them for accurate information.","","0.0091","0.0027","UOL_student_conduct1.pdf_p28_c1"
"S0_llm_only","V2Q012","adversarial_false_premise","contradicted","The requirement that all postgraduate award credit must be at level 7 with no level 6 credit permitted is not a universally fixed rule across all postgraduate programs.","","0.0858","0.7492","UOL_postgraduate_handbook.pdf_p23_c2"
"S0_llm_only","V2Q012","adversarial_false_premise","unsupported","While many master?s-level awards (level 7) are standard, some programs or modules may include level 6 (postgraduate certificate/diploma) credit depending on the specific award structure.","","0.0478","0.1881","UOL_postgraduate_handbook.pdf_p23_c2"
"S0_llm_only","V2Q012","adversarial_false_premise","unsupported","The University of Liverpool?s policies may vary by program, so it?s best to confirm with your department or the awarding body for exact requirements.","","0.0088","0.1539","UOL_postgraduate_handbook.pdf_p23_c2"
"S0_llm_only","V2Q012","adversarial_false_premise","unsupported","I cannot confirm this as an absolute rule without specific institutional guidance.","","0.0018","0.0029","UOL_postgraduate_handbook.pdf_p23_c2"
"S0_llm_only","V2Q013","factual","unsupported","The University of Liverpool's disciplinary panel may impose serious sanctions such as expulsion","","0.0179","0.0057","UOL_student_conduct2.pdf_p4_c1"
"S0_llm_only","V2Q013","factual","unsupported","(permanent removal from the university) or suspension","","0.0502","0.0466","UOL_student_conduct2.pdf_p4_c1"
"S0_llm_only","V2Q013","factual","unsupported","(temporary or conditional removal, e.g., until certain requirements are met).","","0.0474","0.0171","UOL_student_conduct2.pdf_p4_c1"
"S0_llm_only","V2Q013","factual","unsupported","Other potential serious sanctions could include mandatory counseling, community service, or a formal reprimand with long-term consequences.","","0.0065","0.0062","UOL_student_conduct2.pdf_p4_c1"
"S0_llm_only","V2Q013","factual","unsupported","However, the exact sanctions depend on the severity of the offense and the specific circumstances of the case.","","0.1363","0.0263","UOL_student_conduct2.pdf_p4_c1"
"S0_llm_only","V2Q013","factual","unsupported","If you need precise details about the University of","","0.2583","0.0162","UOL_student_conduct2.pdf_p4_c1"
"S0_llm_only","V2Q014","factual","unsupported","The University of Liverpool's policy on extenuating circumstances typically requires that the situation be exceptional, unforeseen, and beyond the student's control.","","0.0078","0.0046","UOL_extenuating_circumstances_policy.pdf_p10_c4"
"S0_llm_only","V2Q014","factual","supported_uncited","Employment interference alone is generally not considered an extenuating circumstance unless it involves extraordinary circumstances (e.g., sudden loss of employment due to unforeseen events).","","0.7001","0.0119","UOL_extenuating_circumstances_policy.pdf_p10_c4"
"S0_llm_only","V2Q014","factual","unsupported","Students should consult the university's Student Support or Examinations Office for specific guidance, as policies may vary and require documentation to support the claim.","","0.0691","0.0089","UOL_extenuating_circumstances_policy.pdf_p10_c4"
"S0_llm_only","V2Q015","adversarial_false_premise","unsupported","The University of Liverpool's specific policies on this matter would need to be confirmed directly with the university's Student Support or Registrar's Office.","","0.2534","0.0114","UOL_postgraduate_handbook.pdf_p33_c5"
"S0_llm_only","V2Q015","adversarial_false_premise","unsupported","While many institutions require formal withdrawal or suspension processes to terminate registration and fee liability, I cannot confirm this definitively without explicit policy details.","","0.0257","0.0022","UOL_postgraduate_handbook.pdf_p33_c5"
"S0_llm_only","V2Q015","adversarial_false_premise","supported_uncited","It is advisable to consult official university resources or contact support services for accurate guidance.","","0.5634","0.0092","UOL_postgraduate_handbook.pdf_p33_c5"
"S0_llm_only","V2Q016","factual","unsupported","The University of Liverpool's attendance requirements are generally the minimum standards set by the institution.","","0.0294","0.0049","UOL_StudentAttendancePolicy-REVISEDJUL2025,v1.3.pdf_p2_c3"
"S0_llm_only","V2Q016","factual","supported_uncited","However, if a professional body, sponsor, or degree-apprenticeship provider imposes stricter attendance requirements, those external requirements would typically take priority","","0.9198","0.0055","UOL_StudentAttendancePolicy-REVISEDJUL2025,v1.3.pdf_p2_c3"
"S0_llm_only","V2Q016","factual","supported_uncited","for the student to meet, as they may be necessary to fulfill external obligations (e.g., accreditation, sponsorship agreements, or professional standards).","","0.668","0.1056","UOL_StudentAttendancePolicy-REVISEDJUL2025,v1.3.pdf_p2_c3"
"S0_llm_only","V2Q016","factual","unsupported","This is a general principle, and specific cases may vary.","","0.2845","0.0973","UOL_StudentAttendancePolicy-REVISEDJUL2025,v1.3.pdf_p2_c3"
"S0_llm_only","V2Q016","factual","unsupported","I am not certain about the exact policy at the University of Liverpool, so I recommend confirming with your program office, sponsor, or the University?s Student Support team for definitive guidance.","","0.0286","0.014","UOL_StudentAttendancePolicy-REVISEDJUL2025,v1.3.pdf_p2_c3"
"S0_llm_only","V2Q017","procedural","unsupported","I'm not certain about the specific sanctions for a Category 2 student-conduct breach at the University of Liverpool, as this would depend on the exact nature of the breach and the university's current policies.","","0.0075","0.0011","UOL_student_conduct2.pdf_p3_c1"
"S0_llm_only","V2Q017","procedural","unsupported","For precise details, I recommend consulting the official Student Conduct Policy or contacting the Student Support Office directly.","","0.0395","0.0073","UOL_student_conduct2.pdf_p3_c1"
"S0_llm_only","V2Q017","procedural","unsupported","They can provide accurate, up-to-date information tailored to your situation.","","0.0019","0.0034","UOL_student_conduct2.pdf_p3_c1"
"S0_llm_only","V2Q018","paraphrased","unsupported","If informal resolution is not suitable, a taught student at the University of Liverpool should formally submit a complaint through the Student's Union (USU)","","0.004","0.0085","UOL_Student,Complaints,Policy,and,Procedure.pdf_p12_c2"
"S0_llm_only","V2Q018","paraphrased","contradicted","or directly to the Student Experience and Support team.","","0.1282","0.7564","UOL_Student,Complaints,Policy,and,Procedure.pdf_p12_c2"
"S0_llm_only","V2Q018","paraphrased","supported_uncited","These bodies handle formal academic complaints and can guide the student through the appropriate process.","","0.7838","0.0274","UOL_Student,Complaints,Policy,and,Procedure.pdf_p12_c2"
"S0_llm_only","V2Q018","paraphrased","supported_uncited","If you are unsure, I recommend contacting the Student Experience and Support team","","0.8511","0.0317","UOL_Student,Complaints,Policy,and,Procedure.pdf_p12_c2"
"S0_llm_only","V2Q018","paraphrased","unsupported","(email: studentsupport@liverpool.ac.uk or via their website) for precise guidance, as procedures may vary depending on the nature of the complaint.","","0.0259","0.1177","UOL_Student,Complaints,Policy,and,Procedure.pdf_p12_c2"
"S0_llm_only","V2Q019","reasoning","supported_uncited","The student should use IT Services","","0.836","0.0047","UOL_postgraduate_handbook.pdf_p16_c8"
"S0_llm_only","V2Q019","reasoning","supported_uncited","to access available campus computers (e.g., through their computer labs or booking systems) and the University Library Service","","0.5968","0.0795","UOL_postgraduate_handbook.pdf_p16_c8"
"S0_llm_only","V2Q019","reasoning","supported_uncited","for specialist help with finding and referencing academic sources (e.g., via librarians, reference management tools, or workshops).","","0.5618","0.0979","UOL_postgraduate_handbook.pdf_p16_c8"
"S0_llm_only","V2Q019","reasoning","unsupported","If the Library Service does not cover specific referencing needs, the student could also contact Academic Support Services","","0.4298","0.034","UOL_postgraduate_handbook.pdf_p16_c8"
"S0_llm_only","V2Q020","paraphrased","unsupported","The number of re-sits or re-takes allowed after a permitted reassessment due to extenuating circumstances can vary depending on the specific circumstances, the course regulations, and the assessment type.","","0.0825","0.0094","UOL_extenuating_circumstances_policy.pdf_p15_c3"
"S0_llm_only","V2Q020","paraphrased","unsupported","While many universities typically allow one re-sit","","0.0005","0.0005","UOL_extenuating_circumstances_policy.pdf_p15_c3"
"S0_llm_only","V2Q020","paraphrased","unsupported","in such cases, the University of Liverpool?s exact policy may differ.","","0.0038","0.0012","UOL_extenuating_circumstances_policy.pdf_p15_c3"
"S0_llm_only","V2Q020","paraphrased","unsupported","I am not certain of the exact number for the University of Liverpool, as policies can vary by course or department.","","0.0024","0.0006","UOL_extenuating_circumstances_policy.pdf_p15_c3"
"S0_llm_only","V2Q020","paraphrased","unsupported","It is advisable to check with your academic advisor or the relevant department for precise details.","","0.0107","0.0028","UOL_extenuating_circumstances_policy.pdf_p15_c3"
"S0_llm_only","V2Q021","factual","unsupported","The University of Liverpool can protect its Student Sponsor Licence by ensuring compliance with Home Office regulations.","","0.0362","0.0013","UOL_UKVI_complience.pdf_p13_c6"
"S0_llm_only","V2Q021","factual","supported_uncited","If a Student Route student's circumstances make continued sponsorship inappropriate (e.g., visa violations, financial non-compliance), the University should terminate the sponsorship arrangement for that student","","0.9429","0.0053","UOL_UKVI_complience.pdf_p13_c6"
"S0_llm_only","V2Q021","factual","supported_uncited","following the correct procedures outlined in the Sponsor Code.","","0.5712","0.0918","UOL_UKVI_complience.pdf_p13_c6"
"S0_llm_only","V2Q021","factual","supported_uncited","This may involve formally withdrawing the student from the licence to avoid non-compliance risks.","","0.976","0.0025","UOL_UKVI_complience.pdf_p13_c6"
"S0_llm_only","V2Q021","factual","unsupported","The University should also review its internal processes to address such situations proactively.","","0.0038","0.0012","UOL_UKVI_complience.pdf_p13_c6"
"S0_llm_only","V2Q021","factual","unsupported","If unsure about specific steps, consulting the Home Office or the University?s Sponsorship Office is advisable.","","0.1695","0.0241","UOL_UKVI_complience.pdf_p13_c6"
"S0_llm_only","V2Q022","paraphrased","unsupported","The specific protections and responsibilities for a student making a complaint in good faith at the University of Liverpool would typically be outlined in the university?s Student Conduct Policy or relevant institutional guidelines.","","0.2004","0.0015","UOL_Student,Complaints,Policy,and,Procedure.pdf_p9_c2"
"S0_llm_only","V2Q022","paraphrased","unsupported","These may include protections against retaliation, confidentiality during the process, and a commitment to a fair investigation.","","0.0967","0.0024","UOL_Student,Complaints,Policy,and,Procedure.pdf_p9_c2"
"S0_llm_only","V2Q022","paraphrased","unsupported","Responsibilities might involve providing accurate information and cooperating with the process.","","0.1629","0.0015","UOL_Student,Complaints,Policy,and,Procedure.pdf_p9_c2"
"S0_llm_only","V2Q022","paraphrased","supported_uncited","However, I cannot confirm the exact details without referencing the university?s current policies.","","0.9878","0.0018","UOL_Student,Complaints,Policy,and,Procedure.pdf_p9_c2"
"S0_llm_only","V2Q022","paraphrased","unsupported","For precise information, I recommend consulting the Student Conduct Policy or contacting the Student Support Services team directly.","","0.0707","0.0025","UOL_Student,Complaints,Policy,and,Procedure.pdf_p9_c2"
"S0_llm_only","V2Q023","adversarial_false_premise","unsupported","I'm not certain about the specific requirements for complaint reviewers at the University of Liverpool.","","0.0111","0.0018","UOL_Student,Complaints,Policy,and,Procedure.pdf_p17_c3"
"S0_llm_only","V2Q023","adversarial_false_premise","unsupported","Policies can vary, and it's best to consult the official student complaints procedure or contact the Student Support Office directly for accurate guidance.","","0.0651","0.0037","UOL_Student,Complaints,Policy,and,Procedure.pdf_p17_c3"
"S0_llm_only","V2Q024","factual","unsupported","If a Student Route visa holder reaches Stage Three and fails to meet the agreed re-engagement conditions, the Home Office may refuse their visa application.","","0.0094","0.0057","UOL_StudentAttendancePolicy-REVISEDJUL2025,v1.3.pdf_p9_c5"
"S0_llm_only","V2Q024","factual","unsupported","This could result in the student being required to leave the UK, as failing to comply with re-engagement requirements typically indicates a breach of visa conditions.","","0.0016","0.0009","UOL_StudentAttendancePolicy-REVISEDJUL2025,v1.3.pdf_p9_c5"
"S0_llm_only","V2Q024","factual","unsupported","However, specific outcomes depend on the circumstances and decisions made by the Home Office.","","0.0039","0.0012","UOL_StudentAttendancePolicy-REVISEDJUL2025,v1.3.pdf_p9_c5"
"S0_llm_only","V2Q024","factual","unsupported","If uncertain about exact procedures, it is advisable to consult official UKVI guidance or seek advice from the university's immigration support team.","","0.0124","0.0032","UOL_StudentAttendancePolicy-REVISEDJUL2025,v1.3.pdf_p9_c5"
"S0_llm_only","V2Q025","factual","unsupported","I'm not certain of the exact recommendations in the Undergraduate Handbook regarding security precautions for personal property and accommodation.","","0.044","0.1934","UOL_undergraduate_handbook.pdf_p13_c5"
"S0_llm_only","V2Q025","factual","contradicted","For the most accurate and specific guidance, I recommend checking the latest version of the Undergraduate Handbook or contacting the University of Liverpool's Student Support or Security Services directly.","","0.0026","0.9864","UOL_undergraduate_handbook.pdf_p13_c5"
"S0_llm_only","V2Q026","paraphrased","unsupported","The Postgraduate Handbook likely includes guidance on protecting belongings (e.g., using locks, securing valuables) and reporting crimes (e.g., contacting university security or local authorities).","","0.0723","0.0018","UOL_postgraduate_handbook.pdf_p13_c6"
"S0_llm_only","V2Q026","paraphrased","unsupported","However, I cannot provide exact details from the handbook without explicit reference to its content.","","0.431","0.0917","UOL_postgraduate_handbook.pdf_p13_c6"
"S0_llm_only","V2Q026","paraphrased","unsupported","For precise instructions, I recommend consulting the latest version of the Postgraduate Handbook or contacting the University of Liverpool?s Student Support or Security Team directly.","","0.0119","0.029","UOL_postgraduate_handbook.pdf_p13_c6"
"S0_llm_only","V2Q027","paraphrased","unsupported","I'm not certain about the specific purpose of a ""Stage Two attendance meeting"" at the University of Liverpool, as this term does not appear to be part of standard university policies or common terminology.","","0.0112","0.0189","UOL_StudentAttendancePolicy-REVISEDJUL2025,v1.3.pdf_p7_c2"
"S0_llm_only","V2Q027","paraphrased","unsupported","It might refer to a department-specific or course-related requirement.","","0.0022","0.0023","UOL_StudentAttendancePolicy-REVISEDJUL2025,v1.3.pdf_p7_c2"
"S0_llm_only","V2Q027","paraphrased","unsupported","I recommend checking with your school or module leader for precise details.","","0.0228","0.0046","UOL_StudentAttendancePolicy-REVISEDJUL2025,v1.3.pdf_p7_c2"
"S0_llm_only","V2Q028","procedural","unsupported","The student should contact the University of Liverpool's Student Health Service or Student Support team for advice.","","0.0166","0.0053","UOL_undergraduate_handbook.pdf_p15_c7"
"S0_llm_only","V2Q028","procedural","unsupported","They can provide guidance on alternative options, such as receiving the vaccination after arrival or discussing medical exemptions if applicable.","","0.1103","0.2018","UOL_undergraduate_handbook.pdf_p15_c7"
"S0_llm_only","V2Q028","procedural","contradicted","If unsure, explicitly state that the answer is based on standard university protocols and recommend reaching out to these specific services for accurate information.","","0.1879","0.6384","UOL_undergraduate_handbook.pdf_p15_c7"
"S0_llm_only","V2Q029","paraphrased","unsupported","The University of Liverpool typically follows a process that includes communicating with the student about the outstanding debt, offering support such as payment plans or financial advice, and potentially reviewing the circumstances before applying academic sanctions.","","0.0059","0.0024","UOL_payment_policy_2026,2027.pdf_p7_c5"
"S0_llm_only","V2Q029","paraphrased","unsupported","However, I cannot confirm the exact steps without referencing the university's current policies.","","0.0522","0.0096","UOL_payment_policy_2026,2027.pdf_p7_c5"
"S0_llm_only","V2Q029","paraphrased","unsupported","For precise details, I recommend checking the official student finance or student support resources or contacting the university directly.","","0.0284","0.0285","UOL_payment_policy_2026,2027.pdf_p7_c5"
"S0_llm_only","V2Q030","procedural","supported_uncited","The University of Liverpool offers support for students facing financial hardship through its Student Support Service.","","0.8949","0.0032","UOL_undergraduate_handbook.pdf_p19_c2"
"S0_llm_only","V2Q030","procedural","unsupported","This service can provide guidance on available options, such as bursaries, hardship funds, or external financial aid.","","0.0278","0.0019","UOL_undergraduate_handbook.pdf_p19_c2"
"S0_llm_only","V2Q030","procedural","unsupported","You can contact them directly via their website or by email at studentsupport@liverpool.ac.uk for personalized assistance.","","0.0101","0.003","UOL_undergraduate_handbook.pdf_p19_c2"
"S0_llm_only","V2Q030","procedural","unsupported","If unsure about specific details, they will clarify the exact resources available to you.","","0.0152","0.0035","UOL_undergraduate_handbook.pdf_p19_c2"
"S0_llm_only","V2Q031","factual","unsupported","The University of Liverpool's handbook typically states that an undergraduate degree classification is primarily determined by the overall academic performance across all modules completed during the degree program.","","0.0093","0.2371","UOL_undergraduate_handbook.pdf_p29_c9"
"S0_llm_only","V2Q031","factual","contradicted","This usually involves calculating an average grade based on the marks or credits achieved in each module.","","0.0202","0.8642","UOL_undergraduate_handbook.pdf_p29_c9"
"S0_llm_only","V2Q031","factual","contradicted","However, specific details (e.g., weighting of final-year modules) may vary, so I recommend consulting the latest handbook or contacting the university directly for precise criteria.","","0.0646","0.6857","UOL_undergraduate_handbook.pdf_p29_c9"
"S0_llm_only","V2Q032","factual","unsupported","I'm not certain of the specific factors the University of Liverpool uses to determine whether conduct constitutes harassment, as this would depend on their official policies and legal definitions.","","0.0146","0.0055","UOL_diversity-equality-opportunity-policy.pdf_p23_c1"
"S0_llm_only","V2Q032","factual","unsupported","For precise information, I recommend consulting the university's harassment policy or contacting their Student Support Services directly.","","0.0151","0.0292","UOL_diversity-equality-opportunity-policy.pdf_p23_c1"
"S0_llm_only","V2Q032","factual","unsupported","They can provide the exact criteria and guidance relevant to their institution.","","0.0012","0.0006","UOL_diversity-equality-opportunity-policy.pdf_p23_c1"
"S0_llm_only","V2Q033","paraphrased","supported_uncited","I'm not certain about the specific requirements for an ATAS certificate at the University of Liverpool, as the term ""ATAS"" could refer to different documents or certifications depending on the context (e.g., visa, course requirements, health checks).","","0.6436","0.0375","UOL_student_guide_visa_holders.pdf_p4_c6"
"S0_llm_only","V2Q033","paraphrased","unsupported","For accurate guidance, I recommend contacting the University of Liverpool's International Student Office or the relevant department handling your specific needs.","","0.2252","0.2145","UOL_student_guide_visa_holders.pdf_p4_c6"
"S0_llm_only","V2Q034","procedural","unsupported","Schools or Institutes at the University of Liverpool are expected to ensure that assessment arrangements are fair, transparent, and aligned with the university's academic standards.","","0.0016","0.0006","UOL_undergraduate_handbook.pdf_p23_c10"
"S0_llm_only","V2Q034","procedural","unsupported","Designing assessments that clearly measure the intended learning outcomes.","","0.2309","0.0335","UOL_undergraduate_handbook.pdf_p23_c10"
"S0_llm_only","V2Q034","procedural","supported_uncited","Ensuring consistency and equity in how assessments are applied across modules or courses.","","0.5752","0.0108","UOL_undergraduate_handbook.pdf_p23_c10"
"S0_llm_only","V2Q034","procedural","unsupported","Providing clear criteria and rubrics for evaluation.","","0.0403","0.0052","UOL_undergraduate_handbook.pdf_p23_c10"
"S0_llm_only","V2Q034","procedural","unsupported","Accommodating students with disabilities or other needs in accordance with university policies.","","0.0442","0.0186","UOL_undergraduate_handbook.pdf_p23_c10"
"S0_llm_only","V2Q034","procedural","unsupported","However, specific requirements may vary depending on the school or institute, and detailed expectations are often outlined in the University?s academic regulations or quality assurance guidelines.","","0.0722","0.0234","UOL_undergraduate_handbook.pdf_p23_c10"
"S0_llm_only","V2Q034","procedural","unsupported","If you need precise information, I recommend consulting the official University of Liverpool policy documents or contacting the relevant academic office.","","0.0099","0.0169","UOL_undergraduate_handbook.pdf_p23_c10"
"S0_llm_only","V2Q035","reasoning","unsupported","I am not certain about the specific policy of the University of Liverpool regarding how a re-taken assessment mark (as an ""uncapped first attempt"" due to extenuating circumstances) is treated.","","0.0015","0.0005","UOL_extenuating_circumstances_policy.pdf_p15_c5"
"S0_llm_only","V2Q035","reasoning","unsupported","Policies can vary by course or department, and this scenario may depend on specific circumstances.","","0.0149","0.0099","UOL_extenuating_circumstances_policy.pdf_p15_c5"
"S0_llm_only","V2Q035","reasoning","contradicted","I recommend consulting the university's official guidelines or contacting the Student Support Office for precise information.","","0.0183","0.5036","UOL_extenuating_circumstances_policy.pdf_p15_c5"
"S0_llm_only","V2Q036","paraphrased","unsupported","Under the University of Liverpool's equality policy, harassment is generally defined as unwanted conduct related to a protected characteristic (such as race, gender, disability, sexual orientation, etc.) that has the purpose or effect of violating a person's dignity or creating an intimidating, hostile, degrading, humiliating, or offensive environment.","","0.0048","0.0007","UOL_diversity-equality-opportunity-policy.pdf_p20_c4"
"S0_llm_only","V2Q036","paraphrased","unsupported","This can include verbal, physical, or written behavior that is unwelcome and persistent.","","0.004","0.0004","UOL_diversity-equality-opportunity-policy.pdf_p20_c4"
"S0_llm_only","V2Q036","paraphrased","unsupported","However, to provide the exact details specific to the University's policy, I recommend consulting the official University Equality and Diversity Policy document or contacting the Student Support Services for precise information.","","0.0087","0.0029","UOL_diversity-equality-opportunity-policy.pdf_p20_c4"
"S0_llm_only","V2Q036","paraphrased","unsupported","If you are unsure, it?s best to seek clarification directly from the University?s resources.","","0.0029","0.0021","UOL_diversity-equality-opportunity-policy.pdf_p20_c4"
"S0_llm_only","V2Q037","factual","unsupported","The frequency of recording meetings with a supervisor for postgraduate research students at the University of Liverpool may vary depending on the specific research program, department, or supervisor's requirements.","","0.0306","0.01","UOL_student_guide_visa_holders.pdf_p6_c3"
"S0_llm_only","V2Q037","factual","unsupported","There is no universally mandated schedule across all postgraduate research students at the university.","","0.0647","0.0095","UOL_student_guide_visa_holders.pdf_p6_c3"
"S0_llm_only","V2Q037","factual","unsupported","I recommend checking with your department or supervisor for their specific guidelines on meeting documentation.","","0.0186","0.0037","UOL_student_guide_visa_holders.pdf_p6_c3"
"S0_llm_only","V2Q038","reasoning","unsupported","The Postgraduate Handbook advises students to use the correct academic regulations and codes for their cohort and degree to ensure they follow the specific rules, requirements, and deadlines applicable to their program and year of study.","","0.3963","0.0076","UOL_postgraduate_handbook.pdf_p22_c7"
"S0_llm_only","V2Q038","reasoning","unsupported","This helps avoid errors in assessments, submissions, or compliance, which could impact their academic progress or outcomes.","","0.1058","0.0054","UOL_postgraduate_handbook.pdf_p22_c7"
"S0_llm_only","V2Q038","reasoning","supported_uncited","Regulations may vary between cohorts (e.g., due to changes in policies or program structures) and degrees (e.g., differing module requirements or assessment criteria), so using the correct ones ensures accuracy and fairness.","","0.536","0.0064","UOL_postgraduate_handbook.pdf_p22_c7"
"S0_llm_only","V2Q039","paraphrased","unsupported","The Student Loans Company (SLC) typically pays programme fee loans directly to the university on behalf of the student.","","0.0807","0.0217","UOL_payment_policy_2026,2027.pdf_p2_c3"
"S0_llm_only","V2Q039","paraphrased","unsupported","This is usually done through electronic transfers to the university's designated account.","","0.0012","0.0019","UOL_payment_policy_2026,2027.pdf_p2_c3"
"S0_llm_only","V2Q039","paraphrased","unsupported","However, I cannot confirm the exact process for the 2026?27 academic year, as specific procedures may vary or change over time.","","0.0126","0.0039","UOL_payment_policy_2026,2027.pdf_p2_c3"
"S0_llm_only","V2Q039","paraphrased","unsupported","For the most accurate and up-to-date information, I recommend checking the SLC's official guidelines or contacting the university's student finance office.","","0.0051","0.0025","UOL_payment_policy_2026,2027.pdf_p2_c3"
"S0_llm_only","V2Q040","factual","unsupported","Yes, complaints about harassment or sexual misconduct at the University of Liverpool can potentially be addressed under other policies, such as the Sexual Misconduct Policy","","0.0046","0.0007","UOL_Student,Complaints,Policy,and,Procedure.pdf_p2_c2"
"S0_llm_only","V2Q040","factual","unsupported","or Equality and Diversity Policy, depending on the specific circumstances.","","0.0132","0.0317","UOL_Student,Complaints,Policy,and,Procedure.pdf_p2_c2"
"S0_llm_only","V2Q040","factual","unsupported","These policies may provide additional frameworks or procedures for reporting and resolving such issues.","","0.0102","0.0013","UOL_Student,Complaints,Policy,and,Procedure.pdf_p2_c2"
"S0_llm_only","V2Q040","factual","unsupported","However, the exact policies and processes should be confirmed through the university?s official resources or by contacting the Student Support Services for accurate guidance.","","0.0663","0.0127","UOL_Student,Complaints,Policy,and,Procedure.pdf_p2_c2"
"S0_llm_only","V2Q041","factual","unsupported","If accepted extenuating circumstances affect an undergraduate student's final-year performance but sufficient assessed work exists to determine an award, the University of Liverpool would likely consider both the extenuating circumstances and the student's overall academic record.","","0.0016","0.0007","UOL_extenuating_circumstances_policy.pdf_p13_c5"
"S0_llm_only","V2Q041","factual","supported_uncited","The outcome would depend on the specific details of the circumstances and how they impacted the final-year work.","","0.8959","0.0059","UOL_extenuating_circumstances_policy.pdf_p13_c5"
"S0_llm_only","V2Q041","factual","unsupported","In many cases, if the student meets the overall requirements for their award (e.g., degree classification) based on the existing assessed work, the university may still award the degree, potentially adjusting for the extenuating circumstances.","","0.0137","0.0028","UOL_extenuating_circumstances_policy.pdf_p13_c5"
"S0_llm_only","V2Q041","factual","unsupported","However, if the final-year performance is deemed too poor even with the circumstances, the award might be affected.","","0.1255","0.0067","UOL_extenuating_circumstances_policy.pdf_p13_c5"
"S0_llm_only","V2Q041","factual","unsupported","The exact process would follow the university?s policies on mitigating circumstances and final-year assessments.","","0.0306","0.0029","UOL_extenuating_circumstances_policy.pdf_p13_c5"
"S0_llm_only","V2Q041","factual","unsupported","I am not certain about the exact policy details, so this answer is based on general practices at universities.","","0.0024","0.0007","UOL_extenuating_circumstances_policy.pdf_p13_c5"
"S0_llm_only","V2Q041","factual","unsupported","For precise information, the student should consult the university?s official guidelines or contact the relevant office.","","0.0194","0.0032","UOL_extenuating_circumstances_policy.pdf_p13_c5"
"S0_llm_only","V2Q042","factual","unsupported","I am not certain of the exact classification of ""unauthorised use of University premises"" in the University of Liverpool's indicative student-conduct sanctions table.","","0.0079","0.0026","UOL_student_conduct2.pdf_p9_c4"
"S0_llm_only","V2Q042","factual","unsupported","This information would depend on the specific policy outlined in the university's student conduct guidelines, which may vary based on severity or context.","","0.0068","0.0073","UOL_student_conduct2.pdf_p9_c4"
"S0_llm_only","V2Q042","factual","unsupported","I recommend consulting the official student conduct policy or contacting the Student Conduct and Discipline office for precise details.","","0.0083","0.0038","UOL_student_conduct2.pdf_p9_c4"
"S0_llm_only","V2Q043","procedural","supported_uncited","During a Master's dissertation or PhD writing-up period, a Student visa holder should treat this time as part of their studies, as it is an integral component of their degree.","","0.9458","0.0033","UOL_student_guide_visa_holders.pdf_p2_c4"
"S0_llm_only","V2Q043","procedural","nei","Here?s how to approach work and residence: 1.","","0.0","0.0",""
"S0_llm_only","V2Q043","procedural","supported_uncited","You may work part-time (up to 20 hours/week)","","0.8035","0.0035","UOL_student_guide_visa_holders.pdf_p2_c4"
"S0_llm_only","V2Q043","procedural","unsupported","during term time and full-time during breaks","","0.0022","0.0064","UOL_student_guide_visa_holders.pdf_p2_c4"
"S0_llm_only","V2Q043","procedural","unsupported","(including the writing-up period, if it aligns with a university-recognized break).","","0.4598","0.0274","UOL_student_guide_visa_holders.pdf_p2_c4"
"S0_llm_only","V2Q043","procedural","supported_uncited","Ensure any work does not interfere with your academic responsibilities.","","0.8529","0.0014","UOL_student_guide_visa_holders.pdf_p2_c4"
"S0_llm_only","V2Q043","procedural","unsupported","You must remain registered as a full-time student with your university.","","0.0366","0.0107","UOL_student_guide_visa_holders.pdf_p2_c4"
"S0_llm_only","V2Q043","procedural","unsupported","If you are not enrolled in formal classes during the writing-up period, confirm with your university that you are still considered a full-time student (some institutions may require specific registration for this phase).","","0.0118","0.0022","UOL_student_guide_visa_holders.pdf_p2_c4"
"S0_llm_only","V2Q043","procedural","unsupported","Avoid prolonged periods of non-enrollment, as this could risk your visa status.","","0.2387","0.0138","UOL_student_guide_visa_holders.pdf_p2_c4"
"S0_llm_only","V2Q043","procedural","supported_uncited","If you are not attending classes but are actively working on your thesis, ensure your university confirms your student status.","","0.8902","0.0065","UOL_student_guide_visa_holders.pdf_p2_c4"
"S0_llm_only","V2Q043","procedural","unsupported","Do not exceed the permitted working hours unless during a recognized break.","","0.012","0.0007","UOL_student_guide_visa_holders.pdf_p2_c4"
"S0_llm_only","V2Q043","procedural","unsupported","If unsure about specific university requirements or visa conditions, consult your university?s international office or the UK Visas and Immigration (UKVI) guidelines.","","0.0111","0.0029","UOL_student_guide_visa_holders.pdf_p2_c4"
"S0_llm_only","V2Q044","reasoning","unsupported","The University of Liverpool may consider anonymous reports as part of its student conduct process, but whether an investigation can be formally initiated depends on the specific circumstances and the university's policies.","","0.0244","0.0037","UOL_student_conduct1.pdf_p3_c3"
"S0_llm_only","V2Q044","reasoning","supported_uncited","Anonymous reports alone might not always meet the threshold required to start an investigation, as additional verification or evidence is often needed.","","0.9836","0.0032","UOL_student_conduct1.pdf_p3_c3"
"S0_llm_only","V2Q044","reasoning","unsupported","For precise details, I recommend contacting the Student Conduct and Discipline","","0.0082","0.0036","UOL_student_conduct1.pdf_p3_c3"
"S0_llm_only","V2Q044","reasoning","unsupported","office directly, as they can provide the most accurate and up-to-date information regarding their procedures.","","0.0132","0.0196","UOL_student_conduct1.pdf_p3_c3"
"S0_llm_only","V2Q045","paraphrased","unsupported","International students should inform the university's international student office or relevant administrative department about the change in their personal contact details.","","0.1119","0.0062","UOL_UKVI_complience.pdf_p14_c1"
"S0_llm_only","V2Q045","paraphrased","unsupported","They may also need to update their information with immigration authorities (e.g., the Home Office) and other services like their bank or accommodation provider.","","0.0027","0.0013","UOL_UKVI_complience.pdf_p14_c1"
"S0_llm_only","V2Q045","paraphrased","unsupported","It is important to follow the specific procedures outlined by the university to ensure all records are updated.","","0.0567","0.0027","UOL_UKVI_complience.pdf_p14_c1"
"S0_llm_only","V2Q045","paraphrased","unsupported","If unsure, contacting the university's international student support team is recommended.","","0.0121","0.0038","UOL_UKVI_complience.pdf_p14_c1"
"S0_llm_only","V2Q046","factual","unsupported","The Student Administration Centre at the University of Liverpool can typically be contacted via the university's main switchboard at +44 (0)151 794 5000, where you can request to be transferred to the relevant department.","","0.0964","0.0213","UOL_student_guide_visa_holders.pdf_p13_c1"
"S0_llm_only","V2Q046","factual","supported_uncited","Alternatively, you may find specific contact details (e.g., email or address) on the official University of Liverpool website under ""Student Services"" or ""Administration."" For the most accurate and up-to-date information, I recommend checking the university?s official website or contacting the main office directly.","","0.6312","0.0099","UOL_student_guide_visa_holders.pdf_p13_c1"
"S0_llm_only","V2Q047","reasoning","contradicted","The answer depends on the specific circumstances and the University of Liverpool's policies regarding Personal Extenuating Circumstances (PECs) and module re-sits.","","0.003","0.9152","UOL_Code,of,Practice,on,Assessment,and,Appendices,2025-26,Summary,of,Changes.pdf_p1_c4"
"S0_llm_only","V2Q047","reasoning","contradicted","If a PEC claim has been accepted, the university may have already adjusted the grade or provided mitigation (e.g., a reduced grade or exemption from certain requirements).","","0.0026","0.8604","UOL_Code,of,Practice,on,Assessment,and,Appendices,2025-26,Summary,of,Changes.pdf_p1_c4"
"S0_llm_only","V2Q047","reasoning","contradicted","In such cases, re-sitting the module to improve the mark may or may not be permitted, as the PEC approval could influence eligibility.","","0.0013","0.9712","UOL_Code,of,Practice,on,Assessment,and,Appendices,2025-26,Summary,of,Changes.pdf_p1_c4"
"S0_llm_only","V2Q047","reasoning","contradicted","I cannot confirm the exact policy without consulting the university's official guidelines.","","0.0026","0.9279","UOL_Code,of,Practice,on,Assessment,and,Appendices,2025-26,Summary,of,Changes.pdf_p1_c4"
"S0_llm_only","V2Q047","reasoning","contradicted","Students should contact their department or the Student Support team for precise information tailored to their situation.","","0.0002","0.9939","UOL_Code,of,Practice,on,Assessment,and,Appendices,2025-26,Summary,of,Changes.pdf_p1_c4"
"S0_llm_only","V2Q048","factual","unsupported","The University of Liverpool's International Student Support Service","","0.0581","0.0009","UOL_UKVI_complience.pdf_p14_c2"
"S0_llm_only","V2Q048","factual","supported_uncited","provides specialist immigration advice and support to international students.","","0.7928","0.0016","UOL_UKVI_complience.pdf_p14_c2"
"S0_llm_only","V2Q048","factual","supported_uncited","This service assists with visa-related queries, immigration regulations, and other support tailored to international students.","","0.879","0.0011","UOL_UKVI_complience.pdf_p14_c2"
"S0_llm_only","V2Q048","factual","unsupported","If you need further details, I recommend contacting them directly via their official channels.","","0.13","0.0022","UOL_UKVI_complience.pdf_p14_c2"
"S0_llm_only","V2Q049","factual","supported_uncited","An Undergraduate Student Route visa holder typically needs to ensure their visa is valid or apply for a new Student Route visa if it has expired.","","0.7388","0.0137","UOL_undergraduate_handbook.pdf_p37_c10"
"S0_llm_only","V2Q049","factual","unsupported","They should also provide evidence of their current enrollment or acceptance into a course at a licensed UK institution, along with proof of sufficient funds to cover tuition and living costs.","","0.003","0.0058","UOL_undergraduate_handbook.pdf_p37_c10"
"S0_llm_only","V2Q049","factual","unsupported","Additionally, they may need to meet any specific conditions set by the visa office or their sponsor.","","0.0121","0.0065","UOL_undergraduate_handbook.pdf_p37_c10"
"S0_llm_only","V2Q049","factual","unsupported","However, exact requirements can vary, so it?s advisable to check with the UK Visas and Immigration (UKVI) or the university?s international office for precise guidance.","","0.0231","0.0085","UOL_undergraduate_handbook.pdf_p37_c10"
"S0_llm_only","V2Q050","reasoning","unsupported","I'm not certain of the exact escalation route described in the University of Liverpool handbook for unresolved informal complaints, as my knowledge is based on general information and not specific, up-to-date handbook details.","","0.1059","0.0545","UOL_postgraduate_handbook.pdf_p38_c4"
"S0_llm_only","V2Q050","reasoning","unsupported","For accurate guidance, I recommend referring to the official student handbook or contacting the Student Support Services directly.","","0.2869","0.4299","UOL_postgraduate_handbook.pdf_p38_c4"
"S0_llm_only","V2Q051","procedural","supported_uncited","To protect their immigration status while studying at the University of Liverpool, a Student visa holder should: 1.","","0.9404","0.0065","UOL_student_guide_visa_holders.pdf_p3_c1"
"S0_llm_only","V2Q051","procedural","unsupported","in a recognized course (ensure your course is classified as full-time under UK visa rules).","","0.1241","0.0304","UOL_student_guide_visa_holders.pdf_p3_c1"
"S0_llm_only","V2Q051","procedural","unsupported","Attend all required classes","","0.0702","0.0159","UOL_student_guide_visa_holders.pdf_p3_c1"
"S0_llm_only","V2Q051","procedural","unsupported","and avoid excessive absences without valid reasons.","","0.1384","0.0144","UOL_student_guide_visa_holders.pdf_p3_c1"
"S0_llm_only","V2Q051","procedural","unsupported","Adhere to work restrictions","","0.096","0.02","UOL_student_guide_visa_holders.pdf_p3_c1"
"S0_llm_only","V2Q051","procedural","unsupported","(typically 20 hours per week during term time and full-time during holidays).","","0.1085","0.0236","UOL_student_guide_visa_holders.pdf_p3_c1"
"S0_llm_only","V2Q051","procedural","unsupported","Make satisfactory academic progress","","0.0947","0.0068","UOL_student_guide_visa_holders.pdf_p3_c1"
"S0_llm_only","V2Q051","procedural","unsupported","(keep grades above the required threshold to avoid visa jeopardy).","","0.0373","0.0179","UOL_student_guide_visa_holders.pdf_p3_c1"
"S0_llm_only","V2Q051","procedural","unsupported","Apply for visa extensions","","0.1317","0.042","UOL_student_guide_visa_holders.pdf_p3_c1"
"S0_llm_only","V2Q051","procedural","unsupported","before the current one expires.","","0.0696","0.0166","UOL_student_guide_visa_holders.pdf_p3_c1"
"S0_llm_only","V2Q051","procedural","supported_uncited","Inform the UK Home Office or university?s international office","","0.8083","0.0272","UOL_student_guide_visa_holders.pdf_p3_c1"
"S0_llm_only","V2Q051","procedural","unsupported","of any changes (e.g., course changes, address updates, or health issues).","","0.3312","0.0712","UOL_student_guide_visa_holders.pdf_p3_c1"
"S0_llm_only","V2Q051","procedural","unsupported","(passport, visa, and any correspondence with immigration authorities).","","0.2586","0.0506","UOL_student_guide_visa_holders.pdf_p3_c1"
"S0_llm_only","V2Q051","procedural","unsupported","If unsure about specific requirements, consult the University of Liverpool?s International Office","","0.1071","0.0144","UOL_student_guide_visa_holders.pdf_p3_c1"
"S0_llm_only","V2Q051","procedural","supported_uncited","or the UK Vis","","0.7147","0.083","UOL_student_guide_visa_holders.pdf_p3_c1"
"S0_llm_only","V2Q052","paraphrased","unsupported","If you are a postgraduate student at the University of Liverpool who has been a victim of crime and requires ongoing support, you should: 1.","","0.1827","0.0031","UOL_postgraduate_handbook.pdf_p14_c8"
"S0_llm_only","V2Q052","paraphrased","unsupported","Report the incident to the police","","0.0254","0.0028","UOL_postgraduate_handbook.pdf_p14_c8"
"S0_llm_only","V2Q052","paraphrased","unsupported","to ensure the crime is formally documented.","","0.0037","0.0048","UOL_postgraduate_handbook.pdf_p14_c8"
"S0_llm_only","V2Q052","paraphrased","unsupported","Contact the University of Liverpool?s Student Support Services","","0.0139","0.0042","UOL_postgraduate_handbook.pdf_p14_c8"
"S0_llm_only","V2Q052","paraphrased","unsupported","or Security Team for immediate assistance and guidance tailored to your situation.","","0.0198","0.0128","UOL_postgraduate_handbook.pdf_p14_c8"
"S0_llm_only","V2Q052","paraphrased","unsupported","through university counseling services, victim support organizations (e.g., local charities or national helplines), or legal advice if needed.","","0.0169","0.0146","UOL_postgraduate_handbook.pdf_p14_c8"
"S0_llm_only","V2Q052","paraphrased","unsupported","If you are unsure about specific steps or resources, explicitly reach out to the university?s Student Support Services for personalized advice.","","0.1025","0.0246","UOL_postgraduate_handbook.pdf_p14_c8"
"S0_llm_only","V2Q052","paraphrased","supported_uncited","I cannot provide exact details without confirming the current protocols, so contacting the university directly is recommended.","","0.6568","0.0067","UOL_postgraduate_handbook.pdf_p14_c8"
"S0_llm_only","V2Q053","reasoning","unsupported","Notifying the School before a missed examination or assessment is important because it allows the School to assess the validity of the extenuating circumstances and determine whether accommodations (e.g., rescheduling, alternative assessments) can be made.","","0.05","0.0101","UOL_extenuating_circumstances_policy.pdf_p3_c4"
"S0_llm_only","V2Q053","reasoning","unsupported","This proactive step ensures the School has time to evaluate the situation and provide appropriate support, which may improve the likelihood of a successful claim.","","0.0031","0.0012","UOL_extenuating_circumstances_policy.pdf_p3_c4"
"S0_llm_only","V2Q053","reasoning","unsupported","However, if the University of Liverpool?s specific policy does not explicitly require prior notification, I cannot confirm this as a strict requirement.","","0.0167","0.0023","UOL_extenuating_circumstances_policy.pdf_p3_c4"
"S0_llm_only","V2Q053","reasoning","unsupported","You should consult your School or the university?s official guidelines for exact procedures.","","0.1904","0.0662","UOL_extenuating_circumstances_policy.pdf_p3_c4"
"S0_llm_only","V2Q054","procedural","unsupported","The specific records to retain or send to the Student Conduct Team after a local conduct investigation would depend on the University of Liverpool's policies and procedures.","","0.0491","0.0326","UOL_student_conduct1.pdf_p6_c4"
"S0_llm_only","V2Q054","procedural","unsupported","Generally, this might include documentation such as the incident report, evidence collected, witness statements, and the outcome of the investigation.","","0.0088","0.0056","UOL_student_conduct1.pdf_p6_c4"
"S0_llm_only","V2Q054","procedural","unsupported","However, I am not certain about the exact requirements for the University of Liverpool, as policies can vary.","","0.019","0.007","UOL_student_conduct1.pdf_p6_c4"
"S0_llm_only","V2Q054","procedural","unsupported","For precise guidance, you should consult the Student Conduct Team or the relevant university department directly.","","0.0285","0.1067","UOL_student_conduct1.pdf_p6_c4"
"S0_llm_only","V2Q055","paraphrased","unsupported","If you are a victim of crime as an undergraduate at the University of Liverpool, you should: 1.","","0.0497","0.0013","UOL_undergraduate_handbook.pdf_p14_c8"
"S0_llm_only","V2Q055","paraphrased","unsupported","Contact the University?s Student Support or Wellbeing Services","","0.0339","0.0049","UOL_undergraduate_handbook.pdf_p14_c8"
"S0_llm_only","V2Q055","paraphrased","unsupported","They can provide guidance, connect you with appropriate resources (e.g., counseling, legal advice), and help you navigate next steps.","","0.0063","0.0016","UOL_undergraduate_handbook.pdf_p14_c8"
"S0_llm_only","V2Q055","paraphrased","unsupported","Report the incident to the police","","0.0254","0.0028","UOL_undergraduate_handbook.pdf_p14_c8"
"S0_llm_only","V2Q055","paraphrased","unsupported","(e.g., via the local police force or the university?s security team if applicable).","","0.0207","0.0063","UOL_undergraduate_handbook.pdf_p14_c8"
"S0_llm_only","V2Q055","paraphrased","unsupported","This ensures an official record and may be necessary for legal or insurance purposes.","","0.0043","0.001","UOL_undergraduate_handbook.pdf_p14_c8"
"S0_llm_only","V2Q055","paraphrased","unsupported","Seek medical or psychological support","","0.0051","0.0033","UOL_undergraduate_handbook.pdf_p14_c8"
"S0_llm_only","V2Q055","paraphrased","unsupported","if you?ve been injured or are experiencing trauma.","","0.0091","0.0034","UOL_undergraduate_handbook.pdf_p14_c8"
"S0_llm_only","V2Q055","paraphrased","unsupported","The university?s health services or counseling team can assist with this.","","0.0061","0.0013","UOL_undergraduate_handbook.pdf_p14_c8"
"S0_llm_only","V2Q055","paraphrased","unsupported","Inform your department or academic office","","0.0073","0.0059","UOL_undergraduate_handbook.pdf_p14_c8"
"S0_llm_only","V2Q055","paraphrased","unsupported","if the crime impacts your studies (e.g., missed deadlines, need for extensions).","","0.0101","0.0087","UOL_undergraduate_handbook.pdf_p14_c8"
"S0_llm_only","V2Q055","paraphrased","unsupported","If you?re unsure about specific services, the Student Support team can clarify options.","","0.0329","0.0042","UOL_undergraduate_handbook.pdf_p14_c8"
"S0_llm_only","V2Q055","paraphrased","unsupported","Always prioritize your safety and wellbeing.","","0.1777","0.0029","UOL_undergraduate_handbook.pdf_p14_c8"
"S0_llm_only","V2Q056","reasoning","supported_uncited","The conduct policy likely requires reliable identification of a substance as a Class A controlled drug to ensure legal compliance and accurate handling of incidents.","","0.9352","0.0015","UOL_student_conduct2.pdf_p10_c3"
"S0_llm_only","V2Q056","reasoning","unsupported","Class A drugs are strictly regulated under UK law (e.g., the Misuse of Drugs Act 1971), and proper identification is necessary to confirm the substance's nature before taking disciplinary, medical, or legal actions.","","0.0786","0.0081","UOL_student_conduct2.pdf_p10_c3"
"S0_llm_only","V2Q056","reasoning","unsupported","This step helps avoid misclassification, ensures appropriate responses (e.g., reporting to authorities, providing support), and aligns with both university policies and legal requirements.","","0.0134","0.0114","UOL_student_conduct2.pdf_p10_c3"
"S0_llm_only","V2Q056","reasoning","unsupported","If the identification process is unclear or uncertain, the policy may mandate further verification (e.g., lab testing) to avoid errors.","","0.0428","0.0064","UOL_student_conduct2.pdf_p10_c3"
"S0_llm_only","V2Q057","procedural","supported_uncited","After a disciplinary panel finds a breach and considers the reporting student's impact statement, the next steps typically involve: 1.","","0.8181","0.0093","UOL_student_conduct1.pdf_p24_c2"
"S0_llm_only","V2Q057","procedural","unsupported","Decision and Notification: The panel will deliberate and issue a formal decision, which will be communicated to the student involved in the breach.","","0.0508","0.2328","UOL_student_conduct1.pdf_p24_c2"
"S0_llm_only","V2Q057","procedural","unsupported","Sanctions: If a breach is confirmed, the university may impose sanctions (e.g., formal warnings, suspension, or expulsion) based on the severity of the breach and the impact statement.","","0.0432","0.0403","UOL_student_conduct1.pdf_p24_c2"
"S0_llm_only","V2Q057","procedural","unsupported","Appeal Process: The student may have the right to appeal the decision, depending on university policies.","","0.02","0.006","UOL_student_conduct1.pdf_p24_c2"
"S0_llm_only","V2Q057","procedural","unsupported","However, the exact procedures and how the impact statement influences the outcome can vary.","","0.1084","0.0071","UOL_student_conduct1.pdf_p24_c2"
"S0_llm_only","V2Q057","procedural","unsupported","For precise details, I recommend consulting the University of Liverpool?s disciplinary guidelines or contacting the Student Support Office directly.","","0.0045","0.0037","UOL_student_conduct1.pdf_p24_c2"
"S0_llm_only","V2Q058","factual","unsupported","The University of Liverpool has a formal appeals process for challenging decisions made by the Board of Examiners.","","0.0053","0.0006","UOL_postgraduate_handbook.pdf_p38_c1"
"S0_llm_only","V2Q058","factual","unsupported","Postgraduate students are typically advised to submit a written appeal to the Head of School or the Pro-Vice-Chancellor (Education), following the procedures outlined in the university's Student Appeals Policy.","","0.0292","0.0863","UOL_postgraduate_handbook.pdf_p38_c1"
"S0_llm_only","V2Q058","factual","supported_uncited","However, I cannot confirm the exact steps or requirements without referencing the current policy.","","0.943","0.0061","UOL_postgraduate_handbook.pdf_p38_c1"
"S0_llm_only","V2Q058","factual","unsupported","I recommend checking the official University of Liverpool student handbook or contacting Student Support Services for precise guidance.","","0.0108","0.0163","UOL_postgraduate_handbook.pdf_p38_c1"
"S0_llm_only","V2Q059","paraphrased","supported_uncited","The transition from Early Resolution to the Formal Complaint stage typically occurs when the Early Resolution process does not resolve the concern satisfactorily, or if the student chooses to escalate the issue formally.","","0.8661","0.0045","UOL_Student,Complaints,Policy,and,Procedure.pdf_p12_c1"
"S0_llm_only","V2Q059","paraphrased","unsupported","However, the exact criteria (e.g., timeframes, specific unresolved issues) depend on the University of Liverpool?s official policies.","","0.0164","0.0031","UOL_Student,Complaints,Policy,and,Procedure.pdf_p12_c1"
"S0_llm_only","V2Q059","paraphrased","unsupported","For precise details, I recommend consulting the university?s Student Complaints and Appeals Policy or contacting the Student Support team directly.","","0.0272","0.0028","UOL_Student,Complaints,Policy,and,Procedure.pdf_p12_c1"
"S0_llm_only","V2Q060","factual","unsupported","I am not certain about the specific reassessment opportunities for this scenario, as policies can vary depending on the program and academic regulations.","","0.1039","0.0291","UOL_undergraduate_handbook.pdf_p30_c9"
"S0_llm_only","V2Q060","factual","unsupported","It is advisable for the student to consult the University of Liverpool's official academic policies or contact the Student Support/Examinations Office","","0.2031","0.2012","UOL_undergraduate_handbook.pdf_p30_c9"
"S0_llm_only","V2Q061","factual","unsupported","I am not certain of the specific division of roles under the University of Liverpool's updated assessment arrangements for academic integrity offences.","","0.0035","0.0109","UOL_Code,of,Practice,on,Assessment,and,Appendices,2025-26,Summary,of,Changes.pdf_p4_c2"
"S0_llm_only","V2Q061","factual","unsupported","University policies can vary, and it is best to consult the official University guidelines or contact the Academic Integrity Office for precise information on their procedures.","","0.0042","0.0084","UOL_Code,of,Practice,on,Assessment,and,Appendices,2025-26,Summary,of,Changes.pdf_p4_c2"
"S0_llm_only","V2Q062","procedural","unsupported","The treatment of a self-funding student's tuition-fee deposit when paying the remaining programme fee depends on the specific policies of the University of Liverpool.","","0.0015","0.0035","UOL_payment_policy_2026,2027.pdf_p5_c4"
"S0_llm_only","V2Q062","procedural","supported_uncited","Generally, a deposit is often a non-refundable portion of the total tuition fee.","","0.9297","0.0336","UOL_payment_policy_2026,2027.pdf_p5_c4"
"S0_llm_only","V2Q062","procedural","unsupported","However, without explicit confirmation from the university's financial office, I cannot provide definitive details.","","0.0119","0.0619","UOL_payment_policy_2026,2027.pdf_p5_c4"
"S0_llm_only","V2Q062","procedural","unsupported","It is advisable for the student to consult the University of Liverpool's finance or student support services for accurate information tailored to their situation.","","0.0173","0.0317","UOL_payment_policy_2026,2027.pdf_p5_c4"
"S0_llm_only","V2Q063","reasoning","unsupported","The updated Recognition of Prior Learning (RPL) policy at the University of Liverpool would typically outline specific criteria for how prior credit (e.g., work experience, informal learning, or previous qualifications) is assessed and matched to a program.","","0.0014","0.0005","UOL_Code,of,Practice,on,Assessment,and,Appendices,2025-26,Summary,of,Changes.pdf_p6_c1"
"S0_llm_only","V2Q063","reasoning","unsupported","However, I cannot provide the exact implications of the ""updated"" policy","","0.1183","0.009","UOL_Code,of,Practice,on,Assessment,and,Appendices,2025-26,Summary,of,Changes.pdf_p6_c1"
"S0_llm_only","V2Q063","reasoning","unsupported","without access to the specific details of the latest policy changes.","","0.0075","0.0215","UOL_Code,of,Practice,on,Assessment,and,Appendices,2025-26,Summary,of,Changes.pdf_p6_c1"
"S0_llm_only","V2Q063","reasoning","unsupported","For accurate information, I recommend checking the official University of Liverpool RPL guidelines or contacting their Student Support Services directly.","","0.0059","0.0142","UOL_Code,of,Practice,on,Assessment,and,Appendices,2025-26,Summary,of,Changes.pdf_p6_c1"
"S0_llm_only","V2Q063","reasoning","unsupported","Policies can vary, and relying on outdated or assumed details might lead to incorrect conclusions.","","0.0618","0.0031","UOL_Code,of,Practice,on,Assessment,and,Appendices,2025-26,Summary,of,Changes.pdf_p6_c1"
"S0_llm_only","V2Q064","paraphrased","unsupported","I don't have specific information about the exact timing or process for recalculating programme fees at the University of Liverpool in cases of non-registration, withdrawal, or interrupted study.","","0.0096","0.0012","UOL_payment_policy_2026,2027.pdf_p6_c1"
"S0_llm_only","V2Q064","paraphrased","supported_uncited","University fee policies can vary depending on individual circumstances and academic regulations.","","0.6441","0.0149","UOL_payment_policy_2026,2027.pdf_p6_c1"
"S0_llm_only","V2Q064","paraphrased","unsupported","I recommend contacting the University's Finance Office or reviewing their official fee schedule for precise details.","","0.0174","0.0051","UOL_payment_policy_2026,2027.pdf_p6_c1"
"S0_llm_only","V2Q065","paraphrased","unsupported","The University of Liverpool typically requires students to provide evidence such as a formal letter explaining the religious observance, documentation from a religious authority (e.g., a letter from a religious leader or organization), and/or a timetable outlining the dates/times of the observance.","","0.0029","0.0019","UOL_extenuating_circumstances_policy.pdf_p10_c3"
"S0_llm_only","V2Q065","paraphrased","unsupported","However, the exact requirements may vary depending on the specific circumstances.","","0.0223","0.0064","UOL_extenuating_circumstances_policy.pdf_p10_c3"
"S0_llm_only","V2Q065","paraphrased","unsupported","For precise guidance, I recommend contacting the Student Support Services or the relevant academic office directly.","","0.0194","0.0101","UOL_extenuating_circumstances_policy.pdf_p10_c3"
"S0_llm_only","V2Q066","reasoning","unsupported","When requesting a review of a formal complaint, including all relevant issues and evidence is essential to ensure the process is fair, thorough, and informed.","","0.2055","0.0028","UOL_Student,Complaints,Policy,and,Procedure.pdf_p16_c3"
"S0_llm_only","V2Q066","reasoning","unsupported","This allows the review panel to fully understand the context, assess all aspects of the situation, and make a well-founded decision based on complete information.","","0.0054","0.0012","UOL_Student,Complaints,Policy,and,Procedure.pdf_p16_c3"
"S0_llm_only","V2Q066","reasoning","unsupported","Omitting key details could lead to an incomplete or biased assessment, undermining the integrity of the review.","","0.0567","0.0023","UOL_Student,Complaints,Policy,and,Procedure.pdf_p16_c3"
"S0_llm_only","V2Q066","reasoning","unsupported","If you're unsure about specific requirements, I recommend consulting the University of Liverpool's official complaint or review procedures for clarity.","","0.002","0.0007","UOL_Student,Complaints,Policy,and,Procedure.pdf_p16_c3"
"S0_llm_only","V2Q067","paraphrased","unsupported","If the IAG (Immigration Advice Guarantee) assesses an appeal or administrative review as unlikely to succeed, it means they do not believe there is a strong basis for overturning the visa refusal.","","0.034","0.0068","UOL_UKVI_complience.pdf_p13_c2"
"S0_llm_only","V2Q067","paraphrased","unsupported","In this case, the appeal or review would likely be denied, and the original visa refusal would stand.","","0.0281","0.0082","UOL_UKVI_complience.pdf_p13_c2"
"S0_llm_only","V2Q067","paraphrased","contradicted","The student would then need to accept the refusal and may need to explore alternative options, such as reapplying with new evidence or considering a different visa category, depending on their circumstances.","","0.01","0.7758","UOL_UKVI_complience.pdf_p13_c2"
"S0_llm_only","V2Q067","paraphrased","unsupported","However, the specific outcome depends on the details of the case and any further actions taken.","","0.0582","0.0134","UOL_UKVI_complience.pdf_p13_c2"
"S0_llm_only","V2Q068","factual","unsupported","If a student requests a late Review of a Formal Complaint outcome at the University of Liverpool, they would typically need to provide a valid reason for the delay","","0.0056","0.0004","UOL_Student,Complaints,Policy,and,Procedure.pdf_p16_c2"
"S0_llm_only","V2Q068","factual","unsupported","(e.g., new evidence, procedural issues, or exceptional circumstances) and may be required to submit additional documentation or evidence","","0.4137","0.0125","UOL_Student,Complaints,Policy,and,Procedure.pdf_p16_c2"
"S0_llm_only","V2Q068","factual","unsupported","to support their case.","","0.1358","0.025","UOL_Student,Complaints,Policy,and,Procedure.pdf_p16_c2"
"S0_llm_only","V2Q068","factual","unsupported","However, the exact requirements can vary depending on the specific circumstances and university policies.","","0.0099","0.0022","UOL_Student,Complaints,Policy,and,Procedure.pdf_p16_c2"
"S0_llm_only","V2Q068","factual","unsupported","Since I cannot confirm the precise details without referencing official guidelines, I recommend checking the university?s Student Handbook or contacting the Student Support Services team for accurate and up-to-date information.","","0.2111","0.0182","UOL_Student,Complaints,Policy,and,Procedure.pdf_p16_c2"
"S0_llm_only","V2Q069","paraphrased","unsupported","The University of Liverpool, as a licensed sponsor under the Student sponsor licence, commits to confirming that the student has been accepted into a specific course of study and that the course meets the requirements set by the UK Visas and Immigration (UKVI) for a student visa.","","0.042","0.0086","UOL_UKVI_complience.pdf_p3_c1"
"S0_llm_only","V2Q069","paraphrased","unsupported","This includes ensuring the course details (e.g., duration, level, and content) are accurate and valid at the time of issuance.","","0.0227","0.0053","UOL_UKVI_complience.pdf_p3_c1"
"S0_llm_only","V2Q069","paraphrased","unsupported","The University also commits to not making changes to the course or its details that would invalidate the student's visa.","","0.0229","0.0019","UOL_UKVI_complience.pdf_p3_c1"
"S0_llm_only","V2Q069","paraphrased","unsupported","However, if there are specific legal or procedural obligations beyond this general framework, I would need to verify the exact terms of the sponsorship licence to provide a precise answer.","","0.0978","0.0032","UOL_UKVI_complience.pdf_p3_c1"
"S0_llm_only","V2Q070","paraphrased","unsupported","The Postgraduate Handbook's sections on programme rules and student conduct typically cover broad topics such as academic requirements (e.g., course structure, assessment criteria, progression rules), student responsibilities (e.g., attendance, deadlines, academic integrity), and conduct standards (e.g., behavior expectations, disciplinary procedures).","","0.1321","0.0715","UOL_postgraduate_handbook.pdf_p2_c3"
"S0_llm_only","V2Q070","paraphrased","unsupported","However, the exact topics may vary depending on the specific programme and university policies.","","0.0548","0.233","UOL_postgraduate_handbook.pdf_p2_c3"
"S0_llm_only","V2Q070","paraphrased","unsupported","For precise details, I recommend consulting the latest version of the Postgraduate Handbook directly.","","0.0045","0.1019","UOL_postgraduate_handbook.pdf_p2_c3"
"S0_llm_only","V2Q071","factual","unsupported","The Graduate Route visa can typically be applied for after completing your course and obtaining a valid Certificate of Registration (CoR) from your university.","","0.3431","0.1148","UOL_student_guide_visa_holders.pdf_p11_c3"
"S0_llm_only","V2Q071","factual","unsupported","However, the exact timing may depend on specific circumstances, such as when you leave the UK or when you secure a job.","","0.0376","0.3438","UOL_student_guide_visa_holders.pdf_p11_c3"
"S0_llm_only","V2Q071","factual","unsupported","For precise details, I recommend checking the official UK government guidelines or contacting the University of Liverpool's international student support team, as policies can vary.","","0.0792","0.2927","UOL_student_guide_visa_holders.pdf_p11_c3"
"S0_llm_only","V2Q072","reasoning","unsupported","The Diversity and Equality of Opportunity Policy at the University of Liverpool is likely designed to complement other equality-related policies by establishing a foundational framework for equitable access, inclusion, and fairness across the institution.","","0.0115","0.0007","UOL_diversity-equality-opportunity-policy.pdf_p30_c1"
"S0_llm_only","V2Q072","reasoning","unsupported","It may intersect with policies focused on specific protected characteristics (e.g., gender, race, disability) by ensuring that opportunities are distributed fairly and that systemic barriers are addressed holistically.","","0.0321","0.0008","UOL_diversity-equality-opportunity-policy.pdf_p30_c1"
"S0_llm_only","V2Q072","reasoning","unsupported","However, without access to the University?s specific policy documents or official guidance, I cannot provide a definitive or detailed explanation of how these policies interrelate.","","0.2092","0.0066","UOL_diversity-equality-opportunity-policy.pdf_p30_c1"
"S0_llm_only","V2Q072","reasoning","unsupported","For precise information, I recommend consulting the University?s Equality, Diversity, and Inclusion (EDI) resources or contacting their EDI office directly.","","0.0746","0.0086","UOL_diversity-equality-opportunity-policy.pdf_p30_c1"
"S0_llm_only","V2Q073","adversarial_false_premise","unsupported","The University of Liverpool's specific policies on conduct cases and appeals would determine this.","","0.003","0.0016","UOL_student_conduct1.pdf_p4_c2"
"S0_llm_only","V2Q073","adversarial_false_premise","unsupported","However, I am not certain whether an automatic right of appeal exists for Informal Resolution outcomes.","","0.2242","0.004","UOL_student_conduct1.pdf_p4_c2"
"S0_llm_only","V2Q073","adversarial_false_premise","unsupported","Policies can vary, and ""automatic"" appeal rights are not standard in all institutions.","","0.0815","0.0026","UOL_student_conduct1.pdf_p4_c2"
"S0_llm_only","V2Q073","adversarial_false_premise","unsupported","I recommend checking the official Student Conduct Policy or contacting the Student Support Services for precise guidance.","","0.0116","0.0058","UOL_student_conduct1.pdf_p4_c2"
"S0_llm_only","V2Q074","factual","supported_uncited","I am not certain about the specific policies regarding how a retrospective extenuating circumstances claim for a previous resit might impact a later resit attempt.","","0.8974","0.0154","UOL_extenuating_circumstances_policy.pdf_p16_c6"
"S0_llm_only","V2Q074","factual","unsupported","University policies can vary, and this would depend on the exact circumstances and the university's guidelines.","","0.0765","0.0101","UOL_extenuating_circumstances_policy.pdf_p16_c6"
"S0_llm_only","V2Q074","factual","unsupported","I recommend checking the official University of Liverpool policies on extenuating circumstances or contacting the Student Support team for precise information.","","0.0869","0.0208","UOL_extenuating_circumstances_policy.pdf_p16_c6"
"S0_llm_only","V2Q075","procedural","unsupported","When no independent documentary evidence is available, a student can support an extenuating circumstances claim by submitting a detailed personal statement","","0.0743","0.0324","UOL_extenuating_circumstances_policy.pdf_p7_c2"
"S0_llm_only","V2Q075","procedural","unsupported","that clearly explains the circumstances, their impact on academic performance, and any relevant context.","","0.0054","0.0034","UOL_extenuating_circumstances_policy.pdf_p7_c2"
"S0_llm_only","V2Q075","procedural","unsupported","This statement should be written in a formal and credible manner.","","0.0004","0.0002","UOL_extenuating_circumstances_policy.pdf_p7_c2"
"S0_llm_only","V2Q075","procedural","unsupported","from individuals who can provide firsthand knowledge of the situation (e.g., family members, friends, or professionals involved) may also be considered, though their acceptance depends on the university?s specific policies.","","0.1","0.0097","UOL_extenuating_circumstances_policy.pdf_p7_c2"
"S0_llm_only","V2Q075","procedural","unsupported","It is important to note that the University of Liverpool?s extenuating circumstances policy will outline exact requirements, so students should consult the university?s guidelines or contact the Student Support team for tailored advice.","","0.0066","0.0013","UOL_extenuating_circumstances_policy.pdf_p7_c2"
"S0_llm_only","V2Q075","procedural","supported_uncited","If unsure about specific criteria, it is best to explicitly state that the answer depends on the university?s policies rather than making assumptions.","","0.6914","0.0519","UOL_extenuating_circumstances_policy.pdf_p7_c2"
"S0_llm_only","V2Q076","reasoning","unsupported","The University of Liverpool provides support during conduct investigations, but specific options for representation or assistance during a meeting may vary.","","0.0939","0.0406","UOL_student_conduct1.pdf_p12_c1"
"S0_llm_only","V2Q076","reasoning","unsupported","I am not certain about the exact details of representation (e.g., whether a formal representative is allowed or if support persons are permitted).","","0.0887","0.0164","UOL_student_conduct1.pdf_p12_c1"
"S0_llm_only","V2Q076","reasoning","unsupported","For the most accurate and up-to-date information, I recommend contacting the Student Services","","0.0041","0.0011","UOL_student_conduct1.pdf_p12_c1"
"S0_llm_only","V2Q076","reasoning","unsupported","or the Student Conduct Office","","0.0318","0.0228","UOL_student_conduct1.pdf_p12_c1"
"S0_llm_only","V2Q076","reasoning","unsupported","They can clarify your rights and available support options.","","0.2641","0.0037","UOL_student_conduct1.pdf_p12_c1"
"S0_llm_only","V2Q077","adversarial_false_premise","unsupported","The answer depends on the specific policies of the University of Liverpool and the terms of the sponsorship agreement.","","0.0061","0.0025","UOL_UKVI_complience.pdf_p13_c3"
"S0_llm_only","V2Q077","adversarial_false_premise","contradicted","If the University's policy explicitly requires continuing sponsorship until all visa appeals are exhausted, regardless of the likelihood of success, then the statement would be correct.","","0.0037","0.9778","UOL_UKVI_complience.pdf_p13_c3"
"S0_llm_only","V2Q077","adversarial_false_premise","unsupported","However, without explicit confirmation from the University's official guidelines or the International Advice and Guidance (IAG) regarding this exact scenario, I cannot provide a definitive answer.","","0.0523","0.015","UOL_UKVI_complience.pdf_p13_c3"
"S0_llm_only","V2Q077","adversarial_false_premise","unsupported","You should consult the University's visa and sponsorship policies or contact the IAG directly for clarity.","","0.0159","0.0051","UOL_UKVI_complience.pdf_p13_c3"
"S0_llm_only","V2Q078","procedural","unsupported","The University of Liverpool, like many institutions, defines bullying as repeated, intentional behavior that causes harm, distress, or intimidation.","","0.0033","0.0004","UOL_diversity-equality-opportunity-policy.pdf_p18_c3"
"S0_llm_only","V2Q078","procedural","supported_uncited","Potential bullying behaviors that should be recognized and reported include: 1.","","0.6462","0.0062","UOL_diversity-equality-opportunity-policy.pdf_p18_c3"
"S0_llm_only","V2Q078","procedural","supported_uncited","Verbal abuse: Insults, name-calling, threats, or derogatory remarks.","","0.9832","0.0022","UOL_diversity-equality-opportunity-policy.pdf_p18_c3"
"S0_llm_only","V2Q078","procedural","unsupported","Physical aggression: Hitting, pushing, or any form of physical harm.","","0.1329","0.0441","UOL_diversity-equality-opportunity-policy.pdf_p18_c3"
"S0_llm_only","V2Q078","procedural","unsupported","Harassment: Unwanted behavior based on protected characteristics (e.g., race, gender, disability, sexual orientation).","","0.1535","0.3861","UOL_diversity-equality-opportunity-policy.pdf_p18_c3"
"S0_llm_only","V2Q078","procedural","supported_uncited","Cyberbullying: Harmful messages, spreading rumors, or exclusion via digital platforms.","","0.727","0.0037","UOL_diversity-equality-opportunity-policy.pdf_p18_c3"
"S0_llm_only","V2Q078","procedural","supported_uncited","Exclusion: Deliberately leaving someone out of social groups, activities, or opportunities.","","0.6664","0.0273","UOL_diversity-equality-opportunity-policy.pdf_p18_c3"
"S0_llm_only","V2Q078","procedural","unsupported","Power imbalances: Abuse of authority (e.g., a staff member or senior student intimidating others).","","0.136","0.0641","UOL_diversity-equality-opportunity-policy.pdf_p18_c3"
"S0_llm_only","V2Q078","procedural","contradicted","Persistent unwanted attention: Unwelcome advances, pressure, or demands.","","0.27","0.6455","UOL_diversity-equality-opportunity-policy.pdf_p18_c3"
"S0_llm_only","V2Q078","procedural","supported_uncited","It?s important to note that repetition","","0.9009","0.0041","UOL_diversity-equality-opportunity-policy.pdf_p18_c3"
"S0_llm_only","V2Q078","procedural","supported_uncited","(e.g., causing fear or distress) are key factors.","","0.9154","0.0061","UOL_diversity-equality-opportunity-policy.pdf_p18_c3"
"S0_llm_only","V2Q078","procedural","unsupported","A single incident may not constitute bullying, but repeated behavior should be addressed.","","0.3936","0.0216","UOL_diversity-equality-opportunity-policy.pdf_p18_c3"
"S0_llm_only","V2Q078","procedural","unsupported","If unsure, students or staff should consult the university?s official policies or contact support services for guidance.","","0.0152","0.0043","UOL_diversity-equality-opportunity-policy.pdf_p18_c3"
"S0_llm_only","V2Q079","factual","supported_uncited","Non-consensual sexual touching is generally categorized under sexual misconduct","","0.8918","0.0061","UOL_student_conduct2.pdf_p7_c2"
"S0_llm_only","V2Q079","factual","unsupported","in the indicative conduct sanctions.","","0.0821","0.3239","UOL_student_conduct2.pdf_p7_c2"
"S0_llm_only","V2Q079","factual","unsupported","This includes acts such as sexual harassment, assault, or any non-consensual physical contact of a sexual nature.","","0.3345","0.1665","UOL_student_conduct2.pdf_p7_c2"
"S0_llm_only","V2Q079","factual","unsupported","The university?s conduct policy typically treats such behavior as a serious violation, subject to disciplinary action.","","0.0018","0.0021","UOL_student_conduct2.pdf_p7_c2"
"S0_llm_only","V2Q079","factual","unsupported","However, the exact categorization may depend on the specific details of the incident and the university?s policy framework.","","0.0091","0.0111","UOL_student_conduct2.pdf_p7_c2"
"S0_llm_only","V2Q079","factual","unsupported","For precise details, I recommend consulting the official Student Conduct Policy document.","","0.0036","0.0079","UOL_student_conduct2.pdf_p7_c2"
"S0_llm_only","V2Q080","paraphrased","unsupported","The protection against maternity discrimination under the Equality Act 2010 in the UK typically applies for 12 weeks after giving birth in employment contexts.","","0.0037","0.0137","UOL_diversity-equality-opportunity-policy.pdf_p14_c3"
"S0_llm_only","V2Q080","paraphrased","unsupported","However, I am not certain whether this specific 12-week timeframe applies to non-work contexts (e.g., housing, services, or public spaces).","","0.3764","0.2899","UOL_diversity-equality-opportunity-policy.pdf_p14_c3"
"S0_llm_only","V2Q080","paraphrased","unsupported","The law may offer broader protections in non-work areas, but the exact duration could vary.","","0.029","0.0024","UOL_diversity-equality-opportunity-policy.pdf_p14_c3"
"S0_llm_only","V2Q080","paraphrased","unsupported","For precise details, I recommend consulting official government guidance or a legal expert.","","0.0435","0.0373","UOL_diversity-equality-opportunity-policy.pdf_p14_c3"
"S0_llm_only","V2Q081","factual","unsupported","The University of Liverpool's equality policy is committed to fostering an inclusive, diverse, and respectful environment for all students and staff.","","0.0024","0.0003","UOL_diversity-equality-opportunity-policy.pdf_p5_c2"
"S0_llm_only","V2Q081","factual","unsupported","This includes promoting equality of opportunity and ensuring that no individual is discriminated against based on protected characteristics such as race, gender, disability, sexual orientation, or religion.","","0.0615","0.0021","UOL_diversity-equality-opportunity-policy.pdf_p5_c2"
"S0_llm_only","V2Q081","factual","unsupported","However, for the exact wording or specific commitments outlined in their policy, I recommend referring directly to the university?s official Equality Policy document, as my knowledge is based on general information and may not reflect the precise details of their policy.","","0.4736","0.0073","UOL_diversity-equality-opportunity-policy.pdf_p5_c2"
"S0_llm_only","V2Q082","paraphrased","unsupported","I don't have direct access to the University of Liverpool's Postgraduate Handbook to confirm the exact three stages of the Student Complaints Procedure.","","0.1179","0.0696","UOL_postgraduate_handbook.pdf_p38_c5"
"S0_llm_only","V2Q082","paraphrased","supported_uncited","To provide an accurate answer, I would need to refer to the specific details outlined in the handbook.","","0.6396","0.0487","UOL_postgraduate_handbook.pdf_p38_c5"
"S0_llm_only","V2Q082","paraphrased","unsupported","If you can share the relevant section or page number, I?d be happy to help interpret it!","","0.0099","0.0095","UOL_postgraduate_handbook.pdf_p38_c5"
"S0_llm_only","V2Q083","multi_document_comparison","contradicted","I am not certain of the answer, as I do not have direct access to the current content of the University of Liverpool's Undergraduate and Postgraduate Handbooks.","","0.032","0.8522","UOL_postgraduate_handbook.pdf_p13_c6"
"S0_llm_only","V2Q083","multi_document_comparison","contradicted","Policies or advice on securing belongings and reporting theft could vary slightly between the two, but without reviewing the specific documents, I cannot confirm material differences.","","0.4079","0.8344","UOL_postgraduate_handbook.pdf_p13_c6"
"S0_llm_only","V2Q083","multi_document_comparison","contradicted","I recommend checking the latest versions of the handbooks or contacting the university's student support services for precise guidance.","","0.0374","0.9818","UOL_postgraduate_handbook.pdf_p13_c6"
"S0_llm_only","V2Q084","multi_document_comparison","unsupported","The Undergraduate and Postgraduate Handbooks for the University of Liverpool generally advise students who have been victims of crime to seek support through the university?s Student Support and Wellbeing Service.","","0.0077","0.0027","UOL_undergraduate_handbook.pdf_p14_c8"
"S0_llm_only","V2Q084","multi_document_comparison","unsupported","This service can provide guidance on reporting the incident to the police, accessing counseling, and connecting with external organizations like Victim Support.","","0.0139","0.001","UOL_undergraduate_handbook.pdf_p14_c8"
"S0_llm_only","V2Q084","multi_document_comparison","unsupported","However, the specific wording or steps may vary between the handbooks.","","0.0096","0.0016","UOL_undergraduate_handbook.pdf_p14_c8"
"S0_llm_only","V2Q084","multi_document_comparison","unsupported","For precise details, I recommend consulting the relevant sections of the handbooks or contacting the Student Support and Wellbeing Service directly, as I cannot confirm exact advice without reviewing the current handbooks.","","0.4228","0.0105","UOL_undergraduate_handbook.pdf_p14_c8"
"S0_llm_only","V2Q085","multi_document_comparison","unsupported","The Undergraduate and Postgraduate Handbooks differ in award requirements primarily in terms of credit/module structures, progression criteria, and specific academic obligations.","","0.0581","0.4488","UOL_undergraduate_handbook.pdf_p29_c9"
"S0_llm_only","V2Q085","multi_document_comparison","contradicted","Undergraduate requirements typically involve completing a set number of credits across years of study, maintaining progression standards (e.g., passing modules to advance), and meeting general education or program-specific criteria.","","0.0566","0.7947","UOL_undergraduate_handbook.pdf_p29_c9"
"S0_llm_only","V2Q085","multi_document_comparison","unsupported","Postgraduate requirements often focus on specialized or advanced modules, research components (e.g., dissertations/theses for research degrees), and may have distinct credit thresholds or assessment standards.","","0.1088","0.3087","UOL_undergraduate_handbook.pdf_p29_c9"
"S0_llm_only","V2Q085","multi_document_comparison","unsupported","However, exact differences depend on the specific program, so I recommend consulting the relevant handbook or contacting your department for precise details.","","0.0517","0.4473","UOL_undergraduate_handbook.pdf_p29_c9"
"S0_llm_only","V2Q086","multi_document_comparison","unsupported","I don't have direct access to the specific content of the University of Liverpool's Undergraduate and Postgraduate Handbooks to provide a definitive answer.","","0.0888","0.0141","UOL_postgraduate_handbook.pdf_p38_c5"
"S0_llm_only","V2Q086","multi_document_comparison","supported_uncited","The distinctions between the complaints route and an assessment appeal would depend on the exact wording and structure of the handbooks.","","0.5467","0.0199","UOL_postgraduate_handbook.pdf_p38_c5"
"S0_llm_only","V2Q086","multi_document_comparison","unsupported","I recommend checking the relevant sections of the handbooks or contacting the Student Support Services for precise guidance.","","0.404","0.0408","UOL_postgraduate_handbook.pdf_p38_c5"
"S0_llm_only","V2Q087","multi_document_comparison","unsupported","The Student Attendance Policy at the University of Liverpool likely outlines expectations for regular attendance in academic activities, which may align with Student Route compliance requirements (e.g., maintaining a minimum attendance threshold to satisfy visa conditions).","","0.0189","0.002","UOL_StudentAttendancePolicy-REVISEDJUL2025,v1.3.pdf_p6_c2"
"S0_llm_only","V2Q087","multi_document_comparison","unsupported","However, I cannot confirm the exact connection between these two policies without specific details from the University?s official documentation.","","0.1216","0.0152","UOL_UKVI_complience.pdf_p3_c3"
"S0_llm_only","V2Q087","multi_document_comparison","unsupported","If you need precise information, I recommend consulting the University?s Student Support or International Student Services for clarity.","","0.0292","0.0083","UOL_StudentAttendancePolicy-REVISEDJUL2025,v1.3.pdf_p6_c2"
"S0_llm_only","V2Q088","multi_document_comparison","unsupported","The monitoring expectations differ primarily in focus and requirements: 1.","","0.1803","0.0583","UOL_UKVI_complience.pdf_p10_c2"
"S0_llm_only","V2Q088","multi_document_comparison","unsupported","Monitoring centers on academic progress, research milestones (e.g., proposal approval, data collection, chapter submissions), and adherence to deadlines set by their supervisor.","","0.1252","0.0354","UOL_StudentAttendancePolicy-REVISEDJUL2025,v1.3.pdf_p4_c3"
"S0_llm_only","V2Q088","multi_document_comparison","unsupported","Expectations include regular meetings with a supervisor, maintaining research integrity, and meeting academic standards for their thesis.","","0.1565","0.0083","UOL_StudentAttendancePolicy-REVISEDJUL2025,v1.3.pdf_p4_c3"
"S0_llm_only","V2Q088","multi_document_comparison","nei","Student Route Student (Studying Abroad):","","0.0","0.0",""
"S0_llm_only","V2Q088","multi_document_comparison","unsupported","Monitoring focuses on visa compliance, attendance, and academic progress to maintain their Student Visa status.","","0.0732","0.0586","UOL_StudentAttendancePolicy-REVISEDJUL2025,v1.3.pdf_p4_c3"
"S0_llm_only","V2Q088","multi_document_comparison","supported_uncited","Expectations include attending classes regularly, meeting coursework deadlines, and demonstrating satisfactory academic performance as defined by their institution and UK Visas and Immigration (UKVI) requirements.","","0.653","0.0304","UOL_StudentAttendancePolicy-REVISEDJUL2025,v1.3.pdf_p4_c3"
"S0_llm_only","V2Q088","multi_document_comparison","unsupported","The key difference lies in the purpose: the postgraduate student is monitored for academic/research success, while the Student Route student is monitored to ensure visa compliance and course completion within the permitted timeframe.","","0.0433","0.0525","UOL_StudentAttendancePolicy-REVISEDJUL2025,v1.3.pdf_p4_c3"
"S0_llm_only","V2Q088","multi_document_comparison","unsupported","If unsure about specific policies, I recommend checking with the University?s Student Support or Immigration Services.","","0.0146","0.0057","UOL_UKVI_complience.pdf_p10_c2"
"S0_llm_only","V2Q089","multi_document_comparison","supported_uncited","The visa-holder guide and UKVI compliance policy do not provide a specific, universally applicable answer to this question, as the rules can depend on the exact circumstances of the student's course, the nature of the study abroad period, and whether it is part of the approved study plan.","","0.6852","0.071","UOL_student_guide_visa_holders.pdf_p9_c4"
"S0_llm_only","V2Q089","multi_document_comparison","unsupported","If the study abroad is part of the approved period of study (e.g., an approved exchange or placement), the student may still be required to remain sponsored by their original sponsor.","","0.0527","0.0744","UOL_student_guide_visa_holders.pdf_p9_c4"
"S0_llm_only","V2Q089","multi_document_comparison","unsupported","However, if the study abroad is not part of the approved course or is conducted without the sponsor's approval, the student may need to adjust their visa status or seek new sponsorship.","","0.1858","0.0597","UOL_student_guide_visa_holders.pdf_p9_c4"
"S0_llm_only","V2Q089","multi_document_comparison","unsupported","For precise guidance, I recommend consulting the official UKVI resources or contacting the University of Liverpool's International Student Support team, as policies can vary based on individual cases.","","0.2868","0.015","UOL_student_guide_visa_holders.pdf_p9_c4"
"S0_llm_only","V2Q090","multi_document_comparison","contradicted","I don't have access to the specific University of Liverpool visa-holder guide or their UKVI compliance policy details.","","0.0626","0.8985","UOL_UKVI_complience.pdf_p3_c3"
"S0_llm_only","V2Q090","multi_document_comparison","unsupported","My knowledge is based on general information about UK visa requirements and standard institutional practices.","","0.0088","0.0084","UOL_UKVI_complience.pdf_p3_c3"
"S0_llm_only","V2Q090","multi_document_comparison","contradicted","For precise information about the University's document-checking responsibilities, I recommend consulting their official international student support resources or contacting their Student Visa and Immigration team directly.","","0.0975","0.662","UOL_UKVI_complience.pdf_p3_c3"
"S0_llm_only","V2Q091","multi_document_comparison","unsupported","I don't have specific information about the roles of Appendix A and Appendix B in the University of Liverpool's student-conduct process, as this would depend on their current policies or documentation.","","0.0145","0.0069","UOL_student_conduct2.pdf_p12_c1"
"S0_llm_only","V2Q091","multi_document_comparison","unsupported","To get accurate details, I recommend checking the official student conduct policy document or contacting the University's student support office directly.","","0.0178","0.0111","UOL_student_conduct1.pdf_p8_c2"
"S0_llm_only","V2Q092","multi_document_comparison","unsupported","I don't have access to the specific content of the University of Liverpool's Appendices A and B, as my knowledge is based on general information up to 2023 and not institutional documents.","","0.026","0.0246","UOL_student_conduct1.pdf_p21_c4"
"S0_llm_only","V2Q092","multi_document_comparison","unsupported","To answer this question accurately, you would need to consult the official University of Liverpool policies or contact their student support services directly for details on how mitigating factors in Appendix A are applied to sanctions in Appendix B.","","0.4948","0.0362","UOL_student_conduct2.pdf_p2_c4"
"S0_llm_only","V2Q093","multi_document_synthesis","unsupported","The University of Liverpool's conduct framework addresses disciplinary sanctions for abusive conduct in intimate relationships as a serious breach of the student code of conduct, typically categorized under harassment or violence.","","0.0133","0.0153","UOL_student_conduct2.pdf_p8_c1"
"S0_llm_only","V2Q093","multi_document_synthesis","unsupported","The seriousness of the breach would depend on the severity and impact of the conduct, as outlined in the policy.","","0.038","0.0686","UOL_student_conduct2.pdf_p8_c1"
"S0_llm_only","V2Q093","multi_document_synthesis","supported_uncited","Grounds for appeal generally include procedural errors, new evidence, or if the sanction is deemed disproportionate.","","0.9205","0.0763","UOL_student_conduct1.pdf_p7_c3"
"S0_llm_only","V2Q093","multi_document_synthesis","unsupported","However, I cannot provide exact details about specific provisions in the framework without referencing the official policy.","","0.1916","0.0333","UOL_student_conduct2.pdf_p8_c1"
"S0_llm_only","V2Q093","multi_document_synthesis","unsupported","For precise information, I recommend consulting the full student conduct policy or contacting the Student Support Services team.","","0.0294","0.0237","UOL_student_conduct2.pdf_p8_c1"
"S0_llm_only","V2Q094","multi_document_synthesis","unsupported","The University of Liverpool has procedures in place to address complaints involving harassment or sexual misconduct.","","0.0117","0.001","UOL_Student,Complaints,Policy,and,Procedure.pdf_p2_c2"
"S0_llm_only","V2Q094","multi_document_synthesis","unsupported","If a complaint is made (including anonymously), it is typically reviewed by the relevant office, such as the Student Conduct and Discipline team","","0.4098","0.0918","UOL_student_conduct1.pdf_p3_c3"
"S0_llm_only","V2Q094","multi_document_synthesis","unsupported","or the Equality and Diversity Service.","","0.007","0.0351","UOL_Student,Complaints,Policy,and,Procedure.pdf_p2_c2"
"S0_llm_only","V2Q094","multi_document_synthesis","supported_uncited","For a complaint to move into the formal student-conduct process: 1.","","0.5284","0.4321","UOL_student_conduct1.pdf_p3_c3"
"S0_llm_only","V2Q094","multi_document_synthesis","unsupported","The complaint must meet the university?s criteria for a conduct violation (e.g., breaches of the Student Code of Conduct).","","0.0746","0.0234","UOL_student_conduct1.pdf_p3_c3"
"S0_llm_only","V2Q094","multi_document_synthesis","unsupported","The university will investigate the complaint, which may involve gathering evidence and speaking to involved parties.","","0.116","0.0223","UOL_student_conduct1.pdf_p3_c3"
"S0_llm_only","V2Q094","multi_document_synthesis","supported_uncited","If the investigation supports the allegation, the case may proceed to a formal conduct hearing or resolution process.","","0.565","0.1927","UOL_student_conduct1.pdf_p3_c3"
"S0_llm_only","V2Q094","multi_document_synthesis","supported_uncited","Regarding anonymous reports: The university may accept anonymous reports, but anonymity can limit the ability to conduct a full investigation (e.g., verifying details or following up with the complainant).","","0.9669","0.0044","UOL_student_conduct1.pdf_p3_c3"
"S0_llm_only","V2Q094","multi_document_synthesis","supported_uncited","The university will still assess the complaint based on available information, but the process may be constrained compared to non-anonymous reports.","","0.9345","0.0038","UOL_student_conduct1.pdf_p3_c3"
"S0_llm_only","V2Q094","multi_document_synthesis","unsupported","For specific guidance, students should contact the Student Conduct and Discipline office","","0.0321","0.0114","UOL_student_conduct1.pdf_p3_c3"
"S0_llm_only","V2Q094","multi_document_synthesis","unsupported","or the Equality and Diversity Service","","0.0056","0.0291","UOL_Student,Complaints,Policy,and,Procedure.pdf_p2_c2"
"S0_llm_only","V2Q094","multi_document_synthesis","supported_uncited","directly, as policies can vary.","","0.7819","0.0141","UOL_student_conduct1.pdf_p3_c3"
"S0_llm_only","V2Q094","multi_document_synthesis","unsupported","If unsure about the exact steps for anonymous reports, the university?s official resources or these offices can clarify.","","0.2269","0.0295","UOL_student_conduct1.pdf_p3_c3"
"S0_llm_only","V2Q095","multi_document_synthesis","supported_uncited","The expected engagement from students involved in a harassment or sexual misconduct complaint handled as a student-conduct investigation typically includes cooperation with the process, such as attending meetings, providing relevant information, and adhering to the university?s procedures.","","0.9931","0.0044","UOL_student_conduct1.pdf_p12_c3"
"S0_llm_only","V2Q095","multi_document_synthesis","unsupported","However, specific requirements may vary depending on the case and university policies.","","0.0426","0.0065","UOL_student_conduct1.pdf_p12_c3"
"S0_llm_only","V2Q095","multi_document_synthesis","unsupported","For precise details, I recommend consulting the University of Liverpool?s official student conduct guidelines or contacting their student support services directly.","","0.0186","0.0069","UOL_Student,Complaints,Policy,and,Procedure.pdf_p2_c2"
"S0_llm_only","V2Q096","multi_document_synthesis","unsupported","The University of Liverpool's support services can assist a student without independent documentary evidence for an extenuating circumstances claim by offering a compassionate and individualized review of their situation.","","0.0425","0.0029","UOL_undergraduate_handbook.pdf_p19_c2"
"S0_llm_only","V2Q096","multi_document_synthesis","supported_uncited","This may involve: 1.","","0.8128","0.0099","UOL_undergraduate_handbook.pdf_p19_c2"
"S0_llm_only","V2Q096","multi_document_synthesis","unsupported","Discussing the claim in detail: A meeting with a student support advisor or extenuating circumstances officer to explore the student?s circumstances, even without formal documentation.","","0.4401","0.0494","UOL_extenuating_circumstances_policy.pdf_p7_c2"
"S0_llm_only","V2Q096","multi_document_synthesis","supported_uncited","Considering alternative evidence: Accepting personal statements, witness accounts, or other non-traditional forms of evidence that contextualize the situation.","","0.7399","0.0158","UOL_extenuating_circumstances_policy.pdf_p7_c2"
"S0_llm_only","V2Q096","multi_document_synthesis","unsupported","Holistic support: Addressing broader needs (e.g., mental health, financial stress, or academic adjustments) that may be linked to the extenuating circumstances.","","0.0671","0.0059","UOL_undergraduate_handbook.pdf_p19_c2"
"S0_llm_only","V2Q096","multi_document_synthesis","supported_uncited","However, the university?s specific policies on accepting claims without documentary evidence may vary.","","0.868","0.0037","UOL_extenuating_circumstances_policy.pdf_p7_c2"
"S0_llm_only","V2Q096","multi_document_synthesis","supported_uncited","If the student?s case is unique or the circumstances are particularly challenging, the support team can advocate for flexibility.","","0.879","0.0019","UOL_extenuating_circumstances_policy.pdf_p7_c2"
"S0_llm_only","V2Q096","multi_document_synthesis","supported_uncited","It is important to note that the final decision depends on the university?s guidelines, and the student should consult directly with their support services for tailored advice.","","0.7879","0.0715","UOL_extenuating_circumstances_policy.pdf_p7_c2"
"S0_llm_only","V2Q097","multi_document_synthesis","unsupported","If a student is likely to miss an assessment due to illness or an unavoidable event, they should immediately inform their school or department","","0.2259","0.0918","UOL_extenuating_circumstances_policy.pdf_p3_c4"
"S0_llm_only","V2Q097","multi_document_synthesis","unsupported","(e.g., course leader or module leader) to explain the situation.","","0.0074","0.0179","UOL_extenuating_circumstances_policy.pdf_p3_c4"
"S0_llm_only","V2Q097","multi_document_synthesis","unsupported","The university typically requires students to follow formal procedures for requesting an extension, deferral, or alternative assessment, which may involve submitting documentation (e.g., medical evidence for illness).","","0.0288","0.0236","UOL_extenuating_circumstances_policy.pdf_p3_c4"
"S0_llm_only","V2Q097","multi_document_synthesis","supported_uncited","Support options may include guidance from the Student Support","","0.7691","0.0041","UOL_undergraduate_handbook.pdf_p19_c2"
"S0_llm_only","V2Q097","multi_document_synthesis","unsupported","or Disability and Dyslexia Service, depending on the circumstances.","","0.0135","0.0179","UOL_extenuating_circumstances_policy.pdf_p3_c4"
"S0_llm_only","V2Q097","multi_document_synthesis","unsupported","However, specific processes can vary by school or module, so students should also check their module handbook","","0.015","0.0104","UOL_extenuating_circumstances_policy.pdf_p3_c4"
"S0_llm_only","V2Q097","multi_document_synthesis","unsupported","or the university?s official policies for exact steps.","","0.1519","0.0759","UOL_extenuating_circumstances_policy.pdf_p3_c4"
"S0_llm_only","V2Q097","multi_document_synthesis","unsupported","If unsure about the exact procedure, it is best to contact the relevant academic office directly for clarity.","","0.0206","0.0189","UOL_extenuating_circumstances_policy.pdf_p3_c4"
"S0_llm_only","V2Q098","multi_document_synthesis","supported_uncited","To distinguish foreseeable financial difficulty from extenuating circumstances, a student should consider whether the financial issue was unexpected, unavoidable, and beyond their control","","0.6888","0.0589","UOL_postgraduate_handbook.pdf_p33_c5"
"S0_llm_only","V2Q098","multi_document_synthesis","supported_uncited","(e.g., sudden job loss, medical emergency, or family crisis).","","0.5071","0.3096","UOL_postgraduate_handbook.pdf_p33_c5"
"S0_llm_only","V2Q098","multi_document_synthesis","contradicted","Foreseeable difficulties (e.g., poor budgeting, predictable income fluctuations) typically do not qualify.","","0.4604","0.9957","UOL_postgraduate_handbook.pdf_p33_c5"
"S0_llm_only","V2Q098","multi_document_synthesis","unsupported","Extenuating circumstances require evidence of a significant, unforeseen impact on academic performance.","","0.0057","0.0561","UOL_postgraduate_handbook.pdf_p33_c5"
"S0_llm_only","V2Q098","multi_document_synthesis","nei","Other relevant academic options may include:","","0.0","0.0",""
"S0_llm_only","V2Q098","multi_document_synthesis","supported_uncited","Academic extensions or deferrals","","0.7091","0.1261","UOL_postgraduate_handbook.pdf_p33_c5"
"S0_llm_only","V2Q098","multi_document_synthesis","supported_uncited","(e.g., resits or adjusted deadlines).","","0.5563","0.1671","UOL_postgraduate_handbook.pdf_p33_c5"
"S0_llm_only","V2Q098","multi_document_synthesis","unsupported","(e.g., financial advice, counseling, or hardship funds).","","0.4036","0.1496","UOL_postgraduate_handbook.pdf_p33_c5"
"S0_llm_only","V2Q098","multi_document_synthesis","supported_uncited","For specific policies, students should consult the University of Liverpool?s official guidelines or contact the Student Support team directly, as criteria can vary.","","0.5607","0.0127","UOL_postgraduate_handbook.pdf_p33_c5"
"S0_llm_only","V2Q099","multi_document_synthesis","unsupported","Reasonable adjustments for a long-term health condition are designed to support a student?s ability to access education and participate fully, not to disrupt their studies.","","0.172","0.0401","UOL_postgraduate_handbook.pdf_p33_c5"
"S0_llm_only","V2Q099","multi_document_synthesis","unsupported","These adjustments (e.g., flexible deadlines, extended exam time, note-taking support, or access to assistive technology) should be tailored to the individual?s needs and implemented proactively to minimize disruption.","","0.3711","0.0265","UOL_postgraduate_handbook.pdf_p33_c5"
"S0_llm_only","V2Q099","multi_document_synthesis","unsupported","Key considerations include: 1.","","0.2755","0.0105","UOL_postgraduate_handbook.pdf_p33_c5"
"S0_llm_only","V2Q099","multi_document_synthesis","unsupported","Proactive planning: Discuss adjustments with the university?s disability support services early to ensure they align with academic requirements.","","0.1767","0.0515","UOL_postgraduate_handbook.pdf_p33_c5"
"S0_llm_only","V2Q099","multi_document_synthesis","unsupported","Balance: Adjustments should address barriers caused by the health condition, not create new challenges.","","0.3085","0.0343","UOL_postgraduate_handbook.pdf_p33_c5"
"S0_llm_only","V2Q099","multi_document_synthesis","unsupported","For example, flexible deadlines might help manage flare-ups without derailing coursework.","","0.0386","0.0054","UOL_postgraduate_handbook.pdf_p33_c5"
"S0_llm_only","V2Q099","multi_document_synthesis","supported_uncited","Communication: Maintain open dialogue with academic staff and support teams to adjust strategies as needed.","","0.6485","0.0794","UOL_postgraduate_handbook.pdf_p33_c5"
"S0_llm_only","V2Q099","multi_document_synthesis","unsupported","Legal framework: Under the Equality Act 2010, universities are required to provide reasonable adjustments, so students should not feel these are an imposition.","","0.0946","0.1055","UOL_postgraduate_handbook.pdf_p33_c5"
"S0_llm_only","V2Q099","multi_document_synthesis","unsupported","If adjustments feel counterproductive, the student should revisit their support team to refine them.","","0.1362","0.0037","UOL_postgraduate_handbook.pdf_p33_c5"
"S0_llm_only","V2Q099","multi_document_synthesis","unsupported","The goal is to enable effective study, not hinder it.","","0.0763","0.0123","UOL_postgraduate_handbook.pdf_p33_c5"
"S0_llm_only","V2Q100","multi_document_synthesis","supported_uncited","A sponsored student typically needs to provide proof of their sponsorship agreement or letter from their sponsor, which should explicitly cover accommodation fees.","","0.9953","0.0031","UOL_payment_policy_2026,2027.pdf_p9_c1"
"S0_llm_only","V2Q100","multi_document_synthesis","supported_uncited","This may include documentation such as a signed sponsorship contract or a formal letter confirming financial responsibility.","","0.8627","0.0181","UOL_payment_policy_2026,2027.pdf_p9_c1"
"S0_llm_only","V2Q100","multi_document_synthesis","unsupported","If a sponsored student still faces financial difficulties after meeting these requirements, the University of Liverpool?s Student Support and Advocacy Service (SSAS)","","0.067","0.0248","UOL_payment_policy_2026,2027.pdf_p9_c1"
"S0_llm_only","V2Q100","multi_document_synthesis","unsupported","or Financial Aid Office","","0.3696","0.2495","UOL_payment_policy_2026,2027.pdf_p9_c1"
"S0_llm_only","V2Q100","multi_document_synthesis","unsupported","Support could include guidance on budgeting, access to emergency funds, or advice on available bursaries/grants.","","0.1398","0.0512","UOL_payment_policy_2026,2027.pdf_p9_c1"
"S0_llm_only","V2Q100","multi_document_synthesis","supported_uncited","However, specific support options depend on individual circumstances and university policies.","","0.534","0.1767","UOL_payment_policy_2026,2027.pdf_p9_c1"
"S0_llm_only","V2Q100","multi_document_synthesis","supported_uncited","For precise details, students should contact the SSAS or Financial Aid Office directly, as requirements and support services can vary.","","0.7218","0.1097","UOL_payment_policy_2026,2027.pdf_p9_c1"
"S0_llm_only","V2Q101","multi_document_synthesis","unsupported","The equality policy and complaints policy work together by establishing both the principles of fairness and the procedural steps to address violations.","","0.1926","0.0237","UOL_diversity-equality-opportunity-policy.pdf_p5_c3"
"S0_llm_only","V2Q101","multi_document_synthesis","unsupported","The equality policy defines what constitutes discrimination, harassment, or sexual misconduct and outlines the university's commitment to preventing such behavior.","","0.0397","0.1083","UOL_diversity-equality-opportunity-policy.pdf_p5_c3"
"S0_llm_only","V2Q101","multi_document_synthesis","unsupported","The complaints policy provides the formal process for students to report incidents, ensuring they have a clear pathway to seek resolution.","","0.3806","0.047","UOL_diversity-equality-opportunity-policy.pdf_p5_c3"
"S0_llm_only","V2Q101","multi_document_synthesis","unsupported","When a student experiences an issue, the equality policy informs the university of its obligations to address the matter, while the complaints policy guides the investigation, support, and disciplinary actions.","","0.0828","0.0581","UOL_diversity-equality-opportunity-policy.pdf_p5_c3"
"S0_llm_only","V2Q101","multi_document_synthesis","unsupported","Together, they ensure accountability and a structured response to uphold a safe and inclusive environment.","","0.3372","0.0107","UOL_diversity-equality-opportunity-policy.pdf_p5_c3"
"S0_llm_only","V2Q101","multi_document_synthesis","unsupported","If you need specific details about the University of Liverpool?s policies, I recommend checking their official student handbook or contacting their Student Support Services for precise information.","","0.0383","0.0461","UOL_diversity-equality-opportunity-policy.pdf_p5_c3"
"S0_llm_only","V2Q102","multi_document_synthesis","unsupported","I don't have specific information about the 2025?26 assessment changes at the University of Liverpool, as my knowledge is current only up to 2023.","","0.0884","0.0693","UOL_undergraduate_handbook.pdf_p42_c1"
"S0_llm_only","V2Q102","multi_document_synthesis","unsupported","The exact details of how these changes clarify the relationship between assessment appeals and other challenge routes would depend on the specific policy updates introduced in that academic year.","","0.0068","0.0036","UOL_undergraduate_handbook.pdf_p42_c1"
"S0_llm_only","V2Q102","multi_document_synthesis","unsupported","For accurate and up-to-date guidance, I recommend consulting the university's official assessment policies or contacting the Student Support team directly.","","0.0939","0.0613","UOL_undergraduate_handbook.pdf_p42_c1"
"S1_basic_rag","V2Q001","paraphrased","supported_uncited","The evidence required is proof of registration at the other UK HEI, and it must be submitted within 10 working days of completing registration.","","0.9804","0.025","UOL_UKVI_complience.pdf_p11_c2"
"S1_basic_rag","V2Q001","paraphrased","supported_uncited","This is specified in.","2","0.968","0.0133","UOL_UKVI_complience.pdf_p6_c2"
"S1_basic_rag","V2Q002","paraphrased","supported_uncited","To raise concerns about harassment, bullying, discrimination, or victimisation, students or staff should report incidents to their line manager, Head of Department, HR Business Partner, or programme leader.","","0.9979","0.0853","UOL_diversity-equality-opportunity-policy.pdf_p5_c3"
"S1_basic_rag","V2Q002","paraphrased","supported","They may also use the University?s Report and Support provision to relay incidents, either named or anonymously.","1","0.9961","0.0042","UOL_diversity-equality-opportunity-policy.pdf_p5_c3"
"S1_basic_rag","V2Q003","procedural","supported_uncited","The student must complete the extenuating circumstances form with supporting information and list all affected modules/assessments before submitting a claim.","","0.9886","0.141","UOL_extenuating_circumstances_policy.pdf_p5_c2"
"S1_basic_rag","V2Q003","procedural","supported","This is required as the case cannot be submitted without a completed form and supporting evidence.","4","0.97","0.0263","UOL_extenuating_circumstances_policy.pdf_p5_c2"
"S1_basic_rag","V2Q004","paraphrased","unsupported","The 2025?26 changes include: 1.","","0.0889","0.0057","UOL_undergraduate_handbook.pdf_p36_c9"
"S1_basic_rag","V2Q004","paraphrased","supported_uncited","The academic-integrity categories were reduced from 5 to 4.","","0.74","0.0992","UOL_Code,of,Practice,on,Assessment,and,Appendices,2025-26,Summary,of,Changes.pdf_p3_c4"
"S1_basic_rag","V2Q004","paraphrased","supported","Category A (minor error) was removed, and the remaining categories were relabeled (B?1, C?2, D?3, E?4).","2","0.8669","0.065","UOL_Code,of,Practice,on,Assessment,and,Appendices,2025-26,Summary,of,Changes.pdf_p3_c4"
"S1_basic_rag","V2Q004","paraphrased","supported","A new offense, ""self-plagiarism/re-use of work,"" was introduced as a distinct category.","2","0.9705","0.0101","UOL_Code,of,Practice,on,Assessment,and,Appendices,2025-26,Summary,of,Changes.pdf_p3_c4"
"S1_basic_rag","V2Q004","paraphrased","contradicted","Personal Extenuating Circumstances (PECs) are no longer accepted as a reason for academic misconduct.","","0.9805","0.895","UOL_Code,of,Practice,on,Assessment,and,Appendices,2025-26,Summary,of,Changes.pdf_p3_c4"
"S1_basic_rag","V2Q004","paraphrased","supported","However, if approved under the Additional Considerations Policy, PECs may mitigate penalties for Categories 2, 3, and 4.","2","0.9794","0.0416","UOL_Code,of,Practice,on,Assessment,and,Appendices,2025-26,Summary,of,Changes.pdf_p3_c4"
"S1_basic_rag","V2Q004","paraphrased","unsupported","These changes are explicitly detailed in.","2","0.0116","0.0048","UOL_postgraduate_handbook.pdf_p31_c1"
"S1_basic_rag","V2Q005","adversarial_false_premise","supported_uncited","The assumption in the question is false.","","0.9871","0.0876","UOL_undergraduate_handbook.pdf_p38_c8"
"S1_basic_rag","V2Q005","adversarial_false_premise","supported","Evidence states that excusal requests for jury service should be sent directly by the student to the University, implying the University does offer assistance with court summons related to jury service.","3","0.5173","0.989","UOL_undergraduate_handbook.pdf_p38_c6"
"S1_basic_rag","V2Q005","adversarial_false_premise","supported","Additionally, Evidence mentions that the University provides a letter from the Director of Life to assist with deferral requests, which could include jury service.","4","0.6348","0.7751","UOL_postgraduate_handbook.pdf_p34_c1"
"S1_basic_rag","V2Q005","adversarial_false_premise","contradicted","Therefore, the University does offer help, contrary to the claim.","","0.0594","0.9878","UOL_postgraduate_handbook.pdf_p34_c1"
"S1_basic_rag","V2Q006","factual","contradicted","The student is expected to participate by attending an in-person/online meeting or engaging in a conversation (by telephone/online) with the investigator.","","0.292","0.6438","UOL_Student,Complaints,Policy,and,Procedure.pdf_p15_c1"
"S1_basic_rag","V2Q006","factual","supported","They have the right to decline an in-person meeting and request an alternative method of communication.","2","0.9862","0.4598","UOL_Student,Complaints,Policy,and,Procedure.pdf_p15_c1"
"S1_basic_rag","V2Q006","factual","supported","Additionally, if meetings are held, the student may be accompanied by a friend or colleague.","2","0.9886","0.0172","UOL_Student,Complaints,Policy,and,Procedure.pdf_p15_c1"
"S1_basic_rag","V2Q007","factual","supported","A student can be escalated to Stage Two under the Attendance Policy if their absence extends to eight consecutive unauthorised missed contact points.","1","0.9978","0.0323","UOL_StudentAttendancePolicy-REVISEDJUL2025,v1.3.pdf_p7_c1"
"S1_basic_rag","V2Q007","factual","unsupported","This threshold is explicitly stated in evidence, which outlines the escalation criteria.","1","0.0085","0.0117","UOL_StudentAttendancePolicy-REVISEDJUL2025,v1.3.pdf_p7_c1"
"S1_basic_rag","V2Q007","factual","unsupported","Evidence further clarifies that Stage One is triggered by five consecutive missed contact points, indicating that Stage Two requires a higher number of absences.","3","0.1038","0.0258","UOL_StudentAttendancePolicy-REVISEDJUL2025,v1.3.pdf_p8_c1"
"S1_basic_rag","V2Q008","procedural","unsupported","After a student is notified that programme-fee payments remain outstanding under the 2026?27 Payment Policy, the University will prevent them from registering for a new academic year until all outstanding debts are paid [4.7.5].","","0.1041","0.0598","UOL_payment_policy_2026,2027.pdf_p7_c1"
"S1_basic_rag","V2Q008","procedural","unsupported","Additionally, if the debt persists one calendar month before the award of a degree, diploma, or certificate, the student will be deemed ineligible to receive the award [4.7.6].","","0.0687","0.0202","UOL_payment_policy_2026,2027.pdf_p7_c1"
"S1_basic_rag","V2Q008","procedural","unsupported","The University may also apply proportional academic sanctions as part of its risk-based review process [4.7.7].","","0.1447","0.0469","UOL_payment_policy_2026,2027.pdf_p7_c4"
"S1_basic_rag","V2Q009","paraphrased","supported_uncited","The responding student normally has 7 working days to reply after receiving the investigation report and allegations before Chair?s Action.","","0.987","0.1751","UOL_student_conduct1.pdf_p15_c4"
"S1_basic_rag","V2Q009","paraphrased","unsupported","This is specified in evidence, which states: ""Responding students will normally have 7 working days to respond, unless a valid reason is provided as to why further time is needed.""","1","0.4012","0.1391","UOL_student_conduct1.pdf_p15_c4"
"S1_basic_rag","V2Q010","paraphrased","nei","The Attendance Policy treats the following circumstances as authorised absence, subject to School approval:","","0.0","0.0",""
"S1_basic_rag","V2Q010","paraphrased","unsupported","Parental or other caring responsibilities","2","0.1885","0.1449","UOL_StudentAttendancePolicy-REVISEDJUL2025,v1.3.pdf_p12_c1"
"S1_basic_rag","V2Q010","paraphrased","unsupported","Bereavement or other compassionate grounds","2","0.0807","0.1677","UOL_StudentAttendancePolicy-REVISEDJUL2025,v1.3.pdf_p5_c4"
"S1_basic_rag","V2Q010","paraphrased","contradicted","Unforeseen domestic (or other) emergency (including isolated IT issues)","2","0.1389","0.8927","UOL_StudentAttendancePolicy-REVISEDJUL2025,v1.3.pdf_p5_c4"
"S1_basic_rag","V2Q010","paraphrased","contradicted","Unforeseen and/or unpreventable event (e.g. transport strike)","2","0.206","0.9258","UOL_StudentAttendancePolicy-REVISEDJUL2025,v1.3.pdf_p5_c4"
"S1_basic_rag","V2Q010","paraphrased","unsupported","Appointment with Police or visa authority for immigration purposes","2","0.2439","0.1487","UOL_StudentAttendancePolicy-REVISEDJUL2025,v1.3.pdf_p5_c4"
"S1_basic_rag","V2Q010","paraphrased","unsupported","Career-related appointment or interview (e.g. for a placement or internship)","2","0.423","0.3728","UOL_StudentAttendancePolicy-REVISEDJUL2025,v1.3.pdf_p5_c4"
"S1_basic_rag","V2Q010","paraphrased","nei","Military educational activity","2","0.0","0.0",""
"S1_basic_rag","V2Q010","paraphrased","nei","Other military service","2","0.0","0.0",""
"S1_basic_rag","V2Q011","adversarial_false_premise","supported_uncited","The evidence does not support the claim that appeal papers can be provided on the day of the hearing.","","0.51","0.0701","UOL_student_conduct1.pdf_p25_c3"
"S1_basic_rag","V2Q011","adversarial_false_premise","contradicted","According to and, an appeal must be submitted within 10 working days of receiving the outcome letter, and it must include specific details (e.g., hearing date).","2 5","0.5688","0.5942","UOL_student_conduct1.pdf_p27_c3"
"S1_basic_rag","V2Q011","adversarial_false_premise","supported_uncited","There is no mention of submitting appeal papers on the day of the hearing itself.","","0.9923","0.0516","UOL_student_conduct1.pdf_p25_c3"
"S1_basic_rag","V2Q011","adversarial_false_premise","supported_uncited","Therefore, the assumption is incorrect.","","0.7655","0.0835","UOL_student_conduct1.pdf_p25_c3"
"S1_basic_rag","V2Q011","adversarial_false_premise","unsupported","ANSWER: No, this is not correct.","","0.0472","0.493","UOL_student_conduct1.pdf_p2_c4"
"S1_basic_rag","V2Q011","adversarial_false_premise","supported","The appeal must be submitted within 10 working days of receiving the outcome letter, not on the day of the hearing.","2 5","0.9936","0.4585","UOL_student_conduct1.pdf_p25_c3"
"S1_basic_rag","V2Q012","adversarial_false_premise","supported_uncited","The claim that all postgraduate award credit must be at level 7 with no level 6 credit permitted is incorrect.","","0.8866","0.3466","UOL_postgraduate_handbook.pdf_p23_c8"
"S1_basic_rag","V2Q012","adversarial_false_premise","supported","Evidence states that a Postgraduate Diploma can include ""a combination of level 7 and up to 10 credits of modules at level 6."" Similarly, evidence and explicitly allow level 6 modules to contribute to postgraduate awards (e.g., up to one third of total credit or up to 10 credits).","2 3 4","0.5681","0.9921","UOL_postgraduate_handbook.pdf_p23_c8"
"S1_basic_rag","V2Q012","adversarial_false_premise","contradicted","Evidence also permits up to 20 credits of level 6 modules in certain programs.","5","0.3211","0.965","UOL_postgraduate_handbook.pdf_p23_c8"
"S1_basic_rag","V2Q012","adversarial_false_premise","contradicted","Thus, level 6 credit is permitted in specific postgraduate awards under defined conditions.","","0.9462","0.6905","UOL_postgraduate_handbook.pdf_p24_c3"
"S1_basic_rag","V2Q013","factual","supported_uncited","The evidence does not explicitly list specific examples of serious sanctions that a University Disciplinary Panel may impose.","","0.9895","0.2522","UOL_student_conduct2.pdf_p2_c1"
"S1_basic_rag","V2Q013","factual","supported_uncited","While it mentions that Category 1 breaches may result in sanctions like formal written warnings, and that more severe cases could lead to Category 2 sanctions, the exact nature of ""serious sanctions"" (e.g., expulsion, permanent exclusion) is not detailed in the provided evidence.","1 2","0.8731","0.048","UOL_postgraduate_handbook.pdf_p36_c1"
"S1_basic_rag","V2Q013","factual","supported","The text emphasizes that sanctions are case-by-case and discretionary, but no concrete examples are given for the University Disciplinary Panel?s actions.","3","0.9831","0.6038","UOL_student_conduct2.pdf_p2_c1"
"S1_basic_rag","V2Q014","factual","contradicted","A full-time student will not normally be eligible to claim extenuating circumstances due to employment interference with studies or a resit.","","0.9735","0.5854","UOL_extenuating_circumstances_policy.pdf_p10_c3"
"S1_basic_rag","V2Q014","factual","unsupported","This is explicitly stated in and, which both indicate that full-time students are generally ineligible for such claims related to employment.","1 2","0.0883","0.1847","UOL_extenuating_circumstances_policy.pdf_p10_c4"
"S1_basic_rag","V2Q015","adversarial_false_premise","unsupported","The assumption in the question is incorrect.","","0.1989","0.124","UOL_undergraduate_handbook.pdf_p37_c5"
"S1_basic_rag","V2Q015","adversarial_false_premise","supported_uncited","According to the evidence, if a student stops attending without completing the formal withdrawal or suspension process, their registration and fee liability do not automatically stop.","","0.9948","0.2628","UOL_undergraduate_handbook.pdf_p37_c5"
"S1_basic_rag","V2Q015","adversarial_false_premise","supported","and state that registration remains active and fees will continue to accrue unless the official withdrawal/suspension form is completed.","1 2","0.9312","0.3802","UOL_undergraduate_handbook.pdf_p37_c5"
"S1_basic_rag","V2Q015","adversarial_false_premise","contradicted","emphasizes that fees are calculated based on the University being formally informed of a change in registration, which requires following formal procedures.","4","0.8408","0.778","UOL_undergraduate_handbook.pdf_p37_c5"
"S1_basic_rag","V2Q015","adversarial_false_premise","supported","explicitly requires students to complete the proper form for withdrawal or interruption, with financial consequences for failing to do so.","5","0.9814","0.8282","UOL_undergraduate_handbook.pdf_p37_c5"
"S1_basic_rag","V2Q015","adversarial_false_premise","supported_uncited","Thus, the University will not automatically halt registration or fees without formal action.","","0.9961","0.1091","UOL_undergraduate_handbook.pdf_p37_c5"
"S1_basic_rag","V2Q016","factual","supported_uncited","The answer is based on evidence.","1","0.9453","0.0055","UOL_diversity-equality-opportunity-policy.pdf_p25_c1"
"S1_basic_rag","V2Q016","factual","supported","According to the Student Attendance Policy (evidence), if a professional body, sponsor, or degree-apprenticeship provider sets stricter attendance requirements than the University's minimum, their requirements shall prevail.","1","0.9474","0.2092","UOL_StudentAttendancePolicy-REVISEDJUL2025,v1.3.pdf_p2_c3"
"S1_basic_rag","V2Q016","factual","unsupported","This is explicitly stated in section 1.5 of the policy.","","0.0117","0.0533","UOL_StudentAttendancePolicy-REVISEDJUL2025,v1.3.pdf_p2_c3"
"S1_basic_rag","V2Q016","factual","supported","Answer: The requirements of the professional body, sponsor, or degree-apprenticeship provider take priority if they are stricter than the University's minimum.","1","0.9763","0.1383","UOL_StudentAttendancePolicy-REVISEDJUL2025,v1.3.pdf_p2_c3"
"S1_basic_rag","V2Q017","procedural","supported_uncited","The evidence does not explicitly list the specific sanctions that may follow a Category 2 student-conduct breach.","","0.9867","0.0282","UOL_student_conduct2.pdf_p2_c4"
"S1_basic_rag","V2Q017","procedural","supported","While and describe the categorization of breaches and the potential escalation to Category 3 for repeated or severe Category 2 breaches, they do not provide a detailed list of sanctions for Category 2.","2 3","0.9386","0.7764","UOL_student_conduct2.pdf_p3_c4"
"S1_basic_rag","V2Q017","procedural","contradicted","Sanctions are described as ""indicative only"" and applied case-by-case, but no concrete examples are given for Category 2 in the provided evidence.","2","0.0865","0.9591","UOL_student_conduct2.pdf_p3_c4"
"S1_basic_rag","V2Q018","paraphrased","supported","The answer is based on evidence, which specifies that for taught students, formal complaints about academic matters should be submitted to the relevant Dean of School/Institute or their equivalent, via the School/Institute Manager.","4","0.8602","0.0784","UOL_Student,Complaints,Policy,and,Procedure.pdf_p12_c2"
"S1_basic_rag","V2Q018","paraphrased","supported","ANSWER: A taught student should submit a formal complaint about an academic matter to the relevant Dean of School/Institute or their equivalent, via the School/Institute Manager.","4","0.7444","0.2413","UOL_Student,Complaints,Policy,and,Procedure.pdf_p12_c2"
"S1_basic_rag","V2Q019","reasoning","unsupported","The student should use the UoL PC Finder tool","","0.4519","0.0738","UOL_undergraduate_handbook.pdf_p16_c8"
"S1_basic_rag","V2Q019","reasoning","unsupported","to book an available campus computer and the Student Support Office","1 2","0.1311","0.11","UOL_postgraduate_handbook.pdf_p16_c8"
"S1_basic_rag","V2Q019","reasoning","unsupported","for specialist help with finding and referencing academic sources.","3","0.4394","0.1247","UOL_postgraduate_handbook.pdf_p16_c8"
"S1_basic_rag","V2Q019","reasoning","supported","The Finder tool (evidence) provides access to campus computers.","1 2","0.9402","0.1655","UOL_undergraduate_handbook.pdf_p16_c8"
"S1_basic_rag","V2Q019","reasoning","unsupported","The Student Support Office (evidence) offers signposting to specialized support services, including academic referencing assistance.","3","0.3794","0.1305","UOL_undergraduate_handbook.pdf_p16_c8"
"S1_basic_rag","V2Q020","paraphrased","supported_uncited","The answer is that one re-sit or re-take is normally allowed for each affected assessment if extenuating circumstances are accepted.","","0.9928","0.0949","UOL_extenuating_circumstances_policy.pdf_p15_c4"
"S1_basic_rag","V2Q020","paraphrased","supported","This is explicitly stated in, which specifies that ""you will be permitted one re-sit/re-take of each of the examinations/assessments"" affected by extenuating circumstances.","1","0.9328","0.0356","UOL_extenuating_circumstances_policy.pdf_p15_c3"
"S1_basic_rag","V2Q021","factual","supported_uncited","The University can protect its Student sponsor licence by: 1.","","0.9896","0.0434","UOL_UKVI_complience.pdf_p14_c2"
"S1_basic_rag","V2Q021","factual","supported","Reporting the student?s change of circumstances to UKVI via SMS and withdrawing sponsorship, requiring a new CAS.","3","0.9156","0.2329","UOL_UKVI_complience.pdf_p5_c1"
"S1_basic_rag","V2Q021","factual","supported","Administratively interrupting or withdrawing the student if they fail to comply with visa conditions or endanger the licence.","4","0.9513","0.199","UOL_UKVI_complience.pdf_p14_c2"
"S1_basic_rag","V2Q021","factual","supported","Reporting failure to register and withdrawing the existing CAS, necessitating a new CAS for future study.","5","0.9521","0.6971","UOL_UKVI_complience.pdf_p9_c2"
"S1_basic_rag","V2Q022","paraphrased","nei","The protections for a student making a complaint in good faith include:","","0.0","0.0",""
"S1_basic_rag","V2Q022","paraphrased","supported_uncited","The University will act fairly and reasonably [2a].","","0.9858","0.028","UOL_Student,Complaints,Policy,and,Procedure.pdf_p9_c2"
"S1_basic_rag","V2Q022","paraphrased","unsupported","The student will not suffer any disadvantage or recrimination as a result of the complaint [2d, 3i].","","0.3467","0.1134","UOL_Student,Complaints,Policy,and,Procedure.pdf_p9_c2"
"S1_basic_rag","V2Q022","paraphrased","supported_uncited","The student must not make a vexatious, frivolous, or malicious complaint, as disciplinary action may follow [3ii].","","0.9763","0.0121","UOL_Student,Complaints,Policy,and,Procedure.pdf_p9_c2"
"S1_basic_rag","V2Q022","paraphrased","supported_uncited","These are based on the key principles and expectations outlined in the Student Complaints Policy and Procedure.","","0.9574","0.0077","UOL_Student,Complaints,Policy,and,Procedure.pdf_p9_c2"
"S1_basic_rag","V2Q023","adversarial_false_premise","unsupported","The statement is incorrect.","","0.2876","0.0666","UOL_Student,Complaints,Policy,and,Procedure.pdf_p17_c2"
"S1_basic_rag","V2Q023","adversarial_false_premise","supported","According to evidence, the Reviewer ""will not normally correspond with or meet with the student during the course of their Review,"" except to set deadlines for additional information.","2","0.9869","0.9774","UOL_Student,Complaints,Policy,and,Procedure.pdf_p17_c3"
"S1_basic_rag","V2Q023","adversarial_false_premise","contradicted","This means direct meetings or correspondence are not required throughout the review process.","","0.9931","0.9822","UOL_Student,Complaints,Policy,and,Procedure.pdf_p17_c3"
"S1_basic_rag","V2Q024","factual","supported_uncited","The Student Route visa holder who reaches Stage Three and fails to meet the agreed re-engagement conditions must be referred to the UKVI Attendance Compliance Panel.","","0.9936","0.0853","UOL_StudentAttendancePolicy-REVISEDJUL2025,v1.3.pdf_p9_c5"
"S1_basic_rag","V2Q024","factual","unsupported","This is explicitly stated in, which specifies that such students are referred to the UKVI panel (rather than a Progression Board) and that the panel should be convened within ten working days.","3","0.2063","0.197","UOL_StudentAttendancePolicy-REVISEDJUL2025,v1.3.pdf_p9_c5"
"S1_basic_rag","V2Q024","factual","supported_uncited","The student is not required to attend unless specifically invited.","","0.7217","0.426","UOL_StudentAttendancePolicy-REVISEDJUL2025,v1.3.pdf_p7_c4"
"S1_basic_rag","V2Q025","factual","supported_uncited","The Undergraduate Handbook recommends the following basic security precautions: 1.","","0.5321","0.0141","UOL_undergraduate_handbook.pdf_p13_c1"
"S1_basic_rag","V2Q025","factual","supported","Report any security concerns immediately to necessary personnel.","1","0.9832","0.2406","UOL_postgraduate_handbook.pdf_p13_c9"
"S1_basic_rag","V2Q025","factual","supported","Ensure accommodation has proper security arrangements, such as window locks and good locks on doors.","3","0.9965","0.0198","UOL_undergraduate_handbook.pdf_p13_c1"
"S1_basic_rag","V2Q025","factual","supported","Secure personal vehicles by locking them and removing the ignition key when unattended.","3","0.9743","0.3166","UOL_undergraduate_handbook.pdf_p13_c1"
"S1_basic_rag","V2Q025","factual","supported","Use the University?s two-way radio system for emergency assistance in accommodation.","1","0.8824","0.1969","UOL_undergraduate_handbook.pdf_p13_c9"
"S1_basic_rag","V2Q025","factual","unsupported","These measures are explicitly stated in the Undergraduate Handbook evidence and.","1 3","0.0078","0.0315","UOL_undergraduate_handbook.pdf_p13_c9"
"S1_basic_rag","V2Q026","paraphrased","unsupported","Students should declare any police incidents, arrests, or convictions, and in cases of loss or damage to property, they may be required to make good the damage or loss, up to ?1500.","1","0.147","0.134","UOL_student_conduct2.pdf_p2_c3"
"S1_basic_rag","V2Q027","paraphrased","contradicted","The purpose of the Stage Two attendance meeting is to discuss the student's absence in detail, allowing the student to explain their circumstances, and for the School (in collaboration with the student) to develop an action plan to address any required academic or pastoral support.","","0.9966","0.6683","UOL_StudentAttendancePolicy-REVISEDJUL2025,v1.3.pdf_p7_c2"
"S1_basic_rag","V2Q027","paraphrased","supported","This aims to facilitate the student's return to attendance as soon as possible.","1 2","0.9968","0.0082","UOL_StudentAttendancePolicy-REVISEDJUL2025,v1.3.pdf_p7_c3"
"S1_basic_rag","V2Q028","procedural","supported","ANSWER: They should contact their family doctor to be immunised.","1 2 3 4 5","0.9301","0.0583","UOL_undergraduate_handbook.pdf_p15_c7"
"S1_basic_rag","V2Q029","paraphrased","unsupported","The University of Liverpool undertakes an annual risk-based review of all outstanding programme fee debts, and the results of this review inform its decision-making process before applying academic sanctions.","1","0.0052","0.0038","UOL_payment_policy_2026,2027.pdf_p7_c5"
"S1_basic_rag","V2Q030","procedural","unsupported","The student can seek support from the Money Advice and Guidance service or the International Advice and Guidance team, as outlined in the University's Payment Policy 2026-27.","2","0.0143","0.0364","UOL_postgraduate_handbook.pdf_p19_c9"
"S1_basic_rag","V2Q030","procedural","contradicted","These offices provide direct assistance for financial hardship, including advice on student loans, grants, and hardship funds.","","0.8807","0.919","UOL_undergraduate_handbook.pdf_p19_c2"
"S1_basic_rag","V2Q030","procedural","supported","Additionally, the University Hardship Fund and Guidance team (mentioned in and) offer discretionary financial help and support for students in need.","1 3","0.8085","0.0197","UOL_postgraduate_handbook.pdf_p19_c7"
"S1_basic_rag","V2Q031","factual","contradicted","The undergraduate degree classification is primarily determined by the average mark/module profile, considering the number of credits and specific rounding rules for borderline cases.","","0.683","0.9781","UOL_undergraduate_handbook.pdf_p32_c6"
"S1_basic_rag","V2Q031","factual","contradicted","If a student meets the required credits (e.g., 300+ for a classified honours degree) and their average mark/profile aligns with the classification criteria (e.g., rounding rules in), they may be awarded a classified degree.","3","0.7618","0.8237","UOL_undergraduate_handbook.pdf_p32_c6"
"S1_basic_rag","V2Q031","factual","unsupported","The Board of Examiners also evaluates whether the student made a reasonable attempt at assessments.","5","0.1725","0.0245","UOL_undergraduate_handbook.pdf_p32_c6"
"S1_basic_rag","V2Q032","factual","supported_uncited","The factors considered include whether the conduct is unwanted, related to a protected characteristic (e.g., sex, race, religion), and whether it violates the person?s dignity or creates an intimidating, hostile, degrading, humiliating, or offensive environment.","2 4 5","0.9319","0.0237","UOL_diversity-equality-opportunity-policy.pdf_p21_c1"
"S1_basic_rag","V2Q033","paraphrased","supported_uncited","An international student might need a new or updated ATAS certificate in the following situations: 1.","","0.9837","0.1826","UOL_UKVI_complience.pdf_p12_c4"
"S1_basic_rag","V2Q033","paraphrased","supported","If they extend their studies or research for more than three months.","1","0.8023","0.3615","UOL_UKVI_complience.pdf_p12_c4"
"S1_basic_rag","V2Q033","paraphrased","supported","If they transfer to a new programme of study or change their research discipline to a subject area requiring ATAS clearance.","2","0.9122","0.7791","UOL_UKVI_complience.pdf_p12_c3"
"S1_basic_rag","V2Q033","paraphrased","supported","If they apply for a new Student visa or an extension/suspension of their current visa.","4","0.798","0.7188","UOL_student_guide_visa_holders.pdf_p11_c1"
"S1_basic_rag","V2Q033","paraphrased","contradicted","If they resume or remain on an ATAS-applicable programme after an extension or suspension.","5","0.4297","0.6683","UOL_student_guide_visa_holders.pdf_p11_c1"
"S1_basic_rag","V2Q033","paraphrased","unsupported","These requirements are explicitly stated in the evidence provided.","","0.0291","0.046","UOL_student_guide_visa_holders.pdf_p4_c5"
"S1_basic_rag","V2Q034","procedural","supported_uncited","Schools or Institutes are expected to ensure that assessment arrangements are appropriate, fair, rigorous, and fairly operated.","","0.8101","0.017","UOL_undergraduate_handbook.pdf_p23_c9"
"S1_basic_rag","V2Q034","procedural","unsupported","This is explicitly stated in, which outlines that assessment processes in Departments and Schools/Institutes must meet these criteria to ensure validity and reliability.","1","0.0308","0.0165","UOL_undergraduate_handbook.pdf_p23_c9"
"S1_basic_rag","V2Q035","reasoning","supported","The new mark from a re-assessment taken as an uncapped first attempt replaces the original mark, even if the original was higher.","1","0.9826","0.3301","UOL_extenuating_circumstances_policy.pdf_p15_c5"
"S1_basic_rag","V2Q035","reasoning","contradicted","Additionally, the re-assessment is treated as a first attempt, meaning the Board of Examiners will not consider the original claim of extenuating circumstances when evaluating progression or final degree classification.","5","0.8001","0.9929","UOL_extenuating_circumstances_policy.pdf_p15_c5"
"S1_basic_rag","V2Q036","paraphrased","supported","The University's equality policy defines harassment as unwanted conduct related to a protected characteristic (e.g., age, disability, gender, race, religion, sex, sexual orientation, or transgender status) or of a sexual nature.","2","0.9336","0.2585","UOL_diversity-equality-opportunity-policy.pdf_p20_c3"
"S1_basic_rag","V2Q036","paraphrased","supported","Additionally, harassment may include situations where the victim is associated with someone who has a protected characteristic, is wrongly assumed to have one, or is targeted despite not having the characteristic.","3","0.959","0.0131","UOL_diversity-equality-opportunity-policy.pdf_p22_c1"
"S1_basic_rag","V2Q036","paraphrased","unsupported","This aligns with the Equality Act 2010 definition adopted by the University.","4","0.0818","0.0102","UOL_diversity-equality-opportunity-policy.pdf_p6_c1"
"S1_basic_rag","V2Q037","factual","nei","The evidence does not contain information about how often postgraduate research students must record meetings with their supervisor.","","0.0","0.0",""
"S1_basic_rag","V2Q037","factual","unsupported","mentions that postgraduate research students may escalate supervision-related issues to the Review Stage within 10 working days if unresolved, but it does not specify requirements for recording meetings.","4","0.3577","0.0957","UOL_student_conduct1.pdf_p19_c3"
"S1_basic_rag","V2Q038","reasoning","supported_uncited","The Postgraduate Handbook advises students to use the correct academic regulations and codes for their cohort and degree because these regulations are tailored to the specific level and type of postgraduate program they are enrolled in.","","0.9189","0.0329","UOL_postgraduate_handbook.pdf_p22_c7"
"S1_basic_rag","V2Q038","reasoning","supported","This ensures that the academic standards, intellectual development, and requirements are appropriate for their degree (e.g., Master?s) and align with the framework of their cohort.","2","0.7307","0.0072","UOL_postgraduate_handbook.pdf_p22_c7"
"S1_basic_rag","V2Q039","paraphrased","supported","The Student Loans Company (SLC) pays a 2026?27 programme-fee loan to the University in three disbursements, as outlined in.","1","0.9756","0.0221","UOL_payment_policy_2026,2027.pdf_p2_c3"
"S1_basic_rag","V2Q039","paraphrased","unsupported","These payments occur on specific dates with corresponding proportions of the full fee: 25% on 28 September 2026, 25% on 11 January 2027, and 50% on 5 April 2027.","","0.4361","0.0713","UOL_payment_policy_2026,2027.pdf_p2_c3"
"S1_basic_rag","V2Q040","factual","supported_uncited","Yes, complaints about harassment or sexual misconduct can be handled under policies other than the Student Complaints Policy.","","0.8208","0.2839","UOL_Student,Complaints,Policy,and,Procedure.pdf_p9_c1"
"S1_basic_rag","V2Q040","factual","contradicted","Complaints by students against students involving harassment or sexual misconduct are addressed under the Student Conduct Policy","","0.7239","0.6917","UOL_Student,Complaints,Policy,and,Procedure.pdf_p9_c1"
"S1_basic_rag","V2Q040","factual","contradicted","Complaints by students against staff involving harassment or sexual misconduct are considered under the Bullying and Harassment Policy","","0.9387","0.879","UOL_Student,Complaints,Policy,and,Procedure.pdf_p9_c1"
"S1_basic_rag","V2Q040","factual","contradicted","or Staff Disciplinary Procedures","","0.2625","0.8946","UOL_Student,Complaints,Policy,and,Procedure.pdf_p4_c4"
"S1_basic_rag","V2Q040","factual","unsupported","The Bullying and Harassment Policy","","0.399","0.4155","UOL_Student,Complaints,Policy,and,Procedure.pdf_p4_c4"
"S1_basic_rag","V2Q040","factual","contradicted","is explicitly listed as a connected policy to the Student Complaints Policy.","2","0.0838","0.9251","UOL_Student,Complaints,Policy,and,Procedure.pdf_p9_c1"
"S1_basic_rag","V2Q040","factual","supported_uncited","Thus, these complaints may be processed under the Student Conduct Policy, Bullying and Harassment Policy, or Staff Disciplinary Procedures.","","0.9611","0.1897","UOL_Student,Complaints,Policy,and,Procedure.pdf_p9_c1"
"S1_basic_rag","V2Q041","factual","supported_uncited","If accepted extenuating circumstances affect an undergraduate student's final-year performance but enough assessed work exists to determine an award, the Extenuating Circumstances Committee may recommend that the student either accept the appropriate award (e.g., pass, merit, or distinction) or re-take/re-sit the missed/affected assessments as a ?first attempt? at the next ordinary sitting.","1 5","0.5578","0.1013","UOL_extenuating_circumstances_policy.pdf_p14_c5"
"S1_basic_rag","V2Q041","factual","supported_uncited","The specific outcome depends on the committee?s assessment of how the circumstances impacted performance.","","0.9874","0.0108","UOL_extenuating_circumstances_policy.pdf_p13_c5"
"S1_basic_rag","V2Q042","factual","contradicted","The unauthorized use of University premises is classified as a breach under ""misuse of University property"" in the indicative student-conduct sanctions table.","","0.9077","0.6598","UOL_undergraduate_handbook.pdf_p40_c10"
"S1_basic_rag","V2Q042","factual","unsupported","This is explicitly stated in (University of Liverpool Postgraduate Handbook, page 35), which identifies ""misuse of University property"" as a conduct breach.","3","0.0138","0.0616","UOL_postgraduate_handbook.pdf_p35_c8"
"S1_basic_rag","V2Q042","factual","supported_uncited","The specific category (e.g., minor, major) would depend on the severity and context, as outlined in Appendix B (referenced in and), but the provided evidence does not specify the exact category for this breach.","2 5","0.8161","0.1541","UOL_undergraduate_handbook.pdf_p40_c10"
"S1_basic_rag","V2Q043","procedural","contradicted","During a Master's dissertation or PhD writing-up period, a Student visa holder should treat this time as term time.","","0.9978","0.6748","UOL_student_guide_visa_holders.pdf_p2_c4"
"S1_basic_rag","V2Q043","procedural","supported","They must not work more than 20 hours per week and should remain living in the Liverpool area during their studies.","3","0.9932","0.9593","UOL_student_guide_visa_holders.pdf_p2_c4"
"S1_basic_rag","V2Q043","procedural","contradicted","This period is considered part of their academic term, not a vacation, so full-time work or leaving the UK would violate visa conditions.","","0.3498","0.9866","UOL_student_guide_visa_holders.pdf_p2_c4"
"S1_basic_rag","V2Q044","reasoning","supported","Yes, the University can start a student-conduct investigation from an anonymous report, but only if there is evidence to support a potential breach of the Student Conduct Policy (e.g., CCTV footage or social media posts).","2","0.9746","0.085","UOL_student_conduct1.pdf_p3_c3"
"S1_basic_rag","V2Q045","paraphrased","supported","When an international student's personal contact details change, they must inform the University via completion of the relevant online portal as soon as it is reasonable and practicable for them to do so.","1","0.9813","0.1537","UOL_UKVI_complience.pdf_p14_c1"
"S1_basic_rag","V2Q046","factual","supported_uncited","The evidence provided does not contain specific information about how to contact the ""Student Administration Centre."" The available references mention contacting the Student Services Centre, Student Fees and Funding Office, or named contacts within Schools/Institutes, but none explicitly reference the Student Administration Centre.","","0.9864","0.0211","UOL_undergraduate_handbook.pdf_p18_c7"
"S1_basic_rag","V2Q046","factual","contradicted","Answer: The evidence does not provide details on contacting the Student Administration Centre.","","0.5307","0.9882","UOL_payment_policy_2026,2027.pdf_p10_c1"
"S1_basic_rag","V2Q047","reasoning","nei","The evidence does not provide information about whether a student can re-sit a module affected by an accepted Personal Extenuating Circumstances (ECC) claim solely to improve their mark.","","0.0","0.0",""
"S1_basic_rag","V2Q047","reasoning","supported","The policies focus on the process of submitting ECC claims, conditions for considering claims after results are confirmed, and how resits might be treated as first attempts under specific circumstances.","2","0.9843","0.3178","UOL_extenuating_circumstances_policy.pdf_p16_c5"
"S1_basic_rag","V2Q047","reasoning","contradicted","However, there is no explicit mention of re-sitting for grade improvement after an accepted ECC.","","0.7226","0.7351","UOL_extenuating_circumstances_policy.pdf_p16_c2"
"S1_basic_rag","V2Q047","reasoning","contradicted","ANSWER: The evidence does not address this scenario.","","0.0397","0.6896","UOL_extenuating_circumstances_policy.pdf_p16_c3"
"S1_basic_rag","V2Q047","reasoning","supported_uncited","It is unclear from the provided policies whether re-sitting a module after an accepted ECC claim is permitted for grade improvement.","","0.6159","0.171","UOL_extenuating_circumstances_policy.pdf_p16_c5"
"S1_basic_rag","V2Q048","factual","supported_uncited","The University service that provides specialist immigration advice and support to international students is International Advice and Guidance (IAG).","","0.9887","0.0156","UOL_UKVI_complience.pdf_p2_c3"
"S1_basic_rag","V2Q048","factual","nei","This is explicitly stated in the evidence:","","0.0","0.0",""
"S1_basic_rag","V2Q048","factual","contradicted","describes IAG as a team offering ""professional and expert immigration advice to international students.""","1","0.3894","0.8106","UOL_UKVI_complience.pdf_p14_c3"
"S1_basic_rag","V2Q048","factual","supported","and further confirm IAG's role in advising on visa extensions, leave to remain, and compliance with UKVI regulations.","2 3","0.7282","0.1267","UOL_UKVI_complience.pdf_p14_c3"
"S1_basic_rag","V2Q048","factual","unsupported","also references IAG in the context of immigration status verification.","4","0.2198","0.0607","UOL_UKVI_complience.pdf_p2_c3"
"S1_basic_rag","V2Q048","factual","supported","Answer: International Advice and Guidance (IAG).","1 2 3 4","0.7404","0.6808","UOL_UKVI_complience.pdf_p14_c3"
"S1_basic_rag","V2Q049","factual","supported_uncited","The answer is that an Undergraduate Student Route visa holder normally needs to request a Confirmation of Acceptance for Studies (CAS) from Student Life at least three months before they expect to return to their studies after an interruption.","","0.6765","0.0299","UOL_UKVI_complience.pdf_p8_c3"
"S1_basic_rag","V2Q049","factual","unsupported","This is specified in evidence, which states: ""7.3 International students who require a new Student Route visa in order to resume their current programme (e.g. following an interruption) must request a CAS from Student Life at least three months before they expect to return to their studies.""","1","0.3085","0.1071","UOL_UKVI_complience.pdf_p8_c3"
"S1_basic_rag","V2Q050","reasoning","supported_uncited","The handbook describes that if a complaint cannot be resolved informally (Early Resolution), it should be escalated to the Formal Complaint stage.","","0.9859","0.1441","UOL_Student,Complaints,Policy,and,Procedure.pdf_p12_c1"
"S1_basic_rag","V2Q050","reasoning","contradicted","This is explicitly stated in Evidence, which outlines that unresolved issues after Early Resolution must be escalated to the formal process.","1","0.0117","0.8049","UOL_Student,Complaints,Policy,and,Procedure.pdf_p16_c3"
"S1_basic_rag","V2Q051","procedural","supported_uncited","To protect their immigration status while studying at Liverpool, a Student visa holder should: 1.","","0.9961","0.0032","UOL_student_guide_visa_holders.pdf_p2_c1"
"S1_basic_rag","V2Q051","procedural","contradicted","Maintain full-time attendance and engagement in their course, as the Student visa is only valid if studying ""with attendance"" on a full-time course.","4","0.3823","0.5834","UOL_student_guide_visa_holders.pdf_p2_c1"
"S1_basic_rag","V2Q051","procedural","supported","Provide accurate immigration documentation (e.g., passport, e-visa, arrival proof) to the University as part of registration, as required by Student Life.","3","0.7069","0.5112","UOL_UKVI_complience.pdf_p6_c2"
"S1_basic_rag","V2Q051","procedural","contradicted","Inform Student Administration immediately if there are changes to their visa conditions, appeals, or administrative reviews, to ensure compliance.","5","0.0583","0.7045","UOL_student_guide_visa_holders.pdf_p9_c4"
"S1_basic_rag","V2Q051","procedural","supported","Avoid working more than 20 hours per week during term time, as exceeding this limit could invalidate the visa.","4","0.995","0.0026","UOL_student_guide_visa_holders.pdf_p2_c1"
"S1_basic_rag","V2Q051","procedural","unsupported","These steps are critical to avoid visa cancellation or withdrawal of sponsorship.","2 5","0.0226","0.1769","UOL_student_guide_visa_holders.pdf_p2_c1"
"S1_basic_rag","V2Q052","paraphrased","supported","The evidence states that if a student is recommended to seek support, advice, or guidance from internal services or external agencies after a breach, they should do so.","3","0.9356","0.3591","UOL_student_conduct1.pdf_p3_c4"
"S1_basic_rag","V2Q052","paraphrased","supported_uncited","Failure to seek such support will not result in disciplinary action, though it may not be used as a mitigating factor in future cases.","","0.9514","0.0805","UOL_student_conduct2.pdf_p4_c2"
"S1_basic_rag","V2Q052","paraphrased","contradicted","This directly addresses the need for ongoing support after a crime.","","0.6263","0.5533","UOL_student_conduct1.pdf_p3_c4"
"S1_basic_rag","V2Q052","paraphrased","unsupported","ANSWER: A postgraduate student should seek support, advice, or guidance from internal services or external agencies as recommended.","3","0.142","0.0404","UOL_undergraduate_handbook.pdf_p40_c9"
"S1_basic_rag","V2Q053","reasoning","supported_uncited","The importance of notifying the School before a missed examination or assessment lies in the requirement to provide prior notification as part of the extenuating circumstances process.","","0.9973","0.0839","UOL_extenuating_circumstances_policy.pdf_p4_c2"
"S1_basic_rag","V2Q053","reasoning","nei","This is explicitly stated in the evidence:","","0.0","0.0",""
"S1_basic_rag","V2Q053","reasoning","supported","emphasizes that prior notification allows the examiner to potentially excuse you without involving the committee.","1","0.9956","0.8492","UOL_extenuating_circumstances_policy.pdf_p16_c2"
"S1_basic_rag","V2Q053","reasoning","supported","clarifies that prior notification is generally required, and exceptions are only granted in exceptional cases where prior notification was not feasible.","2","0.9779","0.0546","UOL_extenuating_circumstances_policy.pdf_p3_c4"
"S1_basic_rag","V2Q053","reasoning","supported","and both mandate informing your department/school in advance if you cannot attend an assessment or examination.","4 5","0.9939","0.9971","UOL_extenuating_circumstances_policy.pdf_p5_c5"
"S1_basic_rag","V2Q053","reasoning","supported_uncited","Failure to notify the School beforehand may hinder your claim, as the process relies on advance communication to assess eligibility.","","0.9771","0.3467","UOL_extenuating_circumstances_policy.pdf_p4_c2"
"S1_basic_rag","V2Q053","reasoning","nei","","1 2 4 5","0.0","0.0",""
"S1_basic_rag","V2Q054","procedural","nei","The records that should be retained or sent to the Student Conduct Team after a local conduct investigation include:","","0.0","0.0",""
"S1_basic_rag","V2Q054","procedural","supported","A copy of the notes of the investigation meeting and the outcome letter to the responding student, which should be retained by the designated staff member.","2","0.8326","0.9213","UOL_student_conduct1.pdf_p6_c4"
"S1_basic_rag","V2Q054","procedural","supported","Copies of the notes of the investigation meeting, any evidence, and the outcome letters should be sent to the Student Conduct Team at StudentConduct@liverpool.ac.uk to maintain a central record.","2 4","0.7838","0.9927","UOL_student_conduct1.pdf_p6_c4"
"S1_basic_rag","V2Q054","procedural","supported","These requirements ensure proper documentation and accountability.","2 4","0.9774","0.0039","UOL_student_conduct1.pdf_p6_c5"
"S1_basic_rag","V2Q055","paraphrased","unsupported","ANSWER: If an undergraduate student is a victim of crime (e.g., bullying, harassment, sexual misconduct, or hate crimes), they should contact the Campus Support Team, which is available 24 hours a day, seven days a week, to seek assistance.","2","0.4886","0.0593","UOL_undergraduate_handbook.pdf_p12_c4"
"S1_basic_rag","V2Q055","paraphrased","supported","The Student Survival Guide, accessible online at atliverpool.ac.uk/studentsupport/advice/, also provides further guidance on staying safe and reporting incidents.","2","0.8593","0.0348","UOL_undergraduate_handbook.pdf_p12_c4"
"S1_basic_rag","V2Q056","reasoning","supported","The conduct policy requires reliable identification before treating a substance as a Class A controlled drug to ensure accurate classification, as outlined in and.","1 2","0.6691","0.2925","UOL_student_conduct2.pdf_p10_c3"
"S1_basic_rag","V2Q056","reasoning","supported","states the University reserves the right to classify a substance as a specific controlled drug based on evidence (e.g., student identification or procurement context).","1","0.9616","0.7678","UOL_student_conduct2.pdf_p10_c2"
"S1_basic_rag","V2Q056","reasoning","supported","explicitly clarifies that possession, supply, or production is treated as Class A only if the substance is identified as such by the student or a qualified individual.","2","0.7642","0.7453","UOL_student_conduct2.pdf_p10_c3"
"S1_basic_rag","V2Q056","reasoning","unsupported","This prevents misclassification and ensures sanctions align with the severity of the offense.","","0.0261","0.3016","UOL_student_conduct2.pdf_p10_c1"
"S1_basic_rag","V2Q058","factual","supported","The route available to a postgraduate student to challenge decisions of the Board of Examiners includes appealing the decision through the Executive Pro-Vice-Chancellor, who may appoint a senior academic member to investigate if a valid case exists.","2","0.9623","0.9602","UOL_undergraduate_handbook.pdf_p41_c7"
"S1_basic_rag","V2Q058","factual","supported","Additionally, students can request a Review of a Formal Complaint if dissatisfied with the outcome.","5","0.8438","0.5509","UOL_postgraduate_handbook.pdf_p38_c1"
"S1_basic_rag","V2Q058","factual","unsupported","These processes are specific to postgraduate students as outlined in the Postgraduate Handbook.","","0.002","0.036","UOL_postgraduate_handbook.pdf_p37_c7"
"S1_basic_rag","V2Q059","paraphrased","contradicted","The concern should move from Early Resolution to the Formal Complaint stage if the issue requires an investigation, as stated in Evidence[h]: ""If a complaint requires an investigation it shall be escalated to the formal stage below.""","2","0.3465","0.509","UOL_Student,Complaints,Policy,and,Procedure.pdf_p12_c1"
"S1_basic_rag","V2Q061","factual","supported_uncited","The roles are divided as follows: the Academic Integrity Office (AIO) investigates academic-integrity offences, and the Academic Integrity Committee (AIC) makes recommendations to the relevant Board of Examiners based on the AIO's findings.","5","0.772","0.1767","UOL_undergraduate_handbook.pdf_p40_c10"
"S1_basic_rag","V2Q062","procedural","supported","When a self-funding student pays the remaining programme fee, the tuition-fee deposit should be deducted from either the full payment amount (if paying in full) or the first payment instalment (if following a payment plan under sections 4.5?4.7).","1","0.9479","0.0689","UOL_payment_policy_2026,2027.pdf_p5_c4"
"S1_basic_rag","V2Q063","reasoning","contradicted","The updated Recognition of Prior Learning (RPL) policy implies that prior credit must be matched to specific learning outcomes","","0.9902","0.9353","UOL_Code,of,Practice,on,Assessment,and,Appendices,2025-26,Summary,of,Changes.pdf_p6_c1"
"S1_basic_rag","V2Q063","reasoning","contradicted","of the programme, as general credit recognition is no longer permitted.","","0.3722","0.991","UOL_Code,of,Practice,on,Assessment,and,Appendices,2025-26,Summary,of,Changes.pdf_p6_c1"
"S1_basic_rag","V2Q063","reasoning","contradicted","This is explicitly stated in evidence, which clarifies that credit can only be recognized against specific learning outcomes, not broadly or generically.","2","0.1598","0.9323","UOL_Code,of,Practice,on,Assessment,and,Appendices,2025-26,Summary,of,Changes.pdf_p6_c1"
"S1_basic_rag","V2Q064","paraphrased","contradicted","The University recalculates programme fees when a student chooses not to register, leaves, or interrupts their programme during the academic session.","","0.9859","0.8168","UOL_payment_policy_2026,2027.pdf_p6_c1"
"S1_basic_rag","V2Q064","paraphrased","contradicted","This is explicitly stated in Evidence (University of Liverpool Payment Policy 2026-27, page 6), section 6.1.","1","0.01","0.51","UOL_payment_policy_2026,2027.pdf_p6_c2"
"S1_basic_rag","V2Q065","paraphrased","supported_uncited","The evidence normally required for a claim of extenuating circumstances due to religious observance includes independent documentary evidence","","0.9731","0.0265","UOL_extenuating_circumstances_policy.pdf_p10_c3"
"S1_basic_rag","V2Q065","paraphrased","contradicted","(e.g., a letter from a minister or religious leader) and a demonstration that the student had a requirement to attend or participate in the observance, along with reasons why they could not attend on a different occasion that did not conflict with their studies or assessments.","1","0.4309","0.7753","UOL_extenuating_circumstances_policy.pdf_p10_c3"
"S1_basic_rag","V2Q066","reasoning","unsupported","A student should include all relevant issues and evidence when requesting a Review of a formal complaint because the Student Complaints Policy and Procedure explicitly requires the student to ""provide with the complaint all relevant documentation or other evidence which they wish to be taken into consideration"".","1","0.2043","0.0212","UOL_Student,Complaints,Policy,and,Procedure.pdf_p13_c1"
"S1_basic_rag","V2Q066","reasoning","unsupported","This ensures that the Review process has complete information to address the complaint effectively.","","0.043","0.0074","UOL_Student,Complaints,Policy,and,Procedure.pdf_p13_c1"
"S1_basic_rag","V2Q067","paraphrased","supported_uncited","If IAG assesses an appeal or administrative review as unlikely to succeed, the University may administratively suspend or withdraw the student from their studies.","","0.8363","0.1326","UOL_student_guide_visa_holders.pdf_p8_c5"
"S1_basic_rag","V2Q067","paraphrased","supported","This action would be reported to UKVI, requiring the student to leave the UK and apply for a new Student visa to return.","2","0.6872","0.2828","UOL_student_guide_visa_holders.pdf_p8_c5"
"S1_basic_rag","V2Q068","factual","supported","The student must provide a written request to the Director of Student Experience and Enhancement, including the reason for the delay in submission and any documentary evidence supporting that reason.","4","0.9928","0.1713","UOL_Student,Complaints,Policy,and,Procedure.pdf_p16_c2"
"S1_basic_rag","V2Q069","paraphrased","supported","The University commits to stating that it wishes for the student to be granted permission to enter and remain in the UK to study at the University when it issues a Confirmation of Acceptance for Studies (CAS) under its Student sponsor licence.","1","0.9913","0.3248","UOL_UKVI_complience.pdf_p3_c1"
"S1_basic_rag","V2Q070","paraphrased","contradicted","The Postgraduate Handbook's sections on student conduct are covered in evidence, which details categories of breaches, sanctions, and factors affecting disciplinary actions.","5","0.0113","0.7434","UOL_student_conduct2.pdf_p2_c1"
"S1_basic_rag","V2Q070","paraphrased","unsupported","However, the provided evidence does not include specific information about programme rules in the Postgraduate Handbook.","","0.0203","0.054","UOL_student_conduct2.pdf_p2_c1"
"S1_basic_rag","V2Q070","paraphrased","unsupported","Therefore, only student conduct is addressed in the evidence given.","","0.085","0.2237","UOL_student_conduct2.pdf_p2_c1"
"S1_basic_rag","V2Q071","factual","supported","A graduate can apply for the Graduate Route visa after being awarded an eligible qualification and after receiving confirmation from the University that a report has been processed.","1 5","0.7398","0.8042","UOL_student_guide_visa_holders.pdf_p11_c3"
"S1_basic_rag","V2Q071","factual","contradicted","The guide specifies that students must apply for a new ATAS certificate and visa when eligible, which occurs post-qualification and upon University confirmation.","","0.9515","0.9714","UOL_student_guide_visa_holders.pdf_p11_c3"
"S1_basic_rag","V2Q072","reasoning","supported_uncited","The Diversity and Equality of Opportunity Policy provides an overarching framework for the University?s approach to equality, and other equality-related policies and plans support this framework.","","0.9926","0.0155","UOL_diversity-equality-opportunity-policy.pdf_p30_c1"
"S1_basic_rag","V2Q072","reasoning","supported","For example, Appendix D of the policy lists specific supporting documents such as the Equality Objectives Action Plan, Bullying & Harassment Policy, and Athena Swan Action Plan, which are all part of the University?s broader equality initiatives.","3","0.9866","0.0044","UOL_diversity-equality-opportunity-policy.pdf_p30_c1"
"S1_basic_rag","V2Q072","reasoning","supported","Additionally, the policy?s principles are applied in specific areas like student admissions and program approvals, as outlined in the University?s governance and student-related policies.","4","0.8965","0.011","UOL_diversity-equality-opportunity-policy.pdf_p10_c1"
"S1_basic_rag","V2Q072","reasoning","unsupported","The policy also emphasizes collaboration through committees like the Equality, Diversity & Inclusion Committee, which oversees advancing equality across the University.","5","0.0201","0.003","UOL_diversity-equality-opportunity-policy.pdf_p4_c1"
"S1_basic_rag","V2Q073","adversarial_false_premise","unsupported","The statement is incorrect.","","0.0939","0.0256","UOL_student_conduct1.pdf_p4_c2"
"S1_basic_rag","V2Q073","adversarial_false_premise","supported","According to, there is no right of appeal against actions taken under Informal Resolution.","1","0.9897","0.9914","UOL_student_conduct1.pdf_p4_c2"
"S1_basic_rag","V2Q073","adversarial_false_premise","supported","However, the responding student may request a review of the matter through the Local Disciplinary Action procedures by contacting the relevant staff member.","1","0.9967","0.3513","UOL_student_conduct1.pdf_p4_c2"
"S1_basic_rag","V2Q074","factual","supported_uncited","Yes, a retrospective extenuating-circumstances claim about a previous resit can affect how a later resit attempt is counted.","","0.9852","0.065","UOL_extenuating_circumstances_policy.pdf_p15_c4"
"S1_basic_rag","V2Q074","factual","supported","According to, if a retrospective claim is submitted after a resit period and accepted, the Extenuating Circumstances Committee may recommend that the original resit result be disregarded, and the new resit in the following academic session could be treated as a ""second attempt"" rather than a third.","2","0.9773","0.8172","UOL_extenuating_circumstances_policy.pdf_p16_c6"
"S1_basic_rag","V2Q074","factual","supported_uncited","Similarly, confirms that retrospective claims submitted after the Board of Examiners may lead to the original resit being disregarded, altering the count of subsequent resits.","3","0.9799","0.1407","UOL_extenuating_circumstances_policy.pdf_p16_c6"
"S1_basic_rag","V2Q074","factual","unsupported","and do not address this specific scenario.","4 5","0.1096","0.403","UOL_extenuating_circumstances_policy.pdf_p13_c4"
"S1_basic_rag","V2Q075","procedural","nei","The answer is based on the following evidence:","","0.0","0.0",""
"S1_basic_rag","V2Q075","procedural","supported","states that ""in some cases where it is accepted that independent documentary evidence is not available, less independent evidence may be acceptable."" This directly addresses the scenario where independent evidence is unavailable.","3","0.864","0.0399","UOL_extenuating_circumstances_policy.pdf_p5_c6"
"S1_basic_rag","V2Q075","procedural","supported","provides specific examples of alternative evidence (e.g., funeral order of service, letter from a clergyman, or obituary) that can be submitted in place of independent documentary evidence for certain circumstances like bereavement.","4","0.9949","0.0421","UOL_extenuating_circumstances_policy.pdf_p5_c6"
"S1_basic_rag","V2Q075","procedural","supported","Thus, when no independent documentary evidence is available, less independent evidence (as outlined in) or specific alternative evidence (as detailed in) may be accepted, depending on the circumstances.","3 4","0.9934","0.062","UOL_extenuating_circumstances_policy.pdf_p5_c6"
"S1_basic_rag","V2Q076","reasoning","contradicted","A responding student has the following support and representation options during a conduct investigation meeting: 1.","","0.9835","0.9278","UOL_Student,Complaints,Policy,and,Procedure.pdf_p15_c1"
"S1_basic_rag","V2Q076","reasoning","supported","They may be accompanied by a friend, colleague, or another member of the University during the meeting.","2","0.9818","0.714","UOL_Student,Complaints,Policy,and,Procedure.pdf_p15_c1"
"S1_basic_rag","V2Q076","reasoning","contradicted","They are entitled to seek legal advice at their own expense, though they cannot have a legal representative or adviser present at the meeting.","","0.9905","0.9037","UOL_student_conduct1.pdf_p12_c1"
"S1_basic_rag","V2Q076","reasoning","supported","Their statements can be compiled on their behalf by a legally qualified person.","3","0.9926","0.0092","UOL_student_conduct1.pdf_p12_c2"
"S1_basic_rag","V2Q076","reasoning","supported","They can seek advice from the Guild of Students Advice Service, which provides trained advisers to support them.","3 4","0.9821","0.0062","UOL_student_conduct1.pdf_p12_c1"
"S1_basic_rag","V2Q076","reasoning","unsupported","These options are explicitly outlined in the evidence provided.","","0.0013","0.0051","UOL_Student,Complaints,Policy,and,Procedure.pdf_p15_c1"
"S1_basic_rag","V2Q077","adversarial_false_premise","unsupported","The statement is incorrect.","","0.2276","0.0916","UOL_UKVI_complience.pdf_p13_c2"
"S1_basic_rag","V2Q077","adversarial_false_premise","supported_uncited","According to evidence, if IAG assesses that an appeal or administrative review is likely to fail, the University reserves the right to administratively interrupt or withdraw the student from their programme of study to protect its Student sponsor licence.","4","0.6949","0.1391","UOL_UKVI_complience.pdf_p13_c1"
"S1_basic_rag","V2Q077","adversarial_false_premise","contradicted","This means the University is not required to continue sponsoring the student in such cases.","","0.6878","0.8403","UOL_UKVI_complience.pdf_p13_c1"
"S1_basic_rag","V2Q077","adversarial_false_premise","contradicted","Instead, the student may be advised to voluntarily suspend or withdraw, leading to the need for a new CAS and visa application.","","0.2348","0.678","UOL_student_guide_visa_holders.pdf_p8_c5"
"S1_basic_rag","V2Q078","procedural","supported_uncited","The University defines potential bullying behavior as unwanted actions that are offensive, intimidating, malicious, insulting, or abusive, causing harm.","","0.9957","0.032","UOL_diversity-equality-opportunity-policy.pdf_p18_c2"
"S1_basic_rag","V2Q078","procedural","supported","This includes physical or verbal abuse, threatening behavior, abusive comments (in person, written, or electronic), spreading rumors, and persistent negative criticism.","1","0.9924","0.0199","UOL_diversity-equality-opportunity-policy.pdf_p18_c2"
"S1_basic_rag","V2Q078","procedural","unsupported","Additionally, specific physical conduct such as inappropriate touching, blocking someone?s path, following, or staring may also constitute bullying.","4","0.1059","0.0104","UOL_diversity-equality-opportunity-policy.pdf_p18_c2"
"S1_basic_rag","V2Q078","procedural","supported_uncited","These behaviors should be recognized and reported to address potential bullying under the University?s policy.","","0.9975","0.0044","UOL_diversity-equality-opportunity-policy.pdf_p5_c3"
"S1_basic_rag","V2Q079","factual","supported_uncited","Non-consensual sexual touching is categorised under Category 2 or 3","","0.9868","0.0836","UOL_student_conduct2.pdf_p7_c2"
"S1_basic_rag","V2Q079","factual","supported_uncited","in the indicative conduct sanctions.","","0.7751","0.395","UOL_student_conduct2.pdf_p7_c3"
"S1_basic_rag","V2Q079","factual","unsupported","This is explicitly stated in (Student Conduct Breaches and Indicative Sanctions ? Appendix B, page 7), which defines ""Touching inappropriately, in what may reasonably be Category 2 or 3 perceived to be a sexual manner, without consent"" as a breach.","1","0.0849","0.0375","UOL_student_conduct2.pdf_p7_c3"
"S1_basic_rag","V2Q079","factual","unsupported","Similarly, (Student Conduct Breaches and Indicative Sanctions ? Appendix B, page 7) reiterates this under point d, specifying that such touching without consent falls into Category 2 or 3.","2","0.2783","0.0703","UOL_student_conduct2.pdf_p7_c1"
"S1_basic_rag","V2Q079","factual","unsupported","The categorization depends on the perceived severity of the act (Category 2 or 3), which may vary based on context, such as the nature of the touch or the relationship between parties.","","0.4986","0.4108","UOL_student_conduct2.pdf_p7_c1"
"S1_basic_rag","V2Q079","factual","supported_uncited","There is no mention of a specific sub-category for non-consensual touching beyond this general classification.","","0.8667","0.2745","UOL_student_conduct2.pdf_p7_c3"
"S1_basic_rag","V2Q080","paraphrased","supported_uncited","The protection against maternity discrimination in the non-work context applies for 26 weeks after giving birth.","","0.9944","0.1267","UOL_diversity-equality-opportunity-policy.pdf_p14_c3"
"S1_basic_rag","V2Q080","paraphrased","supported","This is explicitly stated in, which specifies that in non-work contexts, such protection lasts 26 weeks post-birth, including safeguards against unfavorable treatment related to breastfeeding.","1","0.9303","0.0924","UOL_diversity-equality-opportunity-policy.pdf_p14_c3"
"S1_basic_rag","V2Q081","factual","supported","The University states it is committed to creating an inclusive environment for staff, students, and visitors by making its campus, facilities, and services accessible.","2","0.9896","0.0035","UOL_diversity-equality-opportunity-policy.pdf_p11_c1"
"S1_basic_rag","V2Q082","paraphrased","supported_uncited","The evidence from the Postgraduate Handbook mentions that there are three stages in the complaints procedure but does not explicitly name them.","3","0.9041","0.1051","UOL_Student,Complaints,Policy,and,Procedure.pdf_p19_c1"
"S1_basic_rag","V2Q082","paraphrased","contradicted","The provided text is incomplete or cut off, and no specific stages (e.g., Early Resolution, Formal Complaint, Review) are listed in the evidence.","","0.9017","0.5958","UOL_Student,Complaints,Policy,and,Procedure.pdf_p6_c1"
"S1_basic_rag","V2Q082","paraphrased","contradicted","Therefore, the answer cannot be determined from the given evidence.","","0.08","0.8782","UOL_Student,Complaints,Policy,and,Procedure.pdf_p6_c1"
"S1_basic_rag","V2Q082","paraphrased","unsupported","ANSWER: The evidence does not explicitly state the three stages of the Student Complaints Procedure in the Postgraduate Handbook.","","0.4634","0.1653","UOL_Student,Complaints,Policy,and,Procedure.pdf_p19_c1"
"S1_basic_rag","V2Q083","multi_document_comparison","contradicted","The Undergraduate and Postgraduate Handbooks do not give materially different advice on securing personal belongings and reporting theft.","","0.1303","0.9205","UOL_student_conduct2.pdf_p2_c3"
"S1_basic_rag","V2Q083","multi_document_comparison","nei","Both (Undergraduate Handbook) and (Postgraduate Handbook) provide identical guidance, including:","1 2","0.0","0.0",""
"S1_basic_rag","V2Q083","multi_document_comparison","supported","Avoiding visible valuables in cars and registering them with immobilise.","1 2","0.8445","0.7125","UOL_undergraduate_handbook.pdf_p13_c3"
"S1_basic_rag","V2Q083","multi_document_comparison","supported","Using a lockable phrase and not sharing details.","1 2","0.9844","0.5519","UOL_undergraduate_handbook.pdf_p13_c3"
"S1_basic_rag","V2Q083","multi_document_comparison","contradicted","Reporting theft to the Police and Campus Support Services.","1 2","0.0551","0.9983","UOL_undergraduate_handbook.pdf_p13_c5"
"S1_basic_rag","V2Q083","multi_document_comparison","contradicted","The advice is consistent across both handbooks, so there is no material difference.","","0.0033","0.9941","UOL_undergraduate_handbook.pdf_p13_c5"
"S1_basic_rag","V2Q085","multi_document_comparison","contradicted","The Undergraduate Handbook states that passing modules leads to consideration for a classified honours degree, focusing on module performance.","3","0.0119","0.9946","UOL_postgraduate_handbook.pdf_p24_c10"
"S1_basic_rag","V2Q085","multi_document_comparison","supported","The Postgraduate Handbook specifies structured time frames (minimum 8 weeks, maximum 2 years) for completing awards and rules about credit accumulation (e.g., avoiding double-counting credits).","2","0.8862","0.996","UOL_postgraduate_handbook.pdf_p24_c10"
"S1_basic_rag","V2Q085","multi_document_comparison","unsupported","These differences highlight that undergraduate awards emphasize module completion for honours classification, while postgraduate awards have defined duration and credit management requirements.","2 3","0.2018","0.01","UOL_postgraduate_handbook.pdf_p24_c10"
"S1_basic_rag","V2Q086","multi_document_comparison","unsupported","The Undergraduate and Postgraduate Handbooks distinguish the complaints route from an assessment appeal by specifying that complaints are addressed through the Student Charter?s Early Resolution process","","0.2345","0.2861","UOL_undergraduate_handbook.pdf_p42_c5"
"S1_basic_rag","V2Q086","multi_document_comparison","supported","(evidence and), while assessment appeals are defined as formal challenges to academic decisions (e.g., assessments or awards) under specific grounds (evidence and).","2 3 4 5","0.7915","0.2254","UOL_postgraduate_handbook.pdf_p37_c10"
"S1_basic_rag","V2Q086","multi_document_comparison","contradicted","Complaints route: Governed by the Student Charter?s Early Resolution procedure, which requires students to submit complaints in writing within 25 working days and seek informal resolution first (evidence,).","3 4","0.1977","0.7909","UOL_undergraduate_handbook.pdf_p42_c5"
"S1_basic_rag","V2Q086","multi_document_comparison","contradicted","Assessment appeal: A separate process for challenging academic decisions, such as grades or awards, which may lead to a formal review by the University (evidence,).","2 5","0.2264","0.5337","UOL_postgraduate_handbook.pdf_p37_c10"
"S1_basic_rag","V2Q086","multi_document_comparison","supported","The handbooks explicitly state that the complaints procedure does not cover matters with separate procedures (e.g., assessment appeals) (evidence,).","3 4","0.6852","0.952","UOL_undergraduate_handbook.pdf_p42_c5"
"S1_basic_rag","V2Q087","multi_document_comparison","supported","The evidence does not explicitly connect ordinary attendance responsibilities with ""Student Route compliance."" While the policy emphasizes attendance as a key factor in retention, progression, and success (e.g.,,), and outlines student responsibilities for attendance (e.g.,), there is no specific mention of how attendance requirements are tied to compliance with a student?s individual route or program.","1 2 4","0.9919","0.0023","UOL_StudentAttendancePolicy-REVISEDJUL2025,v1.3.pdf_p2_c1"
"S1_basic_rag","V2Q087","multi_document_comparison","contradicted","The term ""Student Route compliance"" is not defined or referenced in the provided evidence.","","0.7404","0.9633","UOL_StudentAttendancePolicy-REVISEDJUL2025,v1.3.pdf_p8_c1"
"S1_basic_rag","V2Q088","multi_document_comparison","contradicted","The monitoring expectations differ as follows: 1.","","0.6359","0.6655","UOL_UKVI_complience.pdf_p10_c2"
"S1_basic_rag","V2Q088","multi_document_comparison","contradicted","Postgraduate students working on a dissertation","","0.0349","0.9717","UOL_StudentAttendancePolicy-REVISEDJUL2025,v1.3.pdf_p4_c3"
"S1_basic_rag","V2Q088","multi_document_comparison","supported_uncited","are required to maintain regular contact with their allocated supervisor (at least once per semester) and must be available during normal office hours.","","0.9699","0.1248","UOL_StudentAttendancePolicy-REVISEDJUL2025,v1.3.pdf_p4_c3"
"S1_basic_rag","V2Q088","multi_document_comparison","contradicted","If no contact is received within a rolling one-month period, they are escalated to Stage One of the intervention process.","3","0.215","0.942","UOL_StudentAttendancePolicy-REVISEDJUL2025,v1.3.pdf_p4_c3"
"S1_basic_rag","V2Q088","multi_document_comparison","contradicted","Student Route students studying abroad","","0.1096","0.8113","UOL_StudentAttendancePolicy-REVISEDJUL2025,v1.3.pdf_p4_c2"
"S1_basic_rag","V2Q088","multi_document_comparison","supported","are monitored by the Global Opportunities Team for UKVI compliance risks, as their study abroad period is an integral part of their programme.","1","0.5107","0.7068","UOL_UKVI_complience.pdf_p10_c2"
"S1_basic_rag","V2Q088","multi_document_comparison","contradicted","Additionally, they must confirm their arrival abroad and ongoing attendance at specific checkpoints (e.g., beginning of semesters).","","0.0835","0.8817","UOL_StudentAttendancePolicy-REVISEDJUL2025,v1.3.pdf_p4_c2"
"S1_basic_rag","V2Q088","multi_document_comparison","contradicted","Failure to confirm these details results in escalation to Stage One of the intervention process.","4","0.2194","0.9851","UOL_StudentAttendancePolicy-REVISEDJUL2025,v1.3.pdf_p4_c3"
"S1_basic_rag","V2Q088","multi_document_comparison","unsupported","The key differences lie in the monitoring body (Global Opportunities Team vs. Academic Advisor/supervisor) and the specific requirements (confirmation of arrival/attendance vs. regular supervisor contact).","","0.4681","0.4392","UOL_StudentAttendancePolicy-REVISEDJUL2025,v1.3.pdf_p4_c2"
"S1_basic_rag","V2Q089","multi_document_comparison","contradicted","The UKVI compliance policy (evidence) states that Student Route visa holders engaged in a period of study abroad as an integral part of their programme are permitted to remain on their existing Student Route visa and will continue to be sponsored by the University.","2","0.9612","0.9987","UOL_UKVI_complience.pdf_p10_c3"
"S1_basic_rag","V2Q089","multi_document_comparison","contradicted","There is no specific mention of a ""visa-holder guide"" in the provided evidence, so the answer is based solely on the UKVI compliance policy.","","0.847","0.9857","UOL_UKVI_complience.pdf_p3_c1"
"S1_basic_rag","V2Q090","multi_document_comparison","supported_uncited","The University's document-checking responsibilities for Student Route students, as outlined in the UKVI compliance policy, include: 1.","","0.9887","0.0674","UOL_UKVI_complience.pdf_p6_c1"
"S1_basic_rag","V2Q090","multi_document_comparison","supported","Verifying and retaining copies of students' passports, e-visas, and arrival documentation (evidence).","3","0.9889","0.0352","UOL_UKVI_complience.pdf_p6_c1"
"S1_basic_rag","V2Q090","multi_document_comparison","supported_uncited","Monitoring students' right to remain in the UK and requesting further information or documentation as necessary (evidence).","4","0.9379","0.0286","UOL_UKVI_complience.pdf_p14_c1"
"S1_basic_rag","V2Q090","multi_document_comparison","supported","Having the right to request appropriate evidence from students to confirm compliance with visa conditions (evidence).","5","0.9393","0.0173","UOL_UKVI_complience.pdf_p13_c7"
"S1_basic_rag","V2Q090","multi_document_comparison","unsupported","These responsibilities are explicitly stated in the policy, emphasizing proactive verification and ongoing compliance monitoring by the University (via Student Life).","","0.118","0.0027","UOL_UKVI_complience.pdf_p6_c3"
"S1_basic_rag","V2Q091","multi_document_comparison","unsupported","The evidence provided does not mention Appendix B at all.","","0.3092","0.4481","UOL_student_conduct1.pdf_p11_c5"
"S1_basic_rag","V2Q091","multi_document_comparison","unsupported","All references are to Appendix A, which outlines procedures for student conduct cases, including panels, investigations, and accompaniment rights.","","0.4182","0.0454","UOL_student_conduct1.pdf_p11_c5"
"S1_basic_rag","V2Q091","multi_document_comparison","unsupported","There is no information in the evidence about the role of Appendix B.","","0.0144","0.4832","UOL_student_conduct1.pdf_p11_c5"
"S1_basic_rag","V2Q093","multi_document_synthesis","supported","The conduct framework indicates that abusive conduct in an intimate relationship is considered a serious breach, potentially classified as a Category 1 breach under, which may involve aggravating factors and could lead to referral to the University Disciplinary Panel.","1","0.9904","0.0055","UOL_student_conduct2.pdf_p5_c1"
"S1_basic_rag","V2Q093","multi_document_synthesis","supported","Regarding grounds for appeal, states that a student may appeal if the sanction is deemed disproportionate to the breach, requiring the student to demonstrate a valid reason for the lack of information at the time of the decision.","4","0.9934","0.1152","UOL_student_conduct1.pdf_p27_c1"
"S1_basic_rag","V2Q093","multi_document_synthesis","supported_uncited","Sensitivity of information is not a valid reason for appeal.","","0.9901","0.0472","UOL_student_conduct1.pdf_p27_c1"
"S1_basic_rag","V2Q094","multi_document_synthesis","unsupported","A complaint involving harassment or sexual misconduct can move into the student-conduct process because such complaints are explicitly covered under the Student Conduct Policy (evidence).","5","0.4303","0.0854","UOL_Student,Complaints,Policy,and,Procedure.pdf_p9_c1"
"S1_basic_rag","V2Q094","multi_document_synthesis","nei","If the original report is anonymous, the process may still proceed under specific conditions:","","0.0","0.0",""
"S1_basic_rag","V2Q094","multi_document_synthesis","supported","An anonymous complaint can be investigated if there is supporting evidence (e.g., CCTV footage or social media posts) indicating a potential policy breach.","3","0.9876","0.0315","UOL_student_conduct1.pdf_p3_c3"
"S1_basic_rag","V2Q094","multi_document_synthesis","supported","In exceptional circumstances (e.g., genuine fear of reprisals), the reporting student?s identity may be withheld from the responding student, though this is rare and assessed case-by-case.","1","0.9952","0.0147","UOL_student_conduct1.pdf_p3_c2"
"S1_basic_rag","V2Q094","multi_document_synthesis","supported","However, if the reporting party does not wish the substance of the allegation disclosed to the responding party, the report cannot be investigated.","1 3","0.9718","0.0278","UOL_student_conduct1.pdf_p3_c2"
"S1_basic_rag","V2Q094","multi_document_synthesis","supported","Anonymous complaints may face limitations in the investigation process, and staff should seek guidance from their line manager.","2","0.9993","0.0131","UOL_Student,Complaints,Policy,and,Procedure.pdf_p7_c4"
"S1_basic_rag","V2Q095","multi_document_synthesis","supported_uncited","The evidence does not explicitly state what specific engagement is expected from students involved in a harassment or sexual-misconduct complaint handled as a student-conduct investigation.","","0.9921","0.0692","UOL_student_conduct1.pdf_p3_c4"
"S1_basic_rag","V2Q095","multi_document_synthesis","supported","While mentions that the responding student may be informed of outcomes or required actions (e.g., ""Write to the responding student informing them no further action is to be taken""), it does not detail further engagement requirements beyond this notification.","3","0.9834","0.5702","UOL_student_conduct1.pdf_p13_c4"
"S1_basic_rag","V2Q095","multi_document_synthesis","supported_uncited","Other evidence focuses on procedural steps rather than student participation.","","0.5394","0.0663","UOL_Student,Complaints,Policy,and,Procedure.pdf_p9_c1"
"S1_basic_rag","V2Q095","multi_document_synthesis","contradicted","Answer: The evidence does not specify detailed engagement expectations beyond informing the student of outcomes or actions.","3","0.4716","0.6","UOL_student_conduct1.pdf_p3_c4"
"S1_basic_rag","V2Q096","multi_document_synthesis","supported","The University support services can help by advising the student on alternative evidence they could provide, as outlined in and.","1 2","0.9819","0.0234","UOL_extenuating_circumstances_policy.pdf_p5_c6"
"S1_basic_rag","V2Q096","multi_document_synthesis","supported_uncited","Specifically, states that academic advisers or teaching support staff can guide students on what alternative evidence might be acceptable (e.g., for bereavement, a funeral order of service, or a letter from a clergyman).","1","0.9966","0.2871","UOL_extenuating_circumstances_policy.pdf_p5_c6"
"S1_basic_rag","V2Q096","multi_document_synthesis","supported","further emphasizes that even without independent documentary evidence, students should submit their claim form on time, and support staff can assist in identifying suitable alternatives.","2","0.995","0.1012","UOL_extenuating_circumstances_policy.pdf_p5_c6"
"S1_basic_rag","V2Q096","multi_document_synthesis","supported_uncited","For wider support needs, the evidence does not explicitly address how services address non-claim-related needs (e.g","","0.5996","0.085","UOL_extenuating_circumstances_policy.pdf_p8_c4"
"S1_basic_rag","V2Q097","multi_document_synthesis","unsupported","The student should immediately inform their department/school in writing or by email before the assessment to request authorization for absence due to illness or unavoidable circumstances.","1","0.0688","0.3815","UOL_undergraduate_handbook.pdf_p34_c1"
"S1_basic_rag","V2Q097","multi_document_synthesis","supported","If acceptable evidence of 'good cause' (e.g., a medical note) is provided, they may be granted a right to re-assessment as a first attempt.","1","0.9804","0.0339","UOL_extenuating_circumstances_policy.pdf_p3_c3"
"S1_basic_rag","V2Q097","multi_document_synthesis","supported_uncited","Support options include seeking re-assessment through the Extenuating Circumstances Committee process, provided the absence is authorized and evidence is submitted.","","0.9924","0.0101","UOL_extenuating_circumstances_policy.pdf_p3_c3"
"S1_basic_rag","V2Q098","multi_document_synthesis","contradicted","To distinguish foreseeable financial difficulty from circumstances justifying an extenuating circumstances claim, a student should assess whether the financial issue was reasonably foreseeable","","0.9673","0.5201","UOL_extenuating_circumstances_policy.pdf_p2_c4"
"S1_basic_rag","V2Q098","multi_document_synthesis","contradicted","(e.g., due to predictable employment pressures, planned expenses, or avoidable circumstances).","","0.4292","0.5229","UOL_extenuating_circumstances_policy.pdf_p2_c5"
"S1_basic_rag","V2Q098","multi_document_synthesis","unsupported","If the financial difficulty was foreseeable, it does not qualify as an extenuating circumstance.","5","0.0753","0.3066","UOL_extenuating_circumstances_policy.pdf_p2_c5"
"S1_basic_rag","V2Q098","multi_document_synthesis","contradicted","If it was unforeseeable and beyond the student?s control, it may support a claim.","","0.8786","0.9383","UOL_extenuating_circumstances_policy.pdf_p5_c4"
"S1_basic_rag","V2Q099","multi_document_synthesis","supported_uncited","A student with a long-term health condition should prioritize seeking reasonable adjustments through the University?s Disability Advice and Guidance Team rather than interrupting study via repeated Extenuating Circumstances claims.","","0.9917","0.0183","UOL_extenuating_circumstances_policy.pdf_p5_c4"
"S1_basic_rag","V2Q099","multi_document_synthesis","supported","For long-term conditions, the University expects students to discuss potential impacts on their studies with the Disability Advice and Guidance Team in advance of assessments to determine if adjustments are needed.","2","0.9939","0.4965","UOL_extenuating_circumstances_policy.pdf_p7_c7"
"S1_basic_rag","V2Q099","multi_document_synthesis","supported","If the condition persists for six or more months, students should contact the Disability Team to explore reasonable adjustments instead of relying on repeated Extenuating Circumstances claims, as ongoing conditions should be managed through adjustments rather than repeated interruptions.","5","0.8829","0.0518","UOL_StudentAttendancePolicy-REVISEDJUL2025,v1.3.pdf_p2_c1"
"S1_basic_rag","V2Q099","multi_document_synthesis","contradicted","Reasonable adjustments are designed to accommodate long-term conditions, whereas Extenuating Circumstances claims are typically for unforeseeable or short-term issues.","1 5","0.512","0.6058","UOL_extenuating_circumstances_policy.pdf_p2_c4"
"S1_basic_rag","V2Q099","multi_document_synthesis","unsupported","This approach avoids unnecessary interruptions to study and ensures the student receives tailored support.","5","0.3874","0.1962","UOL_StudentAttendancePolicy-REVISEDJUL2025,v1.3.pdf_p2_c1"
"S1_basic_rag","V2Q100","multi_document_synthesis","supported","A sponsored student must provide an official sponsor letter or purchase order (on official letter headed paper) from their sponsor before registering for the session to which the sponsorship applies.","1 3","0.8677","0.6191","UOL_payment_policy_2026,2027.pdf_p9_c1"
"S1_basic_rag","V2Q100","multi_document_synthesis","supported","If they still face financial difficulty, the University offers support through its University Hardship Fund, which can assist students experiencing financial hardship, including cases where other funding has been delayed.","5","0.8115","0.2433","UOL_undergraduate_handbook.pdf_p19_c2"
"S1_basic_rag","V2Q101","multi_document_synthesis","unsupported","The equality policy and complaints policy work together by defining the scope of discrimination, harassment, and sexual misconduct (via the equality policy) and providing a structured process for students to report and address such issues (via the complaints policy).","","0.3063","0.0382","UOL_Student,Complaints,Policy,and,Procedure.pdf_p10_c1"
"S1_basic_rag","V2Q101","multi_document_synthesis","unsupported","The equality policy (evidence and) establishes definitions of harassment, discrimination, and the University?s legal obligations under the Equality Act, ensuring that complaints are evaluated against these standards.","4 5","0.071","0.0917","UOL_Student,Complaints,Policy,and,Procedure.pdf_p1_c2"
"S1_basic_rag","V2Q101","multi_document_synthesis","supported","The complaints policy (evidence and) outlines procedures for students to submit complaints related to harassment or sexual misconduct, including requirements for documentation and confidentiality, which align with the equality policy?s framework.","1 3","0.5382","0.0283","UOL_Student,Complaints,Policy,and,Procedure.pdf_p10_c1"
"S1_basic_rag","V2Q101","multi_document_synthesis","supported","Thus, the equality policy sets the criteria for what constitutes unacceptable behavior, while the complaints policy ensures students can formally report and seek resolution for such issues.","1 3 4 5","0.9084","0.0458","UOL_Student,Complaints,Policy,and,Procedure.pdf_p10_c1"
"S1_basic_rag","V2Q102","multi_document_synthesis","supported_uncited","The evidence does not explicitly clarify the relationship between assessment appeals and other student challenge routes (e.g., extenuating circumstances, disciplinary processes, or academic misconduct appeals).","","0.735","0.0458","UOL_postgraduate_handbook.pdf_p26_c5"
"S1_basic_rag","V2Q102","multi_document_synthesis","unsupported","While and define assessment appeals as formal challenges to University decisions on assessments and awards, and and outline procedures for extenuating circumstances, there is no mention of how these routes interact or differ in the 2025?26 changes.","1 2 3 5","0.2141","0.2312","UOL_postgraduate_handbook.pdf_p26_c5"
"S1_basic_rag","V2Q102","multi_document_synthesis","unsupported","The evidence does not address other potential challenge routes beyond these two.","","0.0113","0.0066","UOL_postgraduate_handbook.pdf_p26_c5"
"S1_basic_rag","V2Q102","multi_document_synthesis","nei",",,,","1 2 3 5","0.0","0.0",""
"S3_corrective_rag","V2Q001","paraphrased","unsupported","I cannot answer this question reliably from the available University documents.","","0.3011","0.0132","UOL_student_guide_visa_holders.pdf_p10_c4"
"S3_corrective_rag","V2Q001","paraphrased","supported_uncited","The retrieved evidence does not adequately support a complete answer: 1 claim(s) in the draft answer were contradicted by the retrieved evidence.","","0.7005","0.0406","UOL_student_guide_visa_holders.pdf_p10_c4"
"S3_corrective_rag","V2Q001","paraphrased","contradicted","Please consult the relevant policy document directly, or contact Student Services for authoritative guidance.","","0.0783","0.5069","UOL_UKVI_complience.pdf_p11_c1"
"S3_corrective_rag","V2Q002","paraphrased","supported","Students and staff should raise concerns by reporting incidents to their line manager, Head of Department, HR Business Partner, or programme leader, and/or using the University?s Report and Support provision (named or anonymously).","1","0.9965","0.0688","UOL_diversity-equality-opportunity-policy.pdf_p5_c3"
"S3_corrective_rag","V2Q002","paraphrased","supported","They should also challenge unlawful behavior through appropriate departmental structures or reporting procedures, such as Report & Support.","2 3","0.9807","0.0599","UOL_diversity-equality-opportunity-policy.pdf_p5_c3"
"S3_corrective_rag","V2Q003","procedural","unsupported","I cannot answer this question reliably from the available University documents.","","0.0516","0.0861","UOL_extenuating_circumstances_policy.pdf_p17_c4"
"S3_corrective_rag","V2Q003","procedural","unsupported","The retrieved evidence does not adequately support a complete answer: 50% of the claims in the draft answer could not be verified against the retrieved evidence.","","0.3534","0.0221","UOL_undergraduate_handbook.pdf_p35_c2"
"S3_corrective_rag","V2Q003","procedural","supported_uncited","Please consult the relevant policy document directly, or contact Student Services for authoritative guidance.","","0.5501","0.0939","UOL_undergraduate_handbook.pdf_p35_c2"
"S3_corrective_rag","V2Q004","paraphrased","unsupported","The 2025?26 changes include: 1.","","0.1702","0.0049","UOL_Code,of,Practice,on,Assessment,and,Appendices,2025-26,Summary,of,Changes.pdf_p1_c1"
"S3_corrective_rag","V2Q004","paraphrased","supported_uncited","Academic integrity categories: The original categories (A?E) were relabeled.","","0.8317","0.0303","UOL_Code,of,Practice,on,Assessment,and,Appendices,2025-26,Summary,of,Changes.pdf_p3_c4"
"S3_corrective_rag","V2Q004","paraphrased","supported","Category A (""minor error"") was removed, and Categories B?E became Categories 1?4.","3","0.9695","0.0191","UOL_Code,of,Practice,on,Assessment,and,Appendices,2025-26,Summary,of,Changes.pdf_p3_c4"
"S3_corrective_rag","V2Q004","paraphrased","supported","Self-plagiarism: A new offense called ""self-plagiarism/re-use of work"" was introduced, defined as reusing one?s own submitted work without acknowledgment.","3","0.7657","0.0387","UOL_Code,of,Practice,on,Assessment,and,Appendices,2025-26,Summary,of,Changes.pdf_p3_c4"
"S3_corrective_rag","V2Q004","paraphrased","supported","Personal extenuating circumstances (PECs): PECs cannot excuse academic misconduct but may mitigate penalties for Categories 2, 3, or 4 offenses if accepted under the Additional Considerations Policy.","3","0.978","0.042","UOL_Code,of,Practice,on,Assessment,and,Appendices,2025-26,Summary,of,Changes.pdf_p3_c4"
"S3_corrective_rag","V2Q004","paraphrased","unsupported","These changes are detailed in Evidence.","3","0.0037","0.0037","UOL_undergraduate_handbook.pdf_p36_c9"
"S3_corrective_rag","V2Q005","adversarial_false_premise","unsupported","I cannot answer this question reliably from the available University documents.","","0.4345","0.4248","UOL_postgraduate_handbook.pdf_p34_c1"
"S3_corrective_rag","V2Q005","adversarial_false_premise","unsupported","The retrieved evidence does not adequately support a complete answer: 2 claim(s) in the draft answer were contradicted by the retrieved evidence.","","0.2343","0.3146","UOL_undergraduate_handbook.pdf_p38_c3"
"S3_corrective_rag","V2Q005","adversarial_false_premise","contradicted","Please consult the relevant policy document directly, or contact Student Services for authoritative guidance.","","0.1879","0.962","UOL_postgraduate_handbook.pdf_p34_c1"
"S3_corrective_rag","V2Q006","factual","supported","The expected participation from students involved in a student-conduct investigation includes fully engaging with the procedure, which entails attending investigation meetings, agreeing to meeting notes or statements, and participating in University Disciplinary Panels when required.","1","0.879","0.0138","UOL_student_conduct1.pdf_p12_c3"
"S3_corrective_rag","V2Q006","factual","supported","Both reporting and responding students, as well as witnesses, are expected to engage fully in this process.","2","0.9906","0.0063","UOL_student_conduct1.pdf_p12_c2"
"S3_corrective_rag","V2Q006","factual","supported","Failure to participate may result in the investigation being closed.","1","0.9813","0.1278","UOL_student_conduct1.pdf_p12_c3"
"S3_corrective_rag","V2Q007","factual","supported","A student can be escalated to Stage Two under the Attendance Policy if their absence extends to eight consecutive unauthorised missed contact points.","1 2","0.9978","0.9773","UOL_StudentAttendancePolicy-REVISEDJUL2025,v1.3.pdf_p7_c1"
"S3_corrective_rag","V2Q008","procedural","unsupported","After a student is notified that programme-fee payments remain outstanding, the University will give them 5 working days to settle the outstanding balance.","1","0.3794","0.1306","UOL_payment_policy_2026,2027.pdf_p7_c3"
"S3_corrective_rag","V2Q008","procedural","supported","If the student fails to pay within this period, the University will apply academic sanctions as prescribed in section 7.1, which include restricting access to services such as Library services, MWS account (and all University IT facilities), Graduate Document Portal, and the ability to request secure documents.","5","0.849","0.0307","UOL_payment_policy_2026,2027.pdf_p7_c2"
"S3_corrective_rag","V2Q008","procedural","supported","These sanctions will remain in place until the student settles the debt or establishes a suitable payment arrangement.","5","0.9478","0.0142","UOL_payment_policy_2026,2027.pdf_p7_c2"
"S3_corrective_rag","V2Q009","paraphrased","supported","The responding student normally has 7 working days to reply after receiving the investigation report and allegations before Chair's Action.","1","0.9871","0.1989","UOL_student_conduct1.pdf_p15_c4"
"S3_corrective_rag","V2Q011","adversarial_false_premise","unsupported","I cannot answer this question reliably from the available University documents.","","0.1173","0.017","UOL_student_conduct1.pdf_p28_c1"
"S3_corrective_rag","V2Q011","adversarial_false_premise","unsupported","The retrieved evidence does not adequately support a complete answer: 67% of the claims in the draft answer could not be verified against the retrieved evidence.","","0.0145","0.0058","UOL_student_conduct1.pdf_p28_c2"
"S3_corrective_rag","V2Q011","adversarial_false_premise","unsupported","Please consult the relevant policy document directly, or contact Student Services for authoritative guidance.","","0.084","0.0496","UOL_student_conduct1.pdf_p28_c2"
"S3_corrective_rag","V2Q012","adversarial_false_premise","contradicted","I cannot answer this question reliably from the available University documents.","","0.0624","0.619","UOL_postgraduate_handbook.pdf_p24_c3"
"S3_corrective_rag","V2Q012","adversarial_false_premise","contradicted","The retrieved evidence does not adequately support a complete answer: 50% of the claims in the draft answer could not be verified against the retrieved evidence.","","0.1385","0.9084","UOL_postgraduate_handbook.pdf_p23_c3"
"S3_corrective_rag","V2Q012","adversarial_false_premise","contradicted","Please consult the relevant policy document directly, or contact Student Services for authoritative guidance.","","0.0988","0.8566","UOL_postgraduate_handbook.pdf_p23_c6"
"S3_corrective_rag","V2Q013","factual","unsupported","I cannot answer this question reliably from the available University documents.","","0.2173","0.0838","UOL_student_conduct2.pdf_p2_c2"
"S3_corrective_rag","V2Q013","factual","supported_uncited","The retrieved evidence does not adequately support a complete answer: 1 claim(s) in the draft answer were contradicted by the retrieved evidence.","","0.7992","0.0128","UOL_student_conduct2.pdf_p5_c1"
"S3_corrective_rag","V2Q013","factual","unsupported","Please consult the relevant policy document directly, or contact Student Services for authoritative guidance.","","0.3956","0.043","UOL_student_conduct2.pdf_p5_c1"
"S3_corrective_rag","V2Q014","factual","unsupported","I cannot answer this question reliably from the available University documents.","","0.4505","0.0144","UOL_extenuating_circumstances_policy.pdf_p10_c3"
"S3_corrective_rag","V2Q014","factual","unsupported","The retrieved evidence does not adequately support a complete answer: 1 claim(s) in the draft answer were contradicted by the retrieved evidence.","","0.0512","0.0089","UOL_extenuating_circumstances_policy.pdf_p16_c6"
"S3_corrective_rag","V2Q014","factual","unsupported","Please consult the relevant policy document directly, or contact Student Services for authoritative guidance.","","0.0964","0.0239","UOL_extenuating_circumstances_policy.pdf_p16_c6"
"S3_corrective_rag","V2Q015","adversarial_false_premise","unsupported","I cannot answer this question reliably from the available University documents.","","0.2273","0.1642","UOL_postgraduate_handbook.pdf_p33_c5"
"S3_corrective_rag","V2Q015","adversarial_false_premise","unsupported","The retrieved evidence does not adequately support a complete answer: 1 claim(s) in the draft answer were contradicted by the retrieved evidence.","","0.3507","0.4854","UOL_postgraduate_handbook.pdf_p33_c5"
"S3_corrective_rag","V2Q015","adversarial_false_premise","contradicted","Please consult the relevant policy document directly, or contact Student Services for authoritative guidance.","","0.3713","0.9478","UOL_postgraduate_handbook.pdf_p33_c5"
"S3_corrective_rag","V2Q016","factual","unsupported","I cannot answer this question reliably from the available University documents.","","0.0268","0.0365","UOL_StudentAttendancePolicy-REVISEDJUL2025,v1.3.pdf_p2_c3"
"S3_corrective_rag","V2Q016","factual","unsupported","The retrieved evidence does not adequately support a complete answer: 50% of the claims in the draft answer could not be verified against the retrieved evidence.","","0.0728","0.2481","UOL_StudentAttendancePolicy-REVISEDJUL2025,v1.3.pdf_p2_c3"
"S3_corrective_rag","V2Q016","factual","unsupported","Please consult the relevant policy document directly, or contact Student Services for authoritative guidance.","","0.0421","0.1243","UOL_StudentAttendancePolicy-REVISEDJUL2025,v1.3.pdf_p2_c3"
"S3_corrective_rag","V2Q017","procedural","unsupported","I cannot answer this question reliably from the available University documents.","","0.0789","0.0528","UOL_undergraduate_handbook.pdf_p40_c6"
"S3_corrective_rag","V2Q017","procedural","unsupported","The retrieved evidence does not adequately support a complete answer: 1 claim(s) in the draft answer were contradicted by the retrieved evidence.","","0.4071","0.02","UOL_student_conduct2.pdf_p3_c4"
"S3_corrective_rag","V2Q017","procedural","unsupported","Please consult the relevant policy document directly, or contact Student Services for authoritative guidance.","","0.1549","0.1086","UOL_student_conduct2.pdf_p3_c1"
"S3_corrective_rag","V2Q018","paraphrased","supported","A taught student should submit a formal complaint about an academic matter to the relevant Dean of School/Institute or their equivalent via the relevant School/Institute Manager.","1","0.9584","0.4926","UOL_Student,Complaints,Policy,and,Procedure.pdf_p12_c2"
"S3_corrective_rag","V2Q020","paraphrased","unsupported","I cannot answer this question reliably from the available University documents.","","0.0059","0.0052","UOL_extenuating_circumstances_policy.pdf_p13_c2"
"S3_corrective_rag","V2Q020","paraphrased","unsupported","The retrieved evidence does not adequately support a complete answer: 50% of the claims in the draft answer could not be verified against the retrieved evidence.","","0.0151","0.0093","UOL_extenuating_circumstances_policy.pdf_p15_c3"
"S3_corrective_rag","V2Q020","paraphrased","unsupported","Please consult the relevant policy document directly, or contact Student Services for authoritative guidance.","","0.0802","0.0454","UOL_extenuating_circumstances_policy.pdf_p15_c3"
"S3_corrective_rag","V2Q021","factual","unsupported","I cannot answer this question reliably from the available University documents.","","0.0837","0.016","UOL_UKVI_complience.pdf_p9_c2"
"S3_corrective_rag","V2Q021","factual","supported_uncited","The retrieved evidence does not adequately support a complete answer: 1 claim(s) in the draft answer were contradicted by the retrieved evidence.","","0.5772","0.0303","UOL_UKVI_complience.pdf_p13_c6"
"S3_corrective_rag","V2Q021","factual","unsupported","Please consult the relevant policy document directly, or contact Student Services for authoritative guidance.","","0.2453","0.1343","UOL_UKVI_complience.pdf_p13_c6"
"S3_corrective_rag","V2Q022","paraphrased","nei","The protections for a student making a complaint in good faith include:","","0.0","0.0",""
"S3_corrective_rag","V2Q022","paraphrased","supported","The University will act fairly and reasonably in all circumstances.","1","0.9902","0.1215","UOL_Student,Complaints,Policy,and,Procedure.pdf_p6_c1"
"S3_corrective_rag","V2Q022","paraphrased","supported","The University will not disadvantage or recriminate the complainant for making a good faith complaint.","1","0.9984","0.108","UOL_Student,Complaints,Policy,and,Procedure.pdf_p9_c2"
"S3_corrective_rag","V2Q022","paraphrased","supported","Students will be treated fairly and consistently, and will not suffer disadvantage or recrimination as a result of a good faith complaint.","2","0.9967","0.5113","UOL_Student,Complaints,Policy,and,Procedure.pdf_p9_c2"
"S3_corrective_rag","V2Q022","paraphrased","nei","The responsibility for a student making a complaint in good faith is:","","0.0","0.0",""
"S3_corrective_rag","V2Q022","paraphrased","supported","Students are expected not to make a vexatious, frivolous, or malicious complaint; if a complaint is adjudged to be such, disciplinary action may be taken against the complainant.","2","0.986","0.0176","UOL_Student,Complaints,Policy,and,Procedure.pdf_p9_c2"
"S3_corrective_rag","V2Q022","paraphrased","supported","These points are derived from the key principles and expectations outlined in the Student Complaints Policy and Procedure.","1 2","0.8603","0.0104","UOL_Student,Complaints,Policy,and,Procedure.pdf_p9_c2"
"S3_corrective_rag","V2Q023","adversarial_false_premise","supported_uncited","The assumption that a complaint reviewer must always meet or correspond with the student throughout the review is incorrect.","","0.9958","0.0119","UOL_Student,Complaints,Policy,and,Procedure.pdf_p17_c3"
"S3_corrective_rag","V2Q023","adversarial_false_premise","supported","Evidence states: ""The Reviewer will not normally correspond with or meet with the student during the course of their Review.","1","0.9858","0.0297","UOL_Student,Complaints,Policy,and,Procedure.pdf_p17_c3"
"S3_corrective_rag","V2Q023","adversarial_false_premise","supported","The exception to this is where it is necessary to correspond to set deadlines for receipt of additional information."" Evidence similarly clarifies: ""The Reviewer will not normally correspond..."" Thus, meetings or correspondence are not required unless specific circumstances (e.g., deadlines) arise.","1 2","0.9335","0.0892","UOL_Student,Complaints,Policy,and,Procedure.pdf_p17_c2"
"S3_corrective_rag","V2Q023","adversarial_false_premise","unsupported","The question?s assumption is false.","","0.3224","0.3296","UOL_Student,Complaints,Policy,and,Procedure.pdf_p17_c2"
"S3_corrective_rag","V2Q024","factual","supported","The Student Route visa holder who reaches Stage Three and fails to meet the agreed re-engagement conditions must be referred to the UKVI Attendance Compliance Panel.","1","0.9936","0.0757","UOL_StudentAttendancePolicy-REVISEDJUL2025,v1.3.pdf_p9_c5"
"S3_corrective_rag","V2Q024","factual","supported","This referral is required within ten working days, and the student is not obligated to attend unless specifically invited.","1","0.9904","0.0159","UOL_StudentAttendancePolicy-REVISEDJUL2025,v1.3.pdf_p9_c5"
"S3_corrective_rag","V2Q025","factual","unsupported","The Undergraduate Handbook recommends the following basic security precautions: 1.","","0.0129","0.0012","UOL_undergraduate_handbook.pdf_p13_c9"
"S3_corrective_rag","V2Q025","factual","supported","Reporting any security concerns immediately to the necessary personnel.","1","0.9813","0.0011","UOL_undergraduate_handbook.pdf_p13_c9"
"S3_corrective_rag","V2Q025","factual","supported","Making the University?s security arrangements, which may involve contacting on-site halls staff or external security.","1","0.9911","0.0011","UOL_undergraduate_handbook.pdf_p13_c9"
"S3_corrective_rag","V2Q025","factual","supported","Using the emergency number to ensure the security of belongings and organize immediate assistance in an emergency.","1","0.9943","0.0004","UOL_undergraduate_handbook.pdf_p13_c9"
"S3_corrective_rag","V2Q025","factual","supported","Utilizing the two-way radio system between the office building and outside security staff for rapid response.","1","0.988","0.0011","UOL_undergraduate_handbook.pdf_p13_c9"
"S3_corrective_rag","V2Q025","factual","unsupported","These measures are explicitly outlined in the evidence provided.","","0.0018","0.0015","UOL_undergraduate_handbook.pdf_p13_c9"
"S3_corrective_rag","V2Q027","paraphrased","supported","The purpose of the Stage Two attendance meeting is to discuss the student's absence in detail and collaboratively develop an action plan to address any academic or pastoral support needs, with the expectation that the student will resume attendance on their programme as soon as possible after agreeing to the plan.","1 2","0.9949","0.8996","UOL_StudentAttendancePolicy-REVISEDJUL2025,v1.3.pdf_p7_c2"
"S3_corrective_rag","V2Q029","paraphrased","supported","The University undertakes an annual risk-based review of all outstanding programme fee debts, and the results of this review inform its decision-making before applying academic sanctions.","1","0.9621","0.0057","UOL_payment_policy_2026,2027.pdf_p7_c5"
"S3_corrective_rag","V2Q030","procedural","supported","The University offers the University Hardship Fund for students experiencing financial hardship.","1 2","0.8814","0.0113","UOL_undergraduate_handbook.pdf_p19_c2"
"S3_corrective_rag","V2Q030","procedural","unsupported","Students can also contact Money Advice and Guidance, Student Fees and Funding Office, or International Advice and Guidance for specific support.","3 4","0.0082","0.0057","UOL_payment_policy_2026,2027.pdf_p10_c2"
"S3_corrective_rag","V2Q030","procedural","supported","Additionally, academic Schools/Departments may provide discretionary financial help.","1 2","0.5064","0.0218","UOL_undergraduate_handbook.pdf_p19_c2"
"S3_corrective_rag","V2Q031","factual","supported","The degree classification is primarily determined by the Board of Examiners, who assess the student's performance based on marks for levels 4 and 5, as stated in.","2","0.5851","0.6148","UOL_undergraduate_handbook.pdf_p28_c8"
"S3_corrective_rag","V2Q031","factual","supported_uncited","This process supersedes earlier marks and considers re-assessment under specific circumstances.","","0.99","0.042","UOL_undergraduate_handbook.pdf_p28_c8"
"S3_corrective_rag","V2Q032","factual","supported_uncited","The factors considered when deciding whether conduct has the effect required for harassment are: 1.","","0.9845","0.0469","UOL_diversity-equality-opportunity-policy.pdf_p23_c1"
"S3_corrective_rag","V2Q032","factual","supported","The perception of the person (e.g., whether they regarded the conduct as violating their dignity).","1","0.9661","0.332","UOL_diversity-equality-opportunity-policy.pdf_p23_c1"
"S3_corrective_rag","V2Q032","factual","supported","The other circumstances of the incident (e.g., personal circumstances, environment, or situation).","1","0.9724","0.0865","UOL_diversity-equality-opportunity-policy.pdf_p23_c1"
"S3_corrective_rag","V2Q032","factual","supported","Whether it is reasonable for the conduct to have that effect (an objective test, such as whether a normal person would expect the incident to be harassment).","1","0.992","0.1921","UOL_diversity-equality-opportunity-policy.pdf_p23_c1"
"S3_corrective_rag","V2Q033","paraphrased","supported_uncited","An international student might need a new or updated ATAS certificate in the following situations: 1.","","0.9837","0.1826","UOL_UKVI_complience.pdf_p12_c4"
"S3_corrective_rag","V2Q033","paraphrased","supported","If they extend their studies or research for more than three months on an ATAS-applicable programme.","1","0.8929","0.3744","UOL_UKVI_complience.pdf_p12_c4"
"S3_corrective_rag","V2Q033","paraphrased","supported","If they transfer to a new programme of study or change their research discipline to a subject area requiring ATAS clearance.","2","0.9122","0.7791","UOL_UKVI_complience.pdf_p12_c3"
"S3_corrective_rag","V2Q033","paraphrased","supported_uncited","These requirements ensure the ATAS certificate matches the student?s current programme and visa conditions.","","0.8577","0.0385","UOL_UKVI_complience.pdf_p12_c3"
"S3_corrective_rag","V2Q034","procedural","supported","Schools or Institutes are expected to ensure that assessment arrangements are rigorous, fair, and fairly operated, in line with institutional regulations.","1","0.9325","0.0043","UOL_postgraduate_handbook.pdf_p27_c3"
"S3_corrective_rag","V2Q035","reasoning","supported_uncited","The new mark from a re-assessment treated as an uncapped first attempt replaces the original mark and is the sole mark considered for progression or final degree classification.","","0.8386","0.2964","UOL_extenuating_circumstances_policy.pdf_p15_c5"
"S3_corrective_rag","V2Q035","reasoning","supported_uncited","This is because the re-assessment is treated as a 'first attempt'.","1 2 3","0.5751","0.4329","UOL_undergraduate_handbook.pdf_p28_c9"
"S3_corrective_rag","V2Q035","reasoning","supported_uncited","The Board of Examiners will not factor in the original claim or prior marks in such cases.","","0.9778","0.0629","UOL_extenuating_circumstances_policy.pdf_p15_c4"
"S3_corrective_rag","V2Q036","paraphrased","supported","The University's equality policy defines harassment as unwanted conduct related to a protected characteristic (such as age, disability, gender reassignment, race, religion or belief, sex, or sexual orientation) or of a sexual nature, which violates a person?s dignity or creates an intimidating, hostile, degrading, humiliating, or offensive environment.","2 5","0.8918","0.925","UOL_diversity-equality-opportunity-policy.pdf_p20_c3"
"S3_corrective_rag","V2Q036","paraphrased","supported","Additionally, harassment may occur even if the victim does not share the protected characteristic, such as when they are associated with someone who does, are wrongly assumed to have it, or are targeted due to not having it.","4","0.5207","0.0274","UOL_diversity-equality-opportunity-policy.pdf_p22_c1"
"S3_corrective_rag","V2Q036","paraphrased","supported","This includes behaviors like ageism, disability-related harassment, homophobia, racism, sexism, or transphobia.","4","0.9673","0.0951","UOL_diversity-equality-opportunity-policy.pdf_p22_c1"
"S3_corrective_rag","V2Q038","reasoning","unsupported","The Postgraduate Handbook advises students to use the correct academic regulations and codes for their cohort and degree because these regulations and codes are tailored to specific programs and cohorts, ensuring compliance with the latest requirements.","","0.161","0.1501","UOL_postgraduate_handbook.pdf_p22_c7"
"S3_corrective_rag","V2Q038","reasoning","supported","This is explicitly stated in, which emphasizes that regulations and codes of practice are subject to changes, particularly relevant to postgraduate programs, and that a Master?s degree provides a framework specific to the student?s cohort and degree type.","1","0.9636","0.0653","UOL_postgraduate_handbook.pdf_p22_c7"
"S3_corrective_rag","V2Q038","reasoning","supported","Additionally, highlights that information in the handbook varies by cohort, and students must follow the correct version to avoid conflicts with school/institute-specific guidance.","2","0.9725","0.0486","UOL_postgraduate_handbook.pdf_p4_c1"
"S3_corrective_rag","V2Q038","reasoning","supported","Thus, using the correct regulations ensures alignment with the current academic standards and requirements for their specific program and cohort.","1 2","0.8421","0.0198","UOL_postgraduate_handbook.pdf_p22_c7"
"S3_corrective_rag","V2Q039","paraphrased","unsupported","I cannot answer this question reliably from the available University documents.","","0.0724","0.014","UOL_payment_policy_2026,2027.pdf_p4_c4"
"S3_corrective_rag","V2Q039","paraphrased","unsupported","The retrieved evidence does not adequately support a complete answer: 50% of the claims in the draft answer could not be verified against the retrieved evidence.","","0.0724","0.0062","UOL_payment_policy_2026,2027.pdf_p4_c4"
"S3_corrective_rag","V2Q039","paraphrased","unsupported","Please consult the relevant policy document directly, or contact Student Services for authoritative guidance.","","0.4585","0.104","UOL_payment_policy_2026,2027.pdf_p4_c4"
"S3_corrective_rag","V2Q040","factual","supported_uncited","Yes, complaints about harassment or sexual misconduct can be handled under policies other than the Student Complaints Policy.","","0.9897","0.2104","UOL_Student,Complaints,Policy,and,Procedure.pdf_p2_c3"
"S3_corrective_rag","V2Q040","factual","supported","For example, complaints by students against staff may be considered under the Bullying and Harassment Policy or Staff Disciplinary Procedures.","1","0.9924","0.2546","UOL_Student,Complaints,Policy,and,Procedure.pdf_p9_c1"
"S3_corrective_rag","V2Q040","factual","supported","Additionally, complaints related to harassment or sexual misconduct (including staff towards students or students towards students) may be dealt with via relevant policies such as the Bullying and Harassment Policy or Staff Disciplinary Policy.","3","0.9874","0.2977","UOL_Student,Complaints,Policy,and,Procedure.pdf_p2_c3"
"S3_corrective_rag","V2Q041","factual","supported","If accepted extenuating circumstances affect an undergraduate student's final-year performance but enough assessed work exists to determine an award, the Extenuating Circumstances Committee will decide whether to recommend an award (including the class of the award) based on the available assessed work.","1","0.9649","0.109","UOL_extenuating_circumstances_policy.pdf_p13_c5"
"S3_corrective_rag","V2Q041","factual","supported_uncited","The student may then be offered the option to either accept that award or re-take/re-sit the missed/affected assessments as a ?first attempt?.","1","0.9562","0.0753","UOL_undergraduate_handbook.pdf_p30_c2"
"S3_corrective_rag","V2Q041","factual","supported","Additionally, in exceptional circumstances, the committee may recommend an award despite failed assessments if sufficient work exists.","5","0.7902","0.1401","UOL_extenuating_circumstances_policy.pdf_p14_c5"
"S3_corrective_rag","V2Q041","factual","unsupported","This corrects the false assumption that extenuating circumstances automatically prevent an award if some assessments are affected.","","0.417","0.0072","UOL_extenuating_circumstances_policy.pdf_p13_c5"
"S3_corrective_rag","V2Q042","factual","unsupported","I cannot answer this question reliably from the available University documents.","","0.1647","0.073","UOL_undergraduate_handbook.pdf_p39_c5"
"S3_corrective_rag","V2Q042","factual","supported_uncited","The retrieved evidence does not adequately support a complete answer: 1 claim(s) in the draft answer were contradicted by the retrieved evidence.","","0.8482","0.0597","UOL_student_conduct2.pdf_p10_c1"
"S3_corrective_rag","V2Q042","factual","contradicted","Please consult the relevant policy document directly, or contact Student Services for authoritative guidance.","","0.0979","0.8939","UOL_undergraduate_handbook.pdf_p39_c8"
"S3_corrective_rag","V2Q043","procedural","supported_uncited","During a Master's dissertation or PhD writing-up period, a Student visa holder must treat this time as term time.","","0.9955","0.0015","UOL_student_guide_visa_holders.pdf_p2_c4"
"S3_corrective_rag","V2Q043","procedural","supported","This means they should not plan to work more than 20 hours per week and must remain living in the Liverpool area.","1","0.9961","0.0014","UOL_student_guide_visa_holders.pdf_p2_c4"
"S3_corrective_rag","V2Q044","reasoning","supported","Yes, the University can start a student-conduct investigation from an anonymous report if there is evidence to support a potential breach of the policy, such as CCTV footage or social media posts.","1","0.9657","0.3001","UOL_student_conduct1.pdf_p3_c3"
"S3_corrective_rag","V2Q045","paraphrased","supported","When an international student's personal contact details change, they must inform the University via completion of the relevant online portal as soon as it is reasonable and practicable to do so.","1","0.9808","0.1094","UOL_UKVI_complience.pdf_p14_c1"
"S3_corrective_rag","V2Q046","factual","nei","The student can contact the Student Administration Centre via the following methods:","","0.0","0.0",""
"S3_corrective_rag","V2Q046","factual","nei","Live Chat: liverpool.service-now.com/sas","1","0.0","0.0",""
"S3_corrective_rag","V2Q046","factual","nei","Phone: 0151 7946758","1","0.0","0.0",""
"S3_corrective_rag","V2Q048","factual","contradicted","I cannot answer this question reliably from the available University documents.","","0.7817","0.8811","UOL_UKVI_complience.pdf_p2_c3"
"S3_corrective_rag","V2Q048","factual","unsupported","The retrieved evidence does not adequately support a complete answer: 3 claim(s) in the draft answer were contradicted by the retrieved evidence.","","0.3754","0.1038","UOL_undergraduate_handbook.pdf_p20_c3"
"S3_corrective_rag","V2Q048","factual","supported_uncited","Please consult the relevant policy document directly, or contact Student Services for authoritative guidance.","","0.9502","0.373","UOL_UKVI_complience.pdf_p14_c3"
"S3_corrective_rag","V2Q049","factual","supported_uncited","I cannot answer this question reliably from the available University documents.","","0.684","0.1209","UOL_student_guide_visa_holders.pdf_p5_c2"
"S3_corrective_rag","V2Q049","factual","supported_uncited","The retrieved evidence does not adequately support a complete answer: 1 claim(s) in the draft answer were contradicted by the retrieved evidence.","","0.9453","0.0091","UOL_student_guide_visa_holders.pdf_p5_c2"
"S3_corrective_rag","V2Q049","factual","supported_uncited","Please consult the relevant policy document directly, or contact Student Services for authoritative guidance.","","0.8302","0.0217","UOL_student_guide_visa_holders.pdf_p5_c2"
"S3_corrective_rag","V2Q050","reasoning","unsupported","I cannot answer this question reliably from the available University documents.","","0.4507","0.1019","UOL_postgraduate_handbook.pdf_p38_c5"
"S3_corrective_rag","V2Q050","reasoning","unsupported","The retrieved evidence does not adequately support a complete answer: 67% of the claims in the draft answer could not be verified against the retrieved evidence.","","0.1349","0.0306","UOL_postgraduate_handbook.pdf_p38_c5"
"S3_corrective_rag","V2Q050","reasoning","unsupported","Please consult the relevant policy document directly, or contact Student Services for authoritative guidance.","","0.1015","0.2672","UOL_postgraduate_handbook.pdf_p38_c5"
"S3_corrective_rag","V2Q051","procedural","contradicted","I cannot answer this question reliably from the available University documents.","","0.3011","0.5674","UOL_student_guide_visa_holders.pdf_p10_c4"
"S3_corrective_rag","V2Q051","procedural","supported_uncited","The retrieved evidence does not adequately support a complete answer: 2 claim(s) in the draft answer were contradicted by the retrieved evidence.","","0.8463","0.0369","UOL_student_guide_visa_holders.pdf_p10_c4"
"S3_corrective_rag","V2Q051","procedural","contradicted","Please consult the relevant policy document directly, or contact Student Services for authoritative guidance.","","0.1529","0.5069","UOL_student_guide_visa_holders.pdf_p3_c1"
"S3_corrective_rag","V2Q052","paraphrased","unsupported","I cannot answer this question reliably from the available University documents.","","0.0831","0.0197","UOL_postgraduate_handbook.pdf_p14_c8"
"S3_corrective_rag","V2Q052","paraphrased","unsupported","The retrieved evidence does not adequately support a complete answer: 100% of the claims in the draft answer could not be verified against the retrieved evidence.","","0.0069","0.0042","UOL_postgraduate_handbook.pdf_p14_c8"
"S3_corrective_rag","V2Q052","paraphrased","unsupported","Please consult the relevant policy document directly, or contact Student Services for authoritative guidance.","","0.0138","0.0052","UOL_postgraduate_handbook.pdf_p14_c8"
"S3_corrective_rag","V2Q053","reasoning","supported_uncited","The importance of notifying the School before a missed examination or assessment lies in the requirement to authorize the absence for it to be considered under extenuating circumstances.","","0.9893","0.1279","UOL_extenuating_circumstances_policy.pdf_p3_c3"
"S3_corrective_rag","V2Q053","reasoning","supported","According to, if you are unable to attend due to illness or unavoidable circumstances, you must inform your department/school before","3","0.9974","0.8564","UOL_extenuating_circumstances_policy.pdf_p4_c2"
"S3_corrective_rag","V2Q053","reasoning","supported_uncited","the examination or assessment occurs, preferably in writing or by email.","","0.7285","0.0858","UOL_extenuating_circumstances_policy.pdf_p3_c3"
"S3_corrective_rag","V2Q053","reasoning","supported_uncited","This prior notification is critical because it allows the School to formally recognize the absence as authorized, which is a prerequisite for the Extenuating Circumstances Committee to evaluate the claim.","","0.852","0.0048","UOL_extenuating_circumstances_policy.pdf_p3_c3"
"S3_corrective_rag","V2Q053","reasoning","unsupported","Without this step, the absence may not be deemed valid, undermining the claim?s credibility.","","0.1877","0.0582","UOL_extenuating_circumstances_policy.pdf_p3_c3"
"S3_corrective_rag","V2Q054","procedural","nei","The records that should be retained or sent to the Student Conduct Team after a local conduct investigation include:","","0.0","0.0",""
"S3_corrective_rag","V2Q054","procedural","supported","Copies of the investigation notes, evidence, and outcome letters must be sent to the Student Conduct Team to maintain a central record of disciplinary action.","2 5","0.9945","0.96","UOL_student_conduct1.pdf_p6_c4"
"S3_corrective_rag","V2Q054","procedural","supported","Records should be retained for six years after the student has left the University.","1","0.8377","0.9465","UOL_student_conduct1.pdf_p7_c2"
"S3_corrective_rag","V2Q054","procedural","supported_uncited","These requirements ensure proper documentation and compliance with University procedures.","","0.9399","0.0056","UOL_student_conduct1.pdf_p8_c3"
"S3_corrective_rag","V2Q055","paraphrased","unsupported","I cannot answer this question reliably from the available University documents.","","0.4726","0.0644","UOL_postgraduate_handbook.pdf_p14_c1"
"S3_corrective_rag","V2Q055","paraphrased","unsupported","The retrieved evidence does not adequately support a complete answer: 100% of the claims in the draft answer could not be verified against the retrieved evidence.","","0.0609","0.0438","UOL_postgraduate_handbook.pdf_p14_c7"
"S3_corrective_rag","V2Q055","paraphrased","unsupported","Please consult the relevant policy document directly, or contact Student Services for authoritative guidance.","","0.205","0.4796","UOL_postgraduate_handbook.pdf_p14_c7"
"S3_corrective_rag","V2Q056","reasoning","unsupported","I cannot answer this question reliably from the available University documents.","","0.1982","0.0084","UOL_student_conduct2.pdf_p10_c3"
"S3_corrective_rag","V2Q056","reasoning","unsupported","The retrieved evidence does not adequately support a complete answer: 100% of the claims in the draft answer could not be verified against the retrieved evidence.","","0.0976","0.0383","UOL_student_conduct2.pdf_p10_c3"
"S3_corrective_rag","V2Q056","reasoning","unsupported","Please consult the relevant policy document directly, or contact Student Services for authoritative guidance.","","0.171","0.0403","UOL_student_conduct2.pdf_p10_c3"
"S3_corrective_rag","V2Q058","factual","unsupported","I cannot answer this question reliably from the available University documents.","","0.0188","0.0083","UOL_undergraduate_handbook.pdf_p42_c1"
"S3_corrective_rag","V2Q058","factual","unsupported","The retrieved evidence does not adequately support a complete answer: 100% of the claims in the draft answer could not be verified against the retrieved evidence.","","0.0164","0.0162","UOL_undergraduate_handbook.pdf_p42_c1"
"S3_corrective_rag","V2Q058","factual","unsupported","Please consult the relevant policy document directly, or contact Student Services for authoritative guidance.","","0.0386","0.0417","UOL_undergraduate_handbook.pdf_p42_c1"
"S3_corrective_rag","V2Q059","paraphrased","supported","A concern should move from Early Resolution to the Formal Complaint stage if the issue requires an investigation, as specified in Evidence(h).","1","0.6906","0.7459","UOL_Student,Complaints,Policy,and,Procedure.pdf_p12_c1"
"S3_corrective_rag","V2Q059","paraphrased","supported_uncited","This indicates that low-level concerns are handled informally under Early Resolution, but higher-level issues necessitating formal investigation must be escalated.","","0.9944","0.1303","UOL_Student,Complaints,Policy,and,Procedure.pdf_p12_c1"
"S3_corrective_rag","V2Q060","factual","supported_uncited","The reassessment opportunity available to an undergraduate student who fails up to 30 credits in the final year but still achieves an honours-level average is explicitly stated in evidence.","4","0.7075","0.0404","UOL_undergraduate_handbook.pdf_p31_c3"
"S3_corrective_rag","V2Q060","factual","supported_uncited","According to this evidence, such students ""will be allowed re-assessment of the failed modules"" if their overall average results in a classified honours degree.","","0.9852","0.2363","UOL_undergraduate_handbook.pdf_p31_c3"
"S3_corrective_rag","V2Q060","factual","supported","Answer: Students failing up to 30 credits in the final year but achieving an honours-level average may be allowed re-assessment of the failed modules.","4","0.9481","0.0425","UOL_undergraduate_handbook.pdf_p30_c9"
"S3_corrective_rag","V2Q061","factual","unsupported","I cannot answer this question reliably from the available University documents.","","0.0053","0.0078","UOL_Code,of,Practice,on,Assessment,and,Appendices,2025-26,Summary,of,Changes.pdf_p4_c1"
"S3_corrective_rag","V2Q061","factual","contradicted","The retrieved evidence does not adequately support a complete answer: 1 claim(s) in the draft answer were contradicted by the retrieved evidence.","","0.239","0.6661","UOL_postgraduate_handbook.pdf_p31_c8"
"S3_corrective_rag","V2Q061","factual","contradicted","Please consult the relevant policy document directly, or contact Student Services for authoritative guidance.","","0.0055","0.9814","UOL_Code,of,Practice,on,Assessment,and,Appendices,2025-26,Summary,of,Changes.pdf_p4_c1"
"S3_corrective_rag","V2Q062","procedural","supported_uncited","The tuition-fee deposit for a self-funding student should be deducted from the first payment instalment when they pay the remaining programme fee.","","0.541","0.4242","UOL_payment_policy_2026,2027.pdf_p5_c4"
"S3_corrective_rag","V2Q062","procedural","supported","This is specified in, which states that for self-funding students paying in instalments (as per sections 4.5?4.7), the deposit is deducted from the first instalment, not the overall fee amount.","1","0.9642","0.3075","UOL_payment_policy_2026,2027.pdf_p5_c4"
"S3_corrective_rag","V2Q063","reasoning","contradicted","I cannot answer this question reliably from the available University documents.","","0.1079","0.8778","UOL_postgraduate_handbook.pdf_p24_c2"
"S3_corrective_rag","V2Q063","reasoning","contradicted","The retrieved evidence does not adequately support a complete answer: 2 claim(s) in the draft answer were contradicted by the retrieved evidence.","","0.5911","0.9168","UOL_postgraduate_handbook.pdf_p24_c2"
"S3_corrective_rag","V2Q063","reasoning","contradicted","Please consult the relevant policy document directly, or contact Student Services for authoritative guidance.","","0.4414","0.9896","UOL_postgraduate_handbook.pdf_p24_c2"
"S3_corrective_rag","V2Q064","paraphrased","supported_uncited","The University recalculates programme fees when a student does not register, leaves, or interrupts their study during the academic session, as stated in the Payment Policy 2026-27.","1","0.5106","0.4983","UOL_student_guide_visa_holders.pdf_p5_c2"
"S3_corrective_rag","V2Q064","paraphrased","supported_uncited","This recalculation occurs to adjust the fee liability based on the student's status change, though no refund is provided for fees already charged during the session.","","0.9402","0.0438","UOL_payment_policy_2026,2027.pdf_p6_c1"
"S3_corrective_rag","V2Q065","paraphrased","supported","The evidence normally required for a claim related to religious observance includes independent documentary evidence (e.g., a letter from a minister or religious leader) to demonstrate that there was a requirement to attend or participate in the observance and that the student could not attend on a different occasion without conflicting with studies or assessments.","1","0.9927","0.8121","UOL_extenuating_circumstances_policy.pdf_p10_c3"
"S3_corrective_rag","V2Q065","paraphrased","supported","Additionally, the University will not normally accept fasting as an extenuating circumstance.","1","0.8212","0.0172","UOL_extenuating_circumstances_policy.pdf_p10_c3"
"S3_corrective_rag","V2Q066","reasoning","unsupported","I cannot answer this question reliably from the available University documents.","","0.0404","0.0075","UOL_Student,Complaints,Policy,and,Procedure.pdf_p13_c1"
"S3_corrective_rag","V2Q066","reasoning","unsupported","The retrieved evidence does not adequately support a complete answer: 50% of the claims in the draft answer could not be verified against the retrieved evidence.","","0.0369","0.0117","UOL_Student,Complaints,Policy,and,Procedure.pdf_p16_c1"
"S3_corrective_rag","V2Q066","reasoning","unsupported","Please consult the relevant policy document directly, or contact Student Services for authoritative guidance.","","0.1569","0.0455","UOL_Student,Complaints,Policy,and,Procedure.pdf_p16_c1"
"S3_corrective_rag","V2Q068","factual","supported_uncited","If a student requests a late Review of a Formal Complaint outcome, they must submit a written request to the Director of Student Experience and Enhancement, including: 1.","","0.9634","0.0245","UOL_Student,Complaints,Policy,and,Procedure.pdf_p16_c2"
"S3_corrective_rag","V2Q068","factual","supported","The reason for the delay in submission.","2","0.9912","0.0463","UOL_Student,Complaints,Policy,and,Procedure.pdf_p16_c2"
"S3_corrective_rag","V2Q068","factual","supported","Any documentary evidence supporting the reason for the delay.","2","0.9943","0.0115","UOL_Student,Complaints,Policy,and,Procedure.pdf_p16_c2"
"S3_corrective_rag","V2Q068","factual","supported","Additionally, the request must include the completed Review pro-forma, the grounds for the Review, the nature of the complaint, and all prior correspondence from the Early Resolution or Formal Stage.","2","0.8818","0.0625","UOL_Student,Complaints,Policy,and,Procedure.pdf_p16_c2"
"S3_corrective_rag","V2Q069","paraphrased","supported","The University commits to stating that it wishes for the student to be granted permission to enter and remain in the UK to study at the University when it issues a CAS under its Student sponsor licence.","1","0.9925","0.7119","UOL_UKVI_complience.pdf_p3_c1"
"S3_corrective_rag","V2Q070","paraphrased","contradicted","I cannot answer this question reliably from the available University documents.","","0.4446","0.6491","UOL_payment_policy_2026,2027.pdf_p1_c4"
"S3_corrective_rag","V2Q070","paraphrased","unsupported","The retrieved evidence does not adequately support a complete answer: 3 claim(s) in the draft answer were contradicted by the retrieved evidence.","","0.0861","0.0042","UOL_payment_policy_2026,2027.pdf_p1_c4"
"S3_corrective_rag","V2Q070","paraphrased","unsupported","Please consult the relevant policy document directly, or contact Student Services for authoritative guidance.","","0.0734","0.0583","UOL_payment_policy_2026,2027.pdf_p1_c4"
"S3_corrective_rag","V2Q071","factual","supported","A graduate can apply for the Graduate Route visa after being successfully awarded an eligible qualification and after receiving confirmation from the University that a report has been.","1","0.8442","0.2897","UOL_student_guide_visa_holders.pdf_p11_c3"
"S3_corrective_rag","V2Q072","reasoning","supported","The Diversity and Equality of Opportunity Policy provides an overarching framework for the University?s approach to equality, and other equality-related policies and plans (such as the Athena Swan Action Plan, Race Equality Charter Action Plan, and various leave policies) are part of this framework.","1","0.9872","0.0187","UOL_diversity-equality-opportunity-policy.pdf_p30_c1"
"S3_corrective_rag","V2Q072","reasoning","supported","Additionally, the policy is underpinned by other institutional strategies and policies, with a full list available in Appendix D.","4","0.9904","0.0035","UOL_diversity-equality-opportunity-policy.pdf_p11_c1"
"S3_corrective_rag","V2Q073","adversarial_false_premise","unsupported","I cannot answer this question reliably from the available University documents.","","0.1429","0.0557","UOL_postgraduate_handbook.pdf_p36_c4"
"S3_corrective_rag","V2Q073","adversarial_false_premise","supported_uncited","The retrieved evidence does not adequately support a complete answer: 2 claim(s) in the draft answer were contradicted by the retrieved evidence.","","0.632","0.0198","UOL_postgraduate_handbook.pdf_p36_c1"
"S3_corrective_rag","V2Q073","adversarial_false_premise","unsupported","Please consult the relevant policy document directly, or contact Student Services for authoritative guidance.","","0.1803","0.1726","UOL_postgraduate_handbook.pdf_p36_c4"
"S3_corrective_rag","V2Q074","factual","unsupported","I cannot answer this question reliably from the available University documents.","","0.0179","0.0052","UOL_extenuating_circumstances_policy.pdf_p16_c6"
"S3_corrective_rag","V2Q074","factual","unsupported","The retrieved evidence does not adequately support a complete answer: 2 claim(s) in the draft answer were contradicted by the retrieved evidence.","","0.0562","0.0091","UOL_extenuating_circumstances_policy.pdf_p15_c2"
"S3_corrective_rag","V2Q074","factual","contradicted","Please consult the relevant policy document directly, or contact Student Services for authoritative guidance.","","0.0964","0.5226","UOL_extenuating_circumstances_policy.pdf_p16_c6"
"S3_corrective_rag","V2Q075","procedural","supported_uncited","When no independent documentary evidence is available, an extenuating-circumstances claim can be supported by evidence that the student alerted a university official (e.g., academic adviser, teaching support staff, or central support service) at the time of the difficulties.","","0.9986","0.0482","UOL_extenuating_circumstances_policy.pdf_p7_c2"
"S3_corrective_rag","V2Q075","procedural","unsupported","This is explicitly stated in, which emphasizes that such alerts may be required if independent evidence is lacking.","1","0.3877","0.0351","UOL_extenuating_circumstances_policy.pdf_p7_c2"
"S3_corrective_rag","V2Q075","procedural","supported","The committee may accept this as supporting evidence, though their discretion applies.","1","0.9743","0.0199","UOL_extenuating_circumstances_policy.pdf_p7_c2"
"S3_corrective_rag","V2Q076","reasoning","unsupported","I cannot answer this question reliably from the available University documents.","","0.2302","0.0911","UOL_student_conduct1.pdf_p12_c1"
"S3_corrective_rag","V2Q076","reasoning","unsupported","The retrieved evidence does not adequately support a complete answer: 1 claim(s) in the draft answer were contradicted by the retrieved evidence.","","0.018","0.0032","UOL_student_conduct1.pdf_p11_c5"
"S3_corrective_rag","V2Q076","reasoning","unsupported","Please consult the relevant policy document directly, or contact Student Services for authoritative guidance.","","0.0899","0.0661","UOL_student_conduct1.pdf_p18_c1"
"S3_corrective_rag","V2Q077","adversarial_false_premise","supported_uncited","I cannot answer this question reliably from the available University documents.","","0.7545","0.4693","UOL_UKVI_complience.pdf_p13_c3"
"S3_corrective_rag","V2Q077","adversarial_false_premise","contradicted","The retrieved evidence does not adequately support a complete answer: 2 claim(s) in the draft answer were contradicted by the retrieved evidence.","","0.0343","0.9689","UOL_student_guide_visa_holders.pdf_p8_c4"
"S3_corrective_rag","V2Q077","adversarial_false_premise","contradicted","Please consult the relevant policy document directly, or contact Student Services for authoritative guidance.","","0.0713","0.9923","UOL_student_guide_visa_holders.pdf_p8_c4"
"S3_corrective_rag","V2Q078","procedural","supported","The University considers potential bullying behavior to include physical or verbal abuse, threatening or intimidating behavior, abusive comments (in person, written, or electronic), spreading rumors or gossip, and unjustified persistent negative comments or criticism.","2","0.9972","0.0101","UOL_diversity-equality-opportunity-policy.pdf_p18_c2"
"S3_corrective_rag","V2Q079","factual","unsupported","I cannot answer this question reliably from the available University documents.","","0.0146","0.0032","UOL_student_conduct2.pdf_p2_c1"
"S3_corrective_rag","V2Q079","factual","unsupported","The retrieved evidence does not adequately support a complete answer: 100% of the claims in the draft answer could not be verified against the retrieved evidence.","","0.0142","0.0057","UOL_student_conduct2.pdf_p2_c1"
"S3_corrective_rag","V2Q079","factual","unsupported","Please consult the relevant policy document directly, or contact Student Services for authoritative guidance.","","0.0142","0.0034","UOL_student_conduct2.pdf_p2_c1"
"S3_corrective_rag","V2Q080","paraphrased","supported_uncited","The protection against maternity discrimination in the non-work context applies for 26 weeks after giving birth","","0.9938","0.1071","UOL_diversity-equality-opportunity-policy.pdf_p14_c3"
"S3_corrective_rag","V2Q081","factual","contradicted","I cannot answer this question reliably from the available University documents.","","0.0991","0.7729","UOL_diversity-equality-opportunity-policy.pdf_p11_c1"
"S3_corrective_rag","V2Q081","factual","unsupported","The retrieved evidence does not adequately support a complete answer: 50% of the claims in the draft answer could not be verified against the retrieved evidence.","","0.0216","0.0066","UOL_diversity-equality-opportunity-policy.pdf_p4_c1"
"S3_corrective_rag","V2Q081","factual","unsupported","Please consult the relevant policy document directly, or contact Student Services for authoritative guidance.","","0.1747","0.0316","UOL_diversity-equality-opportunity-policy.pdf_p4_c1"
"S3_corrective_rag","V2Q082","paraphrased","unsupported","I cannot answer this question reliably from the available University documents.","","0.1019","0.4631","UOL_undergraduate_handbook.pdf_p42_c10"
"S3_corrective_rag","V2Q082","paraphrased","unsupported","The retrieved evidence does not adequately support a complete answer: 100% of the claims in the draft answer could not be verified against the retrieved evidence.","","0.0091","0.4267","UOL_postgraduate_handbook.pdf_p38_c10"
"S3_corrective_rag","V2Q082","paraphrased","contradicted","Please consult the relevant policy document directly, or contact Student Services for authoritative guidance.","","0.0922","0.5696","UOL_postgraduate_handbook.pdf_p38_c10"
"S3_corrective_rag","V2Q083","multi_document_comparison","unsupported","I cannot answer this question reliably from the available University documents.","","0.1487","0.1884","UOL_postgraduate_handbook.pdf_p13_c9"
"S3_corrective_rag","V2Q083","multi_document_comparison","unsupported","The retrieved evidence does not adequately support a complete answer: no retrieved passage passed the relevance threshold.","","0.2056","0.1244","UOL_postgraduate_handbook.pdf_p13_c9"
"S3_corrective_rag","V2Q083","multi_document_comparison","unsupported","Please consult the relevant policy document directly, or contact Student Services for authoritative guidance.","","0.2045","0.0642","UOL_postgraduate_handbook.pdf_p13_c9"
"S3_corrective_rag","V2Q084","multi_document_comparison","unsupported","I cannot answer this question reliably from the available University documents.","","0.4726","0.0644","UOL_postgraduate_handbook.pdf_p14_c1"
"S3_corrective_rag","V2Q084","multi_document_comparison","unsupported","The retrieved evidence does not adequately support a complete answer: 100% of the claims in the draft answer could not be verified against the retrieved evidence.","","0.0609","0.0438","UOL_postgraduate_handbook.pdf_p14_c7"
"S3_corrective_rag","V2Q084","multi_document_comparison","unsupported","Please consult the relevant policy document directly, or contact Student Services for authoritative guidance.","","0.205","0.4796","UOL_postgraduate_handbook.pdf_p14_c7"
"S3_corrective_rag","V2Q085","multi_document_comparison","contradicted","I cannot answer this question reliably from the available University documents.","","0.1876","0.619","UOL_postgraduate_handbook.pdf_p24_c10"
"S3_corrective_rag","V2Q085","multi_document_comparison","contradicted","The retrieved evidence does not adequately support a complete answer: 3 claim(s) in the draft answer were contradicted by the retrieved evidence.","","0.5696","0.7135","UOL_postgraduate_handbook.pdf_p24_c2"
"S3_corrective_rag","V2Q085","multi_document_comparison","contradicted","Please consult the relevant policy document directly, or contact Student Services for authoritative guidance.","","0.5291","0.8566","UOL_postgraduate_handbook.pdf_p24_c10"
"S3_corrective_rag","V2Q086","multi_document_comparison","unsupported","I cannot answer this question reliably from the available University documents.","","0.2385","0.2042","UOL_postgraduate_handbook.pdf_p37_c10"
"S3_corrective_rag","V2Q086","multi_document_comparison","unsupported","The retrieved evidence does not adequately support a complete answer: 67% of the claims in the draft answer could not be verified against the retrieved evidence.","","0.0587","0.0316","UOL_postgraduate_handbook.pdf_p37_c10"
"S3_corrective_rag","V2Q086","multi_document_comparison","unsupported","Please consult the relevant policy document directly, or contact Student Services for authoritative guidance.","","0.2479","0.3178","UOL_postgraduate_handbook.pdf_p37_c10"
"S3_corrective_rag","V2Q087","multi_document_comparison","unsupported","I cannot answer this question reliably from the available University documents.","","0.3322","0.3942","UOL_UKVI_complience.pdf_p8_c5"
"S3_corrective_rag","V2Q087","multi_document_comparison","unsupported","The retrieved evidence does not adequately support a complete answer: 1 claim(s) in the draft answer were contradicted by the retrieved evidence.","","0.2294","0.0075","UOL_UKVI_complience.pdf_p10_c2"
"S3_corrective_rag","V2Q087","multi_document_comparison","unsupported","Please consult the relevant policy document directly, or contact Student Services for authoritative guidance.","","0.0517","0.0127","UOL_UKVI_complience.pdf_p3_c3"
"S3_corrective_rag","V2Q088","multi_document_comparison","unsupported","I cannot answer this question reliably from the available University documents.","","0.3643","0.1216","UOL_StudentAttendancePolicy-REVISEDJUL2025,v1.3.pdf_p4_c1"
"S3_corrective_rag","V2Q088","multi_document_comparison","unsupported","The retrieved evidence does not adequately support a complete answer: 3 claim(s) in the draft answer were contradicted by the retrieved evidence.","","0.1871","0.272","UOL_UKVI_complience.pdf_p10_c3"
"S3_corrective_rag","V2Q088","multi_document_comparison","contradicted","Please consult the relevant policy document directly, or contact Student Services for authoritative guidance.","","0.0331","0.9544","UOL_StudentAttendancePolicy-REVISEDJUL2025,v1.3.pdf_p4_c3"
"S3_corrective_rag","V2Q089","multi_document_comparison","supported","The UKVI compliance policy states that Student Route visa holders engaged in an approved period of study abroad as an integral part of their programme are permitted to remain on their existing Student Route visa and will continue to be sponsored.","4","0.9903","0.998","UOL_UKVI_complience.pdf_p10_c1"
"S3_corrective_rag","V2Q089","multi_document_comparison","supported","This indicates that sponsorship during an approved study abroad period is maintained under the existing arrangement.","4","0.9957","0.9829","UOL_UKVI_complience.pdf_p10_c1"
"S3_corrective_rag","V2Q089","multi_document_comparison","supported","Evidence further clarifies that resuming study after such a period requires a new CAS, but this does not affect the sponsorship during the approved period itself.","5","0.513","0.0426","UOL_UKVI_complience.pdf_p8_c1"
"S3_corrective_rag","V2Q089","multi_document_comparison","supported_uncited","There is no mention of a separate ""visa-holder guide"" in the provided evidence, so the answer is based solely on the UKVI compliance policy.","","0.806","0.1687","UOL_UKVI_complience.pdf_p11_c1"
"S3_corrective_rag","V2Q090","multi_document_comparison","supported_uncited","The University's document-checking responsibilities for Student Route students are described as follows: 1.","","0.879","0.3174","UOL_UKVI_complience.pdf_p3_c1"
"S3_corrective_rag","V2Q090","multi_document_comparison","supported","Students must submit evidence of their Student Route visa application to Student Life upon submission inside the UK to prove legal residence.","3","0.9989","0.0494","UOL_UKVI_complience.pdf_p9_c1"
"S3_corrective_rag","V2Q090","multi_document_comparison","unsupported","The University is required to check and ensure that all necessary immigration and qualification documentation is provided to meet compliance obligations.","4","0.4745","0.2449","UOL_UKVI_complience.pdf_p9_c1"
"S3_corrective_rag","V2Q090","multi_document_comparison","supported","If students fail to submit acceptable evidence or the University cannot verify compliance within a reasonable timeframe, the University may defer registration, de-register the student, or withdraw sponsorship to protect its licence.","3 4","0.9535","0.022","UOL_UKVI_complience.pdf_p9_c1"
"S3_corrective_rag","V2Q091","multi_document_comparison","supported_uncited","I cannot answer this question reliably from the available University documents.","","0.735","0.1862","UOL_undergraduate_handbook.pdf_p40_c10"
"S3_corrective_rag","V2Q091","multi_document_comparison","supported_uncited","The retrieved evidence does not adequately support a complete answer: 1 claim(s) in the draft answer were contradicted by the retrieved evidence.","","0.9144","0.1186","UOL_undergraduate_handbook.pdf_p40_c10"
"S3_corrective_rag","V2Q091","multi_document_comparison","contradicted","Please consult the relevant policy document directly, or contact Student Services for authoritative guidance.","","0.6401","0.9628","UOL_postgraduate_handbook.pdf_p36_c10"
"S3_corrective_rag","V2Q092","multi_document_comparison","unsupported","I cannot answer this question reliably from the available University documents.","","0.4031","0.0838","UOL_student_conduct1.pdf_p4_c4"
"S3_corrective_rag","V2Q092","multi_document_comparison","unsupported","The retrieved evidence does not adequately support a complete answer: 60% of the claims in the draft answer could not be verified against the retrieved evidence.","","0.0299","0.2583","UOL_undergraduate_handbook.pdf_p39_c1"
"S3_corrective_rag","V2Q092","multi_document_comparison","contradicted","Please consult the relevant policy document directly, or contact Student Services for authoritative guidance.","","0.0952","0.8527","UOL_student_conduct1.pdf_p16_c1"
"S3_corrective_rag","V2Q093","multi_document_synthesis","unsupported","I cannot answer this question reliably from the available University documents.","","0.4031","0.0683","UOL_student_conduct1.pdf_p4_c4"
"S3_corrective_rag","V2Q093","multi_document_synthesis","supported_uncited","The retrieved evidence does not adequately support a complete answer: 1 claim(s) in the draft answer were contradicted by the retrieved evidence.","","0.7992","0.1178","UOL_student_conduct2.pdf_p5_c1"
"S3_corrective_rag","V2Q093","multi_document_synthesis","contradicted","Please consult the relevant policy document directly, or contact Student Services for authoritative guidance.","","0.3956","0.8527","UOL_student_conduct2.pdf_p5_c1"
"S3_corrective_rag","V2Q094","multi_document_synthesis","supported_uncited","A complaint involving harassment or sexual misconduct can move into the student-conduct process if it is made by a student against another student, as such cases fall under the Student Conduct Policy","","0.9342","0.1596","UOL_Student,Complaints,Policy,and,Procedure.pdf_p9_c1"
"S3_corrective_rag","V2Q094","multi_document_synthesis","supported","If the original report is anonymous, the university may still investigate if there is supporting evidence (e.g., CCTV footage or social media posts) or if exceptional circumstances exist (e.g., genuine fear of reprisals), though this is the exception rather","2","0.6692","0.0823","UOL_student_conduct1.pdf_p3_c3"
"S3_corrective_rag","V2Q095","multi_document_synthesis","unsupported","I cannot answer this question reliably from the available University documents.","","0.3786","0.1186","UOL_student_conduct1.pdf_p11_c1"
"S3_corrective_rag","V2Q095","multi_document_synthesis","unsupported","The retrieved evidence does not adequately support a complete answer: 2 claim(s) in the draft answer were contradicted by the retrieved evidence.","","0.2533","0.1396","UOL_Student,Complaints,Policy,and,Procedure.pdf_p9_c1"
"S3_corrective_rag","V2Q095","multi_document_synthesis","contradicted","Please consult the relevant policy document directly, or contact Student Services for authoritative guidance.","","0.1213","0.9628","UOL_Student,Complaints,Policy,and,Procedure.pdf_p9_c1"
"S3_corrective_rag","V2Q097","multi_document_synthesis","supported","If illness or another unavoidable event is likely to make a student miss an assessment, they should immediately inform their department/school before the examination or assessment takes place, preferably in writing or by email, to request authorization for the absence.","4","0.8846","0.0423","UOL_extenuating_circumstances_policy.pdf_p3_c3"
"S3_corrective_rag","V2Q097","multi_document_synthesis","supported","They should also provide acceptable evidence of 'good cause' (e.g., a medical note) for consideration by the Extenuating Circumstances Committee, which may grant a right to re-assessment.","4","0.9308","0.0044","UOL_extenuating_circumstances_policy.pdf_p3_c3"
"S3_corrective_rag","V2Q097","multi_document_synthesis","supported","If no independent documentary evidence is available, the student should alert an academic adviser, School teaching support staff, or central support service (e.g., Counselling Service) to document the circumstances, as this may support their case.","5","0.9811","0.0222","UOL_extenuating_circumstances_policy.pdf_p7_c2"
"S3_corrective_rag","V2Q097","multi_document_synthesis","unsupported","Additionally, they may apply for an exemption from late penalties for coursework submissions under similar circumstances.","1","0.1474","0.0062","UOL_extenuating_circumstances_policy.pdf_p4_c2"
"S3_corrective_rag","V2Q099","multi_document_synthesis","supported_uncited","A student with a long-term health condition should prioritize seeking reasonable adjustments through the University?s Disability Advice and Guidance Team rather than interrupting study via repeated extenuating circumstances claims.","","0.9945","0.0324","UOL_extenuating_circumstances_policy.pdf_p5_c4"
"S3_corrective_rag","V2Q099","multi_document_synthesis","supported","This is because explicitly advises students with ongoing conditions affecting them for six+ months to contact the Disability Team to explore adjustments instead of relying on individual claims.","2","0.885","0.2414","UOL_extenuating_circumstances_policy.pdf_p5_c4"
"S3_corrective_rag","V2Q099","multi_document_synthesis","supported_uncited","Additionally, reinforces that long-term conditions already receiving adjustments should not require further claims unless there is a sudden, unforeseeable change (e.g., a flare-up).","3","0.8493","0.0259","UOL_extenuating_circumstances_policy.pdf_p8_c1"
"S3_corrective_rag","V2Q099","multi_document_synthesis","supported","Thus, the focus should be on proactive adjustments to avoid disrupting studies, with extenuating circumstances claims reserved for acute, unforeseen changes.","5","0.8712","0.9751","UOL_student_conduct1.pdf_p20_c2"
"S3_corrective_rag","V2Q100","multi_document_synthesis","supported","A sponsored student must provide an official sponsor letter or purchase order (on official letter headed paper) from their sponsor to the Accommodation Office, detailing the value, duration of the sponsorship, and the address where the University should send the invoice.","1","0.9064","0.79","UOL_payment_policy_2026,2027.pdf_p9_c1"
"S3_corrective_rag","V2Q100","multi_document_synthesis","supported_uncited","If they still face financial difficulty, they can seek support from the Accommodation Office (for accommodation-related issues) or the Student Fees and Funding Office (for general payment difficulties), as outlined in the University?s help and support resources.","5","0.836","0.1152","UOL_payment_policy_2026,2027.pdf_p9_c1"
"S3_corrective_rag","V2Q101","multi_document_synthesis","unsupported","I cannot answer this question reliably from the available University documents.","","0.1679","0.1186","UOL_Student,Complaints,Policy,and,Procedure.pdf_p2_c3"
"S3_corrective_rag","V2Q101","multi_document_synthesis","unsupported","The retrieved evidence does not adequately support a complete answer: 100% of the claims in the draft answer could not be verified against the retrieved evidence.","","0.049","0.0468","UOL_Student,Complaints,Policy,and,Procedure.pdf_p9_c1"
"S3_corrective_rag","V2Q101","multi_document_synthesis","unsupported","Please consult the relevant policy document directly, or contact Student Services for authoritative guidance.","","0.1213","0.2509","UOL_Student,Complaints,Policy,and,Procedure.pdf_p9_c1"
"S3_corrective_rag","V2Q102","multi_document_synthesis","unsupported","I cannot answer this question reliably from the available University documents.","","0.2385","0.0289","UOL_postgraduate_handbook.pdf_p37_c10"
"S3_corrective_rag","V2Q102","multi_document_synthesis","unsupported","The retrieved evidence does not adequately support a complete answer: 1 claim(s) in the draft answer were contradicted by the retrieved evidence.","","0.246","0.0307","UOL_postgraduate_handbook.pdf_p37_c10"
"S3_corrective_rag","V2Q102","multi_document_synthesis","unsupported","Please consult the relevant policy document directly, or contact Student Services for authoritative guidance.","","0.2479","0.3178","UOL_postgraduate_handbook.pdf_p37_c10"
"S2_modular_rag","V2Q001","paraphrased","unsupported","The Student Route visa holder must provide evidence of their registration at the other UK HEI to the University of Liverpool within 10 working days of completing their registration.","1","0.0102","0.1178","UOL_UKVI_complience.pdf_p11_c3"
"S2_modular_rag","V2Q002","paraphrased","supported","To raise concerns about harassment, bullying, discrimination, or victimisation, students or staff should report incidents to their line manager, Head of Department, HR Business Partner, or programme leader, or use the University?s Report and Support provision (named or anonymously).","1","0.9959","0.0838","UOL_diversity-equality-opportunity-policy.pdf_p5_c3"
"S2_modular_rag","V2Q002","paraphrased","supported","They should also challenge unlawful behaviour through appropriate reporting or complaints procedures, such as Report & Support.","2","0.992","0.0328","UOL_diversity-equality-opportunity-policy.pdf_p5_c3"
"S2_modular_rag","V2Q003","procedural","supported_uncited","The student should discuss their personal circumstances with the Student Support Team before submitting a claim.","","0.9162","0.0072","UOL_undergraduate_handbook.pdf_p35_c2"
"S2_modular_rag","V2Q003","procedural","supported_uncited","This is explicitly stated in evidence, which outlines the process for extenuating circumstances and emphasizes seeking advice from the Student Support Team to discuss circumstances and obtain guidance before submitting a claim.","4","0.9519","0.066","UOL_postgraduate_handbook.pdf_p31_c3"
"S2_modular_rag","V2Q004","paraphrased","unsupported","The 2025?26 changes include: 1.","","0.3831","0.011","UOL_Code,of,Practice,on,Assessment,and,Appendices,2025-26,Summary,of,Changes.pdf_p1_c1"
"S2_modular_rag","V2Q004","paraphrased","supported","The academic integrity categories were simplified: Category A (minor error) was removed, and Categories B?E were relabeled as 1?4.","3","0.9804","0.0114","UOL_Code,of,Practice,on,Assessment,and,Appendices,2025-26,Summary,of,Changes.pdf_p3_c4"
"S2_modular_rag","V2Q004","paraphrased","supported","A new offense, ""self-plagiarism/re-use of work,"" was defined, explicitly addressing the reuse of one?s own submitted work.","3","0.8145","0.0217","UOL_Code,of,Practice,on,Assessment,and,Appendices,2025-26,Summary,of,Changes.pdf_p3_c4"
"S2_modular_rag","V2Q004","paraphrased","supported","Personal extenuating circumstances (PECs) cannot be used to justify academic misconduct but may mitigate penalties for Categories 2?4 if approved under the Additional Considerations Policy.","3","0.9892","0.0486","UOL_Code,of,Practice,on,Assessment,and,Appendices,2025-26,Summary,of,Changes.pdf_p3_c4"
"S2_modular_rag","V2Q004","paraphrased","unsupported","These changes are detailed in Evidence.","3","0.0037","0.0052","UOL_undergraduate_handbook.pdf_p36_c9"
"S2_modular_rag","V2Q005","adversarial_false_premise","unsupported","The University of Liverpool does offer assistance in such cases.","","0.0018","0.0103","UOL_postgraduate_handbook.pdf_p34_c1"
"S2_modular_rag","V2Q005","adversarial_false_premise","supported","Evidence states that if jury service interferes with studies, students may need to leave the UK and apply for a new Confirmation of Acceptance for Studies (CAS) from the University.","3","0.9952","0.8968","UOL_postgraduate_handbook.pdf_p34_c1"
"S2_modular_rag","V2Q005","adversarial_false_premise","contradicted","This implies the University provides support to manage the disruption caused by jury service.","","0.8092","0.7131","UOL_undergraduate_handbook.pdf_p38_c7"
"S2_modular_rag","V2Q005","adversarial_false_premise","supported_uncited","Therefore, the assumption that the University offers ""no help"" is incorrect.","","0.86","0.2721","UOL_undergraduate_handbook.pdf_p38_c7"
"S2_modular_rag","V2Q006","factual","supported","Students involved in a student-conduct investigation are expected to engage fully with the procedure, including attending investigation meetings, agreeing to meeting notes or statements, and participating in University Disciplinary Panels when required.","1","0.8694","0.0139","UOL_student_conduct1.pdf_p12_c3"
"S2_modular_rag","V2Q006","factual","supported","Both reporting and responding students, as well as witnesses, must actively participate in these processes.","2","0.9729","0.0125","UOL_student_conduct1.pdf_p12_c2"
"S2_modular_rag","V2Q006","factual","supported","Additionally, a student may be accompanied by one other person (e.g., a friend) at an investigation meeting.","3","0.9852","0.0033","UOL_student_conduct1.pdf_p11_c5"
"S2_modular_rag","V2Q006","factual","supported","Failure to engage may result in the investigation being closed.","1","0.9805","0.0518","UOL_student_conduct1.pdf_p12_c3"
"S2_modular_rag","V2Q007","factual","supported","A student can be escalated to Stage Two under the Attendance Policy if they have eight consecutive unauthorised missed contact points.","1 2","0.9976","0.9708","UOL_StudentAttendancePolicy-REVISEDJUL2025,v1.3.pdf_p7_c1"
"S2_modular_rag","V2Q007","factual","contradicted","This threshold is explicitly stated in both evidence (Section 4.5) and evidence (Section 4.6), which outline that such a pattern of absence triggers escalation to Stage Two.","1 2","0.0763","0.9692","UOL_StudentAttendancePolicy-REVISEDJUL2025,v1.3.pdf_p7_c1"
"S2_modular_rag","V2Q008","procedural","unsupported","After a student is notified that programme-fee payments remain outstanding, the University will give them 5 working days to settle the outstanding balance.","1","0.4163","0.1037","UOL_payment_policy_2026,2027.pdf_p7_c3"
"S2_modular_rag","V2Q008","procedural","supported","If the student fails to pay within this period, the University will apply academic sanctions, including restricting access to Library services, removing their MWS account (and access to University IT facilities), and limiting access to the Graduate Document Portal and secure document requests.","5","0.7483","0.0391","UOL_payment_policy_2026,2027.pdf_p7_c2"
"S2_modular_rag","V2Q008","procedural","supported","These sanctions remain in place until the debt is settled or a payment arrangement is established.","5","0.9743","0.0208","UOL_payment_policy_2026,2027.pdf_p7_c2"
"S2_modular_rag","V2Q009","paraphrased","supported","The responding student normally has 7 working days to reply after receiving the investigation report and allegations before Chair's Action.","1","0.9871","0.159","UOL_student_conduct1.pdf_p15_c4"
"S2_modular_rag","V2Q010","paraphrased","nei","The Attendance Policy treats the following circumstances as authorized absence, subject to School approval:","","0.0","0.0",""
"S2_modular_rag","V2Q010","paraphrased","unsupported","Parental or other caring responsibilities","2","0.216","0.1095","UOL_StudentAttendancePolicy-REVISEDJUL2025,v1.3.pdf_p5_c3"
"S2_modular_rag","V2Q010","paraphrased","supported_uncited","Bereavement or other compassionate grounds","2","0.93","0.1082","UOL_StudentAttendancePolicy-REVISEDJUL2025,v1.3.pdf_p5_c3"
"S2_modular_rag","V2Q010","paraphrased","supported","Unforeseen domestic or other emergencies (e.g., transport strike)","2","0.5072","0.8435","UOL_StudentAttendancePolicy-REVISEDJUL2025,v1.3.pdf_p5_c4"
"S2_modular_rag","V2Q010","paraphrased","supported","Appointments with Police or visa authority for immigration purposes","2","0.7596","0.1616","UOL_StudentAttendancePolicy-REVISEDJUL2025,v1.3.pdf_p5_c4"
"S2_modular_rag","V2Q010","paraphrased","supported","Career-related appointments or interviews (e.g., for a placement or internship)","2","0.8078","0.2511","UOL_StudentAttendancePolicy-REVISEDJUL2025,v1.3.pdf_p5_c4"
"S2_modular_rag","V2Q010","paraphrased","supported","Military educational activity or other military service","2","0.9156","0.2299","UOL_StudentAttendancePolicy-REVISEDJUL2025,v1.3.pdf_p5_c4"
"S2_modular_rag","V2Q010","paraphrased","unsupported","Vacation or family events","2","0.4653","0.1929","UOL_StudentAttendancePolicy-REVISEDJUL2025,v1.3.pdf_p5_c4"
"S2_modular_rag","V2Q010","paraphrased","unsupported","Disability (in accordance with a Student Support Information Sheet)","4","0.4774","0.4032","UOL_StudentAttendancePolicy-REVISEDJUL2025,v1.3.pdf_p6_c1"
"S2_modular_rag","V2Q010","paraphrased","nei","Elite sport-related absence","4","0.0","0.0",""
"S2_modular_rag","V2Q010","paraphrased","unsupported","Approved University visits, events, workshops, or conferences These are explicitly listed in Evidence and.","2 4","0.0199","0.1598","UOL_StudentAttendancePolicy-REVISEDJUL2025,v1.3.pdf_p5_c4"
"S2_modular_rag","V2Q010","paraphrased","supported","Other reasons, such as illness or injury, may allow self-certification for up to seven days, but this is distinct from School-approved authorized absence.","3","0.9203","0.069","UOL_StudentAttendancePolicy-REVISEDJUL2025,v1.3.pdf_p5_c3"
"S2_modular_rag","V2Q011","adversarial_false_premise","supported_uncited","The appeal papers must be provided no less than 5 working days prior to the hearing","","0.9933","0.008","UOL_student_conduct1.pdf_p28_c1"
"S2_modular_rag","V2Q011","adversarial_false_premise","unsupported","Submitting them on the day of the hearing would violate this requirement.","","0.0146","0.0125","UOL_student_conduct1.pdf_p28_c1"
"S2_modular_rag","V2Q011","adversarial_false_premise","unsupported","Therefore, the statement is incorrect.","","0.1675","0.2189","UOL_student_conduct1.pdf_p28_c2"
"S2_modular_rag","V2Q012","adversarial_false_premise","unsupported","The statement is incorrect.","","0.0591","0.0993","UOL_postgraduate_handbook.pdf_p24_c3"
"S2_modular_rag","V2Q012","adversarial_false_premise","supported","Evidence allows up to 10 credits of level 6 modules in combination with level 7 modules for certain awards.","1","0.8872","0.3207","UOL_postgraduate_handbook.pdf_p23_c3"
"S2_modular_rag","V2Q012","adversarial_false_premise","contradicted","Evidence and also permit level 6 credits (up to 30 credits for a Diploma and up to 20 credits in a programme).","2 4","0.1748","0.9605","UOL_postgraduate_handbook.pdf_p23_c6"
"S2_modular_rag","V2Q012","adversarial_false_premise","supported","Evidence further specifies that a Postgraduate Award requires 120 credits, which may include level 6 modules.","5","0.8384","0.8314","UOL_postgraduate_handbook.pdf_p23_c6"
"S2_modular_rag","V2Q012","adversarial_false_premise","supported_uncited","Thus, level 6 credit is permitted under specific conditions.","","0.965","0.1789","UOL_postgraduate_handbook.pdf_p23_c6"
"S2_modular_rag","V2Q013","factual","supported_uncited","The University Disciplinary Panel may impose serious sanctions such as suspension or permanent debarment from University facilities or services, suspension from studies, or a delay to graduation","","0.7932","0.1125","UOL_student_conduct2.pdf_p3_c4"
"S2_modular_rag","V2Q013","factual","unsupported","for Category 3 breaches.","1","0.0642","0.4846","UOL_student_conduct2.pdf_p5_c1"
"S2_modular_rag","V2Q013","factual","supported","Additionally, these sanctions may include other consequences determined by the panel to ensure proportionality.","3","0.9354","0.0087","UOL_student_conduct2.pdf_p3_c3"
"S2_modular_rag","V2Q014","factual","supported_uncited","A full-time student cannot normally claim extenuating circumstances due to employment interference with study or a resit.","","0.9923","0.0579","UOL_extenuating_circumstances_policy.pdf_p10_c3"
"S2_modular_rag","V2Q014","factual","contradicted","Evidence explicitly states that full-time students are ""not normally eligible to claim for extenuating circumstances in relation to employment,"" including resit examinations.","1","0.0232","0.9741","UOL_extenuating_circumstances_policy.pdf_p16_c6"
"S2_modular_rag","V2Q014","factual","unsupported","Evidence reinforces this by reiterating that full-time students are ineligible for employment-related claims.","2","0.0064","0.0137","UOL_extenuating_circumstances_policy.pdf_p10_c4"
"S2_modular_rag","V2Q015","adversarial_false_premise","supported_uncited","The evidence does not support the assumption that registration and fee liability automatically stop if a student stops attending without completing the formal withdrawal or suspension process.","","0.9949","0.03","UOL_postgraduate_handbook.pdf_p33_c5"
"S2_modular_rag","V2Q015","adversarial_false_premise","supported","Instead, the evidence explicitly states that registration remains active even after formal withdrawal or suspension (e.g.,,,,).","1 2 3 4","0.8199","0.9333","UOL_postgraduate_handbook.pdf_p33_c5"
"S2_modular_rag","V2Q015","adversarial_false_premise","supported_uncited","Failure to complete the formal process does not trigger automatic cessation of registration or fee liability; instead, the University may still hold the student accountable for fees unless the process is properly followed.","","0.9771","0.1369","UOL_postgraduate_handbook.pdf_p33_c5"
"S2_modular_rag","V2Q015","adversarial_false_premise","contradicted","ANSWER: No, this is incorrect.","","0.47","0.945","UOL_postgraduate_handbook.pdf_p33_c5"
"S2_modular_rag","V2Q015","adversarial_false_premise","supported","The evidence indicates that registration remains active even after formal withdrawal or suspension.","1 2 3 4","0.9978","0.0105","UOL_postgraduate_handbook.pdf_p33_c5"
"S2_modular_rag","V2Q015","adversarial_false_premise","supported_uncited","Without completing the formal process, registration and fee liability do not automatically stop.","","0.9966","0.0612","UOL_postgraduate_handbook.pdf_p33_c5"
"S2_modular_rag","V2Q016","factual","supported_uncited","The attendance requirements of the professional body, sponsor, or degree apprenticeship provider take priority if they are stricter than the University's minimum.","","0.962","0.0129","UOL_StudentAttendancePolicy-REVISEDJUL2025,v1.3.pdf_p2_c3"
"S2_modular_rag","V2Q016","factual","unsupported","This is explicitly stated in the evidence, which notes that ""the requirements of the PSRB, sponsor and/or degree apprenticeship provider shall prevail"" when their requirements exceed the University's policy.","1","0.1531","0.0564","UOL_StudentAttendancePolicy-REVISEDJUL2025,v1.3.pdf_p2_c3"
"S2_modular_rag","V2Q017","procedural","nei","The sanctions that may follow a Category 2 student-conduct breach include:","","0.0","0.0",""
"S2_modular_rag","V2Q017","procedural","supported","Appropriate Category 1 sanctions","1","0.9062","0.5814","UOL_student_conduct2.pdf_p3_c1"
"S2_modular_rag","V2Q017","procedural","nei","Final written warning","1","0.0","0.0",""
"S2_modular_rag","V2Q017","procedural","supported","Mandatory attendance at a workshop or course (at the student?s expense)","1","0.9219","0.7713","UOL_student_conduct2.pdf_p3_c1"
"S2_modular_rag","V2Q017","procedural","supported","Restorative action (e.g., reflective statement or project)","1","0.9425","0.8685","UOL_student_conduct2.pdf_p3_c1"
"S2_modular_rag","V2Q017","procedural","supported","Restricted ability to contact the complainant","1","0.6561","0.0955","UOL_student_conduct2.pdf_p3_c1"
"S2_modular_rag","V2Q017","procedural","unsupported","Requirement that the student does not represent the University in a paid or unpaid capacity for a specified period These sanctions are outlined in evidence, which details the possible disciplinary actions for Category 2 breaches.","1","0.057","0.2643","UOL_undergraduate_handbook.pdf_p40_c6"
"S2_modular_rag","V2Q018","paraphrased","supported","The answer is based on evidence, which specifies that for students on taught programmes of study, formal complaints about academic matters should be submitted to the relevant Dean of School/Institute or their equivalent via the School/Institute Manager.","1","0.8161","0.1343","UOL_Student,Complaints,Policy,and,Procedure.pdf_p12_c2"
"S2_modular_rag","V2Q020","paraphrased","supported_uncited","The answer is that normally one re-sit or re-take is allowed for each affected assessment.","","0.9797","0.0311","UOL_extenuating_circumstances_policy.pdf_p15_c4"
"S2_modular_rag","V2Q020","paraphrased","unsupported","This is specified in evidence, which states: ""You will be permitted one re-sit/re-take of each of the examinations/assessments judged by the Extenuating Circumstances Committee to have been affected by extenuating circumstances.""","2","0.02","0.0164","UOL_extenuating_circumstances_policy.pdf_p15_c3"
"S2_modular_rag","V2Q022","paraphrased","supported","The protections for a student making a complaint in good faith include being treated fairly and not suffering any disadvantage or recrimination as a result of the complaint.","1 2","0.9986","0.0315","UOL_Student,Complaints,Policy,and,Procedure.pdf_p6_c1"
"S2_modular_rag","V2Q022","paraphrased","supported","Additionally, the student has a responsibility to ensure the complaint is not made frivolously, with malice, or vexatiously, as such actions may lead to disciplinary measures under the Student Conduct Policy.","2","0.9857","0.0157","UOL_Student,Complaints,Policy,and,Procedure.pdf_p9_c2"
"S2_modular_rag","V2Q023","adversarial_false_premise","unsupported","The statement is incorrect.","","0.4703","0.0653","UOL_Student,Complaints,Policy,and,Procedure.pdf_p17_c2"
"S2_modular_rag","V2Q023","adversarial_false_premise","supported","According to, the Reviewer ""will not normally correspond with or meet with the student during the course of their Review,"" with exceptions only for setting deadlines.","1","0.9979","0.0869","UOL_Student,Complaints,Policy,and,Procedure.pdf_p17_c3"
"S2_modular_rag","V2Q023","adversarial_false_premise","supported_uncited","This directly contradicts the claim that they must ""always"" meet or correspond.","","0.9305","0.0155","UOL_Student,Complaints,Policy,and,Procedure.pdf_p17_c3"
"S2_modular_rag","V2Q024","factual","supported","The Student Route visa holder who reaches Stage Three and fails to meet the agreed re-engagement conditions must be referred to the UKVI Attendance Compliance Panel.","1","0.9936","0.0693","UOL_StudentAttendancePolicy-REVISEDJUL2025,v1.3.pdf_p9_c5"
"S2_modular_rag","V2Q024","factual","supported","This referral is required within ten working days, and the student is not obligated to attend unless specifically invited.","1","0.9904","0.0151","UOL_StudentAttendancePolicy-REVISEDJUL2025,v1.3.pdf_p9_c5"
"S2_modular_rag","V2Q025","factual","nei","The Undergraduate Handbook recommends the following basic security precautions:","","0.0","0.0",""
"S2_modular_rag","V2Q025","factual","supported","Reporting issues immediately to necessary personnel (e.g., security).","1","0.9859","0.0006","UOL_undergraduate_handbook.pdf_p13_c9"
"S2_modular_rag","V2Q025","factual","supported","Making the University?s security arrangements if living in private rented accommodation.","1","0.9929","0.0015","UOL_undergraduate_handbook.pdf_p13_c9"
"S2_modular_rag","V2Q025","factual","supported","Utilizing a two-way radio system between the office building and outside security staff to ensure immediate assistance in emergencies.","1","0.9919","0.0009","UOL_undergraduate_handbook.pdf_p13_c9"
"S2_modular_rag","V2Q025","factual","unsupported","These precautions are explicitly stated in the evidence.","1","0.0035","0.0015","UOL_undergraduate_handbook.pdf_p13_c9"
"S2_modular_rag","V2Q026","paraphrased","contradicted","According to the Postgraduate Handbook, students should protect belongings by avoiding leaving valuables unattended, especially after dark, and report crimes immediately to necessary authorities or through Report and Support.","1 2","0.432","0.9938","UOL_postgraduate_handbook.pdf_p12_c6"
"S2_modular_rag","V2Q026","paraphrased","supported","Report and Support is not a complaints process but can provide advice on making a complaint.","2","0.9879","0.4696","UOL_postgraduate_handbook.pdf_p12_c6"
"S2_modular_rag","V2Q027","paraphrased","supported","The purpose of the Stage Two attendance meeting is to discuss the student's absence in detail and collaboratively develop an action plan to address any academic or pastoral support needs, with the expectation that the student will resume attendance as soon as possible after agreeing to the plan.","1 2","0.9955","0.8905","UOL_StudentAttendancePolicy-REVISEDJUL2025,v1.3.pdf_p7_c2"
"S2_modular_rag","V2Q028","procedural","supported","The evidence and state that if a student cannot receive meningitis immunisation on the University's premises, they should see their family doctor and contact Student Health at +44 (0)151 285 4578 for advice.","1 2","0.9196","0.8986","UOL_undergraduate_handbook.pdf_p15_c7"
"S2_modular_rag","V2Q029","paraphrased","supported","The University undertakes an annual risk-based review of all outstanding programme fee debts, and the results of this review inform its decision-making before applying academic sanctions.","1","0.9728","0.0057","UOL_payment_policy_2026,2027.pdf_p7_c5"
"S2_modular_rag","V2Q030","procedural","unsupported","Students experiencing financial hardship can seek support through the University Hardship Fund, contact Money Advice and Guidance, or reach out to the Student Fees and Funding Office.","1 2 3 4","0.0532","0.0779","UOL_postgraduate_handbook.pdf_p19_c7"
"S2_modular_rag","V2Q030","procedural","supported","Additionally, the Information and Advice Group (IAG) can provide guidance and referrals.","2","0.5912","0.0115","UOL_postgraduate_handbook.pdf_p19_c7"
"S2_modular_rag","V2Q031","factual","contradicted","The undergraduate degree classification is primarily determined by the student's overall academic performance, including achieving 120 credits and meeting a passing average.","","0.4921","0.5513","UOL_undergraduate_handbook.pdf_p26_c10"
"S2_modular_rag","V2Q031","factual","supported","Specifically, in Years Two and Three, the passing average counts fully towards the degree, and a 55% average in Year Three may qualify for a Bachelor?s degree.","3","0.9919","0.7145","UOL_undergraduate_handbook.pdf_p26_c10"
"S2_modular_rag","V2Q032","factual","supported_uncited","The factors considered when deciding whether conduct has the effect required for harassment are: 1.","","0.9771","0.0476","UOL_diversity-equality-opportunity-policy.pdf_p23_c1"
"S2_modular_rag","V2Q032","factual","supported","The perception of the person (e.g., whether they regarded the conduct as violating their dignity).","1","0.9582","0.3311","UOL_diversity-equality-opportunity-policy.pdf_p23_c1"
"S2_modular_rag","V2Q032","factual","supported","The other circumstances of the incident, including personal circumstances (e.g., mental health, culture), the environment, and the situation.","1","0.9681","0.0901","UOL_diversity-equality-opportunity-policy.pdf_p23_c1"
"S2_modular_rag","V2Q032","factual","supported","Whether it is reasonable for the conduct to have that effect (an objective test, such as whether a normal person would expect the incident to be harassment).","1","0.9905","0.1981","UOL_diversity-equality-opportunity-policy.pdf_p23_c1"
"S2_modular_rag","V2Q033","paraphrased","supported_uncited","An international student might need a new or updated ATAS certificate in the following situations: 1.","","0.982","0.1826","UOL_UKVI_complience.pdf_p12_c4"
"S2_modular_rag","V2Q033","paraphrased","supported","If they extend their studies or research for more than three months on an ATAS-applicable programme.","1","0.8528","0.3744","UOL_UKVI_complience.pdf_p12_c4"
"S2_modular_rag","V2Q033","paraphrased","supported","If they transfer to a new programme of study or change their research discipline to a subject area requiring ATAS clearance.","1 2","0.9056","0.7791","UOL_UKVI_complience.pdf_p12_c3"
"S2_modular_rag","V2Q033","paraphrased","supported_uncited","These requirements ensure the ATAS certificate aligns with their current academic or research focus and visa compliance.","","0.8584","0.0128","UOL_UKVI_complience.pdf_p12_c3"
"S2_modular_rag","V2Q034","procedural","supported","Schools or Institutes are expected to ensure that assessment processes are rigorous, fair, and fairly operated in line with institutional regulations.","1","0.7973","0.0087","UOL_postgraduate_handbook.pdf_p27_c3"
"S2_modular_rag","V2Q035","reasoning","supported_uncited","The new mark from a re-assessment treated as an uncapped first attempt replaces any previous mark, even if the original mark was higher.","","0.9873","0.0655","UOL_extenuating_circumstances_policy.pdf_p15_c5"
"S2_modular_rag","V2Q035","reasoning","unsupported","This is because the re-assessment is considered a ""first attempt"" and the Board of Examiners will not take into account the original claim or mark when determining progression or final degree classification.","1 2 3 5","0.401","0.16","UOL_extenuating_circumstances_policy.pdf_p13_c4"
"S2_modular_rag","V2Q036","paraphrased","contradicted","The University's equality policy states that unwanted conduct related to a protected characteristic (such as age, disability, gender reassignment, race, religion or belief, sex, or sexual orientation) or of a sexual nature may amount to harassment.","","0.9817","0.6501","UOL_diversity-equality-opportunity-policy.pdf_p20_c3"
"S2_modular_rag","V2Q036","paraphrased","supported","This includes behavior that violates a person?s dignity or creates an intimidating, hostile, degrading, humiliating, or offensive environment.","5","0.9924","0.0797","UOL_diversity-equality-opportunity-policy.pdf_p20_c4"
"S2_modular_rag","V2Q036","paraphrased","unsupported","Specific examples of harassment include ageism, disability-related harassment, homophobia, racism, religious-related harassment, sexism, and transphobia.","4","0.3275","0.4284","UOL_diversity-equality-opportunity-policy.pdf_p22_c1"
"S2_modular_rag","V2Q036","paraphrased","supported","Additionally, harassment can occur even if the victim does not share the protected characteristic, such as when someone is associated with or wrongly assumed to have a protected characteristic.","4","0.8624","0.0122","UOL_diversity-equality-opportunity-policy.pdf_p22_c1"
"S2_modular_rag","V2Q038","reasoning","supported_uncited","The Postgraduate Handbook advises students to use the correct academic regulations and codes for their cohort and degree because these regulations and codes are updated over time and are specifically tailored to the student's program and level of study.","","0.966","0.086","UOL_postgraduate_handbook.pdf_p22_c7"
"S2_modular_rag","V2Q038","reasoning","unsupported","This ensures that students follow the most current and relevant guidelines for their academic progression, which is essential for maintaining standards and eligibility for their award.","1","0.4838","0.0077","UOL_postgraduate_handbook.pdf_p22_c7"
"S2_modular_rag","V2Q039","paraphrased","supported","The Student Loans Company (SLC) pays a 2026?27 programme-fee loan to the University in three disbursements on specific dates: 28 September 2026 (25% of the fee), 11 January 2027 (25%), and 5 April 2027 (50%).","1","0.9157","0.1246","UOL_payment_policy_2026,2027.pdf_p2_c3"
"S2_modular_rag","V2Q040","factual","supported_uncited","Yes, complaints about harassment or sexual misconduct can be handled under policies other than the Student Complaints Policy.","","0.9871","0.2231","UOL_Student,Complaints,Policy,and,Procedure.pdf_p2_c3"
"S2_modular_rag","V2Q040","factual","contradicted","Complaints by students against staff may be addressed under the Bullying and Harassment Policy","","0.9925","0.6609","UOL_Student,Complaints,Policy,and,Procedure.pdf_p9_c1"
"S2_modular_rag","V2Q040","factual","contradicted","or Staff Disciplinary Procedures","","0.2533","0.8982","UOL_Student,Complaints,Policy,and,Procedure.pdf_p4_c4"
"S2_modular_rag","V2Q040","factual","supported_uncited","Complaints related to harassment and sexual misconduct (including staff towards students or students towards students) may be dealt with via the Bullying and Harassment Policy, Student Conduct Policy, or Staff Disciplinary Policy","","0.9836","0.2257","UOL_Student,Complaints,Policy,and,Procedure.pdf_p2_c3"
"S2_modular_rag","V2Q040","factual","contradicted","The Student Conduct Policy","","0.8477","0.843","UOL_Student,Complaints,Policy,and,Procedure.pdf_p2_c2"
"S2_modular_rag","V2Q040","factual","supported","and other connected policies (e.g., Bullying and Harassment Policy, Staff Disciplinary Procedures) are explicitly linked to handling such complaints.","4","0.8956","0.859","UOL_Student,Complaints,Policy,and,Procedure.pdf_p4_c4"
"S2_modular_rag","V2Q040","factual","supported","Thus, multiple policies beyond the Student Complaints Policy itself can apply depending on the nature of the complaint.","1 2 3 4","0.8861","0.1997","UOL_Student,Complaints,Policy,and,Procedure.pdf_p2_c3"
"S2_modular_rag","V2Q041","factual","supported","If accepted extenuating circumstances affect an undergraduate student's final-year performance but enough assessed work exists to determine an award, the Extenuating Circumstances Committee will recommend an award (including the class of the award) to the student.","1","0.7861","0.0616","UOL_extenuating_circumstances_policy.pdf_p13_c5"
"S2_modular_rag","V2Q041","factual","supported","The student may then choose to accept that award or opt to re-take/re-sit the missed/affected assessments.","1","0.9918","0.0718","UOL_extenuating_circumstances_policy.pdf_p13_c5"
"S2_modular_rag","V2Q042","factual","supported_uncited","The evidence does not explicitly classify ""unauthorised use of University premises"" in the indicative student-conduct sanctions table.","","0.8871","0.2215","UOL_undergraduate_handbook.pdf_p39_c1"
"S2_modular_rag","V2Q042","factual","supported","However, evidence mentions ""Unauthorised entry into another student?s room within their accommodation"" as a breach, which is a specific instance of unauthorised use of premises.","4","0.9176","0.3027","UOL_undergraduate_handbook.pdf_p39_c5"
"S2_modular_rag","V2Q042","factual","contradicted","No general classification for unauthorised use of University premises (beyond this specific case) is provided in the evidence.","","0.274","0.7667","UOL_undergraduate_handbook.pdf_p39_c5"
"S2_modular_rag","V2Q042","factual","contradicted","ANSWER: The evidence does not provide a general classification for unauthorised use of University premises in the sanctions table.","","0.6639","0.6733","UOL_undergraduate_handbook.pdf_p39_c1"
"S2_modular_rag","V2Q042","factual","contradicted","It only specifies ""Unauthorised entry into another student?s room"" as a breach.","4","0.0425","0.9964","UOL_undergraduate_handbook.pdf_p39_c5"
"S2_modular_rag","V2Q043","procedural","supported_uncited","During a Master's dissertation or PhD writing-up period, a Student visa holder should treat this time as term time.","","0.9978","0.0007","UOL_student_guide_visa_holders.pdf_p2_c4"
"S2_modular_rag","V2Q043","procedural","supported","This means they must not work more than 20 hours per week and should remain living in the Liverpool area.","1","0.9962","0.0014","UOL_student_guide_visa_holders.pdf_p2_c4"
"S2_modular_rag","V2Q044","reasoning","supported_uncited","Yes, the University can start a student-conduct investigation from an anonymous report under specific conditions.","","0.9825","0.1284","UOL_Student,Complaints,Policy,and,Procedure.pdf_p7_c4"
"S2_modular_rag","V2Q044","reasoning","supported","Evidence states that an investigation may be initiated from an anonymous complaint if there is evidence to support a potential breach (e.g., CCTV footage or social media posts).","1","0.8075","0.2291","UOL_student_conduct1.pdf_p3_c3"
"S2_modular_rag","V2Q044","reasoning","supported","Additionally, evidence clarifies that while anonymous allegations are not always investigable, exceptions exist (e.g., genuine fear or risk of reprisals) where withholding the reporting party?s identity may be considered on a case-by-case basis.","3","0.8802","0.6526","UOL_student_conduct1.pdf_p3_c2"
"S2_modular_rag","V2Q045","paraphrased","supported","When an international student's personal contact details change, they must inform the University via completion of the relevant online portal as soon as it is reasonable and practicable for them to do so.","1","0.9813","0.1064","UOL_UKVI_complience.pdf_p14_c1"
"S2_modular_rag","V2Q046","factual","nei","The student can contact the Student Administration Centre via the following methods:","","0.0","0.0",""
"S2_modular_rag","V2Q046","factual","supported","Live Chat at liverpool.service-now.com/sas","1","0.9722","0.2058","UOL_student_guide_visa_holders.pdf_p13_c1"
"S2_modular_rag","V2Q046","factual","supported","Phone at 0151 7946758","1","0.9954","0.8374","UOL_student_guide_visa_holders.pdf_p13_c1"
"S2_modular_rag","V2Q046","factual","nei","Email at studentcentre@liverpool.ac.uk","1","0.0","0.0",""
"S2_modular_rag","V2Q047","reasoning","supported_uncited","The evidence does not explicitly state that a student can normally re-sit a passed module solely to improve the mark after an accepted Personal Extenuating Circumstances claim.","","0.9976","0.0096","UOL_postgraduate_handbook.pdf_p27_c9"
"S2_modular_rag","V2Q047","reasoning","supported_uncited","Instead, the options are either to re-assess (with the possibility of improving the mark, as per and) or to keep the original mark, with the Board of Examiners considering the impact on degree classification.","1 2 5","0.8992","0.2795","UOL_extenuating_circumstances_policy.pdf_p13_c2"
"S2_modular_rag","V2Q047","reasoning","supported_uncited","Re-sitting a passed module for improvement is not presented as a standard or automatic right but requires committee approval.","","0.9665","0.2721","UOL_extenuating_circumstances_policy.pdf_p15_c1"
"S2_modular_rag","V2Q047","reasoning","contradicted","ANSWER: No, the evidence does not indicate that a student can normally re-sit a passed module simply to improve the mark after an accepted claim.","","0.9853","0.8703","UOL_postgraduate_handbook.pdf_p27_c9"
"S2_modular_rag","V2Q047","reasoning","supported_uncited","Re-assessment is permitted only if the Extenuating Circumstances Committee approves it, and the student must follow the specific guidelines outlined in the policy.","1 5","0.6108","0.021","UOL_postgraduate_handbook.pdf_p27_c9"
"S2_modular_rag","V2Q051","procedural","supported_uncited","To protect their immigration status while studying at the University of Liverpool, a Student visa holder must comply with the work restrictions outlined in their visa conditions.","","0.5908","0.0656","UOL_student_guide_visa_holders.pdf_p10_c4"
"S2_modular_rag","V2Q051","procedural","contradicted","Specifically, they should avoid activities such as opening a business, working self-employed, acting as an employer, or engaging in professional sports or entertainment work, as these are prohibited under their Student visa.","3","0.1033","0.9972","UOL_student_guide_visa_holders.pdf_p3_c1"
"S2_modular_rag","V2Q051","procedural","supported_uncited","Additionally, they must ensure they meet all immigration requirements and maintain valid documentation, as the University is responsible for verifying and retaining their immigration records.","1","0.7111","0.3853","UOL_UKVI_complience.pdf_p6_c1"
"S2_modular_rag","V2Q051","procedural","supported_uncited","Failure to adhere to these rules could jeopardize their status.","","0.9809","0.0044","UOL_student_guide_visa_holders.pdf_p3_c1"
"S2_modular_rag","V2Q052","paraphrased","unsupported","If a postgraduate student becomes a victim of crime and requires ongoing support, they should contact the Wellbeing Team in the Alsop Building.","1","0.0073","0.0007","UOL_postgraduate_handbook.pdf_p14_c8"
"S2_modular_rag","V2Q052","paraphrased","unsupported","This is explicitly stated in the Postgraduate Handbook as the recommended step for addressing ongoing support needs after a crime.","","0.0009","0.0034","UOL_postgraduate_handbook.pdf_p14_c8"
"S2_modular_rag","V2Q052","paraphrased","supported_uncited","Additional actions, such as reporting to the police or using the online reporting tool, are also mentioned but are not the primary focus for ongoing support.","","0.7617","0.0067","UOL_postgraduate_handbook.pdf_p14_c8"
"S2_modular_rag","V2Q053","reasoning","supported_uncited","The importance of notifying the School before a missed examination or assessment lies in ensuring the absence is authorized.","","0.9929","0.0254","UOL_extenuating_circumstances_policy.pdf_p3_c3"
"S2_modular_rag","V2Q053","reasoning","supported","According to, if you are unable to attend an examination or assessment due to illness or other unavoidable circumstances, you must inform your department/school before","3","0.9967","0.7947","UOL_extenuating_circumstances_policy.pdf_p4_c2"
"S2_modular_rag","V2Q053","reasoning","supported_uncited","the event occurs, preferably in writing or by email.","","0.7457","0.068","UOL_extenuating_circumstances_policy.pdf_p3_c3"
"S2_modular_rag","V2Q053","reasoning","unsupported","This step is critical because it allows the School to formally recognize the absence as authorized, which is a prerequisite for the Extenuating Circumstances Committee to consider your claim.","","0.1439","0.0058","UOL_extenuating_circumstances_policy.pdf_p3_c3"
"S2_modular_rag","V2Q053","reasoning","supported_uncited","Without prior notification, the absence may not be validated, potentially invalidating your request for re-assessment or other accommodations.","","0.9699","0.2037","UOL_extenuating_circumstances_policy.pdf_p3_c3"
"S2_modular_rag","V2Q055","paraphrased","supported","If you are a victim of a crime, you should first report this to the Police.","2","0.806","0.122","UOL_postgraduate_handbook.pdf_p14_c1"
"S2_modular_rag","V2Q055","paraphrased","unsupported","Then, you should contact Campus Support or the Wellbeing Team for further support.","2 3","0.0112","0.0084","UOL_postgraduate_handbook.pdf_p14_c7"
"S2_modular_rag","V2Q055","paraphrased","unsupported","You can also report the incident via the online reporting tool.","3 4","0.3777","0.0274","UOL_undergraduate_handbook.pdf_p14_c8"
"S2_modular_rag","V2Q056","reasoning","unsupported","The conduct policy requires reliable identification before treating a substance as a Class A controlled drug to ensure accurate classification, as the sanctions for Class A drugs are more severe.","","0.0231","0.0312","UOL_student_conduct2.pdf_p10_c3"
"S2_modular_rag","V2Q056","reasoning","supported","This is explicitly stated in, which specifies that possession, supply, or production is treated as a Class A drug only if the student or a qualified individual identifies it as such.","1","0.7769","0.1942","UOL_student_conduct2.pdf_p10_c3"
"S2_modular_rag","V2Q056","reasoning","unsupported","further supports this by noting the University may classify a substance as a specific controlled drug based on probable identification, emphasizing the need for reliable evidence to avoid misclassification.","2","0.3683","0.0936","UOL_student_conduct2.pdf_p10_c3"
"S2_modular_rag","V2Q057","procedural","contradicted","After a disciplinary panel finds a breach and hears the reporting student's impact statement, the following occurs: 1.","","0.4938","0.8339","UOL_student_conduct1.pdf_p20_c1"
"S2_modular_rag","V2Q057","procedural","supported","The reporting student is asked to leave the hearing but may remain to hear details of the sanctions imposed that are relevant to them.","3","0.9905","0.9945","UOL_student_conduct1.pdf_p21_c3"
"S2_modular_rag","V2Q057","procedural","supported","The Chair reviews the impact statement submitted by the reporting student before any sanctions are imposed.","5","0.9133","0.1356","UOL_student_conduct1.pdf_p16_c2"
"S2_modular_rag","V2Q057","procedural","supported","The responding student may address the impact statement during their time in the hearing, but this is not an opportunity to raise new allegations.","3","0.9959","0.0332","UOL_student_conduct1.pdf_p21_c3"
"S2_modular_rag","V2Q057","procedural","supported","Sanctions are determined based on the breach, the impact statement, and any mitigating factors raised by the responding student.","5","0.9459","0.0891","UOL_student_conduct1.pdf_p16_c2"
"S2_modular_rag","V2Q057","procedural","supported_uncited","This process ensures the impact of the breach is considered before finalizing sanctions.","","0.8427","0.0181","UOL_student_conduct1.pdf_p21_c2"
"S2_modular_rag","V2Q058","factual","unsupported","The postgraduate student can request a review of the Board of Examiners' decision if dissatisfied with the outcome.","","0.0032","0.0019","UOL_undergraduate_handbook.pdf_p42_c1"
"S2_modular_rag","V2Q058","factual","supported","This is supported by, which states that students dissatisfied with the outcome may be entitled to request a Review of the decision.","5","0.8977","0.0038","UOL_undergraduate_handbook.pdf_p42_c1"
"S2_modular_rag","V2Q059","paraphrased","supported","A concern should move from Early Resolution to the Formal Complaint stage if the student is dissatisfied with the Early Resolution response, feels unable to approach the person directly against whom the complaint is made, or believes the complaint is serious enough to require formal resolution.","1","0.9901","0.2188","UOL_Student,Complaints,Policy,and,Procedure.pdf_p12_c1"
"S2_modular_rag","V2Q060","factual","supported_uncited","The reassessment opportunity available to an undergraduate student who fails up to 30 credits in the final year but still achieves an honours-level average is explicitly stated in.","4","0.6128","0.06","UOL_undergraduate_handbook.pdf_p31_c3"
"S2_modular_rag","V2Q060","factual","supported","According to, such students ""will be allowed re-assessment of the failed modules"" if they meet the criteria for a classified honours degree.","4","0.9829","0.8654","UOL_undergraduate_handbook.pdf_p30_c2"
"S2_modular_rag","V2Q060","factual","supported_uncited","This directly addresses the scenario described in the question.","","0.9361","0.0733","UOL_undergraduate_handbook.pdf_p31_c3"
"S2_modular_rag","V2Q061","factual","supported","The roles are divided such that the Academic Integrity Office (AIO) investigates academic-integrity offences, and the Academic Integrity Committee (AIC) makes recommendations to the relevant Board of Examiners based on the AIO's findings.","1","0.9392","0.5595","UOL_Code,of,Practice,on,Assessment,and,Appendices,2025-26,Summary,of,Changes.pdf_p4_c1"
"S2_modular_rag","V2Q062","procedural","nei","When a self-funding student pays the remaining programme fee, the treatment of their tuition-fee deposit depends on their payment method:","","0.0","0.0",""
"S2_modular_rag","V2Q062","procedural","supported","If paying in full, the deposit is deducted from the full payment amount.","1","0.9579","0.0556","UOL_payment_policy_2026,2027.pdf_p5_c4"
"S2_modular_rag","V2Q062","procedural","supported","If paying in instalments (as per sections 4.5?4.7), the deposit is deducted from the first payment instalment, not the overall fee.","1","0.9326","0.3196","UOL_payment_policy_2026,2027.pdf_p5_c4"
"S2_modular_rag","V2Q062","procedural","contradicted","This guidance is specific to self-funding students and their payment arrangements.","","0.9788","0.99","UOL_payment_policy_2026,2027.pdf_p3_c3"
"S2_modular_rag","V2Q063","reasoning","contradicted","The updated Recognition of Prior Learning (RPL) policy implies that prior credit must be matched to specific learning outcomes","","0.9938","0.9359","UOL_Code,of,Practice,on,Assessment,and,Appendices,2025-26,Summary,of,Changes.pdf_p6_c1"
"S2_modular_rag","V2Q063","reasoning","contradicted","of the programme, rather than being applied as ""general credit."" This is explicitly stated in evidence, which removes references to ""general credit"" and clarifies that credit can only be recognized against specific learning outcomes.","3","0.3968","0.5772","UOL_postgraduate_handbook.pdf_p24_c2"
"S2_modular_rag","V2Q064","paraphrased","supported_uncited","The University recalculates programme fees when a student does not register, leaves, or interrupts their study during the academic session, as stated in the Payment Policy 2026-27.","1","0.5106","0.4983","UOL_student_guide_visa_holders.pdf_p5_c2"
"S2_modular_rag","V2Q065","paraphrased","supported","The evidence normally required for a claim related to religious observance includes independent documentary evidence (e.g., a letter from a minister or religious leader) to demonstrate the requirement to attend or participate in the observance and the reasons why attendance could not be rescheduled to a time that did not conflict with studies or assessments.","1","0.9946","0.8233","UOL_extenuating_circumstances_policy.pdf_p10_c3"
"S2_modular_rag","V2Q066","reasoning","supported_uncited","A student should include all relevant issues and evidence when requesting a Review of a formal complaint because the Review process requires the student to provide comprehensive information to support their case.","","0.9576","0.0962","UOL_Student,Complaints,Policy,and,Procedure.pdf_p13_c1"
"S2_modular_rag","V2Q066","reasoning","supported","Specifically, states that a Review request must include ""all relevant documentation or other evidence which they wish to be taken into consideration,"" ensuring the Review can fully assess the complaint and any new grounds for appeal.","2","0.7833","0.1247","UOL_Student,Complaints,Policy,and,Procedure.pdf_p13_c1"
"S2_modular_rag","V2Q066","reasoning","unsupported","This requirement ensures transparency and fairness in evaluating the complaint during the Review stage.","","0.0063","0.0015","UOL_Student,Complaints,Policy,and,Procedure.pdf_p16_c2"
"S2_modular_rag","V2Q067","paraphrased","contradicted","If IAG assesses an appeal or administrative review as unlikely to succeed (i.e., likely to fail), the student will be advised to voluntarily suspend or withdraw from their studies.","","0.9773","0.7791","UOL_UKVI_complience.pdf_p13_c3"
"S2_modular_rag","V2Q067","paraphrased","contradicted","This action will result in the University reporting the change to UKVI, withdrawing its sponsorship, and requiring the student to leave the UK.","","0.9937","0.9763","UOL_UKVI_complience.pdf_p13_c3"
"S2_modular_rag","V2Q067","paraphrased","supported","To return to study, the student would need a new CAS to apply for a new Student visa.","3","0.9808","0.9977","UOL_student_guide_visa_holders.pdf_p8_c4"
"S2_modular_rag","V2Q068","factual","supported","If a student requests a late Review of a Formal Complaint outcome, they must submit the request in writing to the Director of Student Experience and Enhancement, including the reason for the delay in submission and any documentary evidence supporting that reason.","2","0.9959","0.0232","UOL_Student,Complaints,Policy,and,Procedure.pdf_p16_c2"
"S2_modular_rag","V2Q069","paraphrased","supported","The University commits to stating that it wishes for the student to be granted permission to enter and remain in the UK to study at the University when it issues a Confirmation of Acceptance for Studies (CAS) under its Student sponsor licence.","1","0.9913","0.6254","UOL_UKVI_complience.pdf_p3_c1"
"S2_modular_rag","V2Q070","paraphrased","unsupported","The Postgraduate Handbook covers student conduct","","0.0692","0.2671","UOL_postgraduate_handbook.pdf_p22_c6"
"S2_modular_rag","V2Q070","paraphrased","supported_uncited","(e.g., sanctions for breaches of rules) and programme rules","","0.6293","0.0899","UOL_payment_policy_2026,2027.pdf_p1_c4"
"S2_modular_rag","V2Q070","paraphrased","unsupported","(e.g., eligibility requirements, academic standards, and research requirements) in its sections.","","0.1468","0.0382","UOL_postgraduate_handbook.pdf_p22_c6"
"S2_modular_rag","V2Q070","paraphrased","unsupported","is addressed in (Payment Policy 2026-27), which outlines sanctions for breaches of conduct rules or defaulting on payments.","1","0.0622","0.3563","UOL_payment_policy_2026,2027.pdf_p1_c4"
"S2_modular_rag","V2Q070","paraphrased","unsupported","are covered in and (Postgraduate Handbook), which discuss eligibility for programmes, academic benchmarks, research requirements, and modular programme structures.","2 3","0.1406","0.0285","UOL_postgraduate_handbook.pdf_p22_c6"
"S2_modular_rag","V2Q071","factual","supported","A graduate can apply for the Graduate Route visa after being successfully awarded an eligible qualification and after receiving confirmation from the University that a report has been.","1","0.8442","0.2992","UOL_student_guide_visa_holders.pdf_p11_c3"
"S2_modular_rag","V2Q072","reasoning","supported","The Diversity and Equality of Opportunity Policy serves as the overarching framework for the University?s approach to equality, with other policies and plans (such as the Equality Objectives Action Plan, Athena Swan Action Plan, and Race Equality Charter Action Plan) supporting or embedded within this framework.","1","0.9906","0.0347","UOL_diversity-equality-opportunity-policy.pdf_p30_c1"
"S2_modular_rag","V2Q072","reasoning","supported","Additionally, the policy is underpinned by institutional strategies and policies where diversity and equality are integrated, as listed in Appendix D.","4","0.9884","0.0081","UOL_diversity-equality-opportunity-policy.pdf_p11_c1"
"S2_modular_rag","V2Q073","adversarial_false_premise","unsupported","The statement is incorrect.","","0.1372","0.0256","UOL_postgraduate_handbook.pdf_p36_c1"
"S2_modular_rag","V2Q073","adversarial_false_premise","supported","According to, there is ""no right of appeal against actions taken under Informal Resolution."" While a student may request a review via Local Disciplinary Action procedures, this is not an automatic right.","1","0.9949","0.9496","UOL_student_conduct1.pdf_p4_c2"
"S2_modular_rag","V2Q073","adversarial_false_premise","contradicted",",,, and all confirm that appeals are not permitted against Informal Resolution outcomes.","2 3 4 5","0.1127","0.9943","UOL_undergraduate_handbook.pdf_p40_c6"
"S2_modular_rag","V2Q074","factual","nei","The evidence does not provide information indicating that a retrospective extenuating circumstances claim about a previous resit could affect how a later resit attempt is counted.","","0.0","0.0",""
"S2_modular_rag","V2Q074","factual","contradicted","The policies described focus on adjusting outcomes for the same resit attempt (e.g., treating it as a first attempt or disregarding it) but do not address impacts on subsequent resits.","","0.8171","0.6164","UOL_extenuating_circumstances_policy.pdf_p15_c5"
"S2_modular_rag","V2Q074","factual","contradicted","Answer: No, based on the provided evidence, there is no mention of retrospective claims about a previous resit affecting the counting of a later resit attempt.","","0.6307","0.5942","UOL_extenuating_circumstances_policy.pdf_p16_c5"
"S2_modular_rag","V2Q075","procedural","supported","When no independent documentary evidence is available, an extenuating-circumstances claim can be supported by providing evidence that you alerted someone within the University (e.g., an academic adviser, teaching support staff, or a central support service) at the time of the difficulties.","1","0.9981","0.0645","UOL_extenuating_circumstances_policy.pdf_p7_c2"
"S2_modular_rag","V2Q076","reasoning","nei","A responding student has the following support and representation options during a conduct investigation meeting:","","0.0","0.0",""
"S2_modular_rag","V2Q076","reasoning","supported_uncited","They may be accompanied by one other person (e.g., a friend or family member) for support, though the Guild of Students?","","0.9927","0.0561","UOL_student_conduct1.pdf_p18_c1"
"S2_modular_rag","V2Q076","reasoning","unsupported","Advice Service is recommended as a more effective option.","2 5","0.2876","0.004","UOL_student_conduct1.pdf_p18_c1"
"S2_modular_rag","V2Q076","reasoning","supported","They can seek independent legal advice at their own expense, and their statements can be compiled by a legally qualified person on their behalf.","1","0.9634","0.0481","UOL_student_conduct1.pdf_p12_c1"
"S2_modular_rag","V2Q076","reasoning","unsupported","The Guild of Students?","","0.0322","0.0544","UOL_student_conduct1.pdf_p5_c5"
"S2_modular_rag","V2Q076","reasoning","supported","Advice Service provides trained advisers who can offer support and representation.","1 5","0.9636","0.0208","UOL_student_conduct1.pdf_p12_c1"
"S2_modular_rag","V2Q076","reasoning","unsupported","These options are explicitly outlined in the evidence, with,, and directly addressing the rights and support available to responding students.","1 2 5","0.1084","0.027","UOL_student_conduct1.pdf_p12_c1"
"S2_modular_rag","V2Q077","adversarial_false_premise","contradicted","The assumption in the question is incorrect.","","0.4473","0.6409","UOL_student_guide_visa_holders.pdf_p8_c4"
"S2_modular_rag","V2Q077","adversarial_false_premise","contradicted","According to the evidence, if IAG assesses that an appeal or administrative review is likely to fail, the University does not","","0.4493","0.9823","UOL_student_guide_visa_holders.pdf_p8_c4"
"S2_modular_rag","V2Q077","adversarial_false_premise","contradicted","have to continue sponsoring the student indefinitely.","","0.0121","0.999","UOL_student_guide_visa_holders.pdf_p8_c4"
"S2_modular_rag","V2Q077","adversarial_false_premise","supported","The University may advise the student to voluntarily suspend or withdraw from their studies.","2 3 4","0.99","0.4206","UOL_UKVI_complience.pdf_p13_c3"
"S2_modular_rag","V2Q077","adversarial_false_premise","supported_uncited","If the student does not take voluntary action, the University reserves the right to administratively suspend or withdraw","","0.9515","0.3249","UOL_UKVI_complience.pdf_p13_c5"
"S2_modular_rag","V2Q077","adversarial_false_premise","contradicted","the student to protect its Student sponsor licence.","1 2 4 5","0.0786","0.9706","UOL_UKVI_complience.pdf_p13_c5"
"S2_modular_rag","V2Q077","adversarial_false_premise","contradicted","Thus, the University is not obligated to continue sponsorship until all appeals are exhausted.","","0.9517","0.6483","UOL_UKVI_complience.pdf_p13_c1"
"S2_modular_rag","V2Q077","adversarial_false_premise","contradicted","The correct answer is: No, that is not correct.","","0.1167","0.9627","UOL_UKVI_complience.pdf_p13_c5"
"S2_modular_rag","V2Q078","procedural","nei","The University considers the following behaviors as potential bullying that should be recognized and reported:","","0.0","0.0",""
"S2_modular_rag","V2Q078","procedural","supported","Physical or verbal abuse, including threatening or intimidating behavior","2","0.9541","0.0176","UOL_diversity-equality-opportunity-policy.pdf_p18_c2"
"S2_modular_rag","V2Q079","factual","unsupported","The evidence provided does not specify how non-consensual sexual touching would be categorized under the indicative conduct sanctions.","","0.1046","0.0049","UOL_student_conduct2.pdf_p2_c1"
"S2_modular_rag","V2Q079","factual","unsupported","It outlines general principles for categorizing breaches based on severity and context but does not mention sexual misconduct or specific categories for such acts.","1","0.2785","0.0061","UOL_student_conduct2.pdf_p2_c1"
"S2_modular_rag","V2Q080","paraphrased","supported_uncited","The protection against maternity discrimination in the non-work context applies for 26 weeks after giving birth","","0.9936","0.1027","UOL_diversity-equality-opportunity-policy.pdf_p14_c3"
"S2_modular_rag","V2Q081","factual","unsupported","The University of Liverpool is committed to providing an inclusive environment that promotes equality, delivers inclusion, and eliminates discrimination, as stated in its Diversity & Equality of Opportunity Policy (evidence).","3","0.0287","0.0035","UOL_diversity-equality-opportunity-policy.pdf_p8_c3"
"S2_modular_rag","V2Q082","paraphrased","supported_uncited","The three stages of the Student Complaints Procedure described in the Postgraduate Handbook are Early Resolution, Formal Complaint, and Review","","0.5499","0.13","UOL_postgraduate_handbook.pdf_p38_c10"
"S2_modular_rag","V2Q083","multi_document_comparison","unsupported","The evidence provided only includes information from the Postgraduate Handbook","","0.2145","0.0436","UOL_postgraduate_handbook.pdf_p13_c9"
"S2_modular_rag","V2Q083","multi_document_comparison","unsupported","It does not contain any details about the Undergraduate Handbook","","0.0125","0.0216","UOL_postgraduate_handbook.pdf_p13_c9"
"S2_modular_rag","V2Q083","multi_document_comparison","unsupported","or its advice on securing belongings or reporting theft.","","0.1506","0.0442","UOL_postgraduate_handbook.pdf_p13_c9"
"S2_modular_rag","V2Q083","multi_document_comparison","unsupported","Since there is no evidence to compare the two handbooks, it is impossible to determine whether their advice is materially different.","","0.0195","0.0726","UOL_postgraduate_handbook.pdf_p13_c9"
"S2_modular_rag","V2Q083","multi_document_comparison","unsupported","Answer: The evidence does not provide information about the Undergraduate Handbook, so a comparison cannot be made.","1","0.0114","0.0974","UOL_postgraduate_handbook.pdf_p13_c9"
"S2_modular_rag","V2Q084","multi_document_comparison","unsupported","The Undergraduate and Postgraduate Handbooks both advise that if a student has been a victim of crime and needs ongoing support, they should first report the incident to the Police.","1 2","0.0288","0.0128","UOL_postgraduate_handbook.pdf_p14_c1"
"S2_modular_rag","V2Q084","multi_document_comparison","unsupported","After this, they should contact the Wellbeing Team or Campus Support for further assistance.","1 2","0.0093","0.0109","UOL_postgraduate_handbook.pdf_p14_c7"
"S2_modular_rag","V2Q084","multi_document_comparison","unsupported","Both handbooks emphasize this sequence to ensure immediate safety and access to support services.","","0.119","0.0094","UOL_postgraduate_handbook.pdf_p14_c1"
"S2_modular_rag","V2Q085","multi_document_comparison","unsupported","The provided evidence only includes information from the Postgraduate Handbook","","0.4973","0.1933","UOL_postgraduate_handbook.pdf_p24_c10"
"S2_modular_rag","V2Q085","multi_document_comparison","contradicted","(pages 23-24) and does not contain any details about undergraduate award requirements.","","0.1692","0.9943","UOL_postgraduate_handbook.pdf_p24_c10"
"S2_modular_rag","V2Q085","multi_document_comparison","contradicted","Therefore, it is not possible to compare or identify differences between undergraduate and postgraduate award requirements based solely on the given evidence.","","0.2401","0.8502","UOL_postgraduate_handbook.pdf_p24_c2"
"S2_modular_rag","V2Q085","multi_document_comparison","contradicted","To answer this question, you would need to refer to the Undergraduate Handbook","","0.1425","0.9972","UOL_postgraduate_handbook.pdf_p24_c2"
"S2_modular_rag","V2Q085","multi_document_comparison","contradicted","for details about undergraduate award structures, which are not included in the provided evidence.","","0.415","0.9933","UOL_postgraduate_handbook.pdf_p24_c2"
"S2_modular_rag","V2Q086","multi_document_comparison","supported_uncited","The evidence provided does not explicitly distinguish between the complaints route and an assessment appeal in either the Undergraduate or Postgraduate Handbooks.","","0.975","0.0737","UOL_Code,of,Practice,on,Assessment,and,Appendices,2025-26,Summary,of,Changes.pdf_p4_c3"
"S2_modular_rag","V2Q086","multi_document_comparison","contradicted","The sections referenced focus solely on the definition and procedure of assessment appeals (e.g., challenging decisions on assessments and awards) but do not mention or clarify the complaints route as a separate process.","","0.6932","0.9598","UOL_Code,of,Practice,on,Assessment,and,Appendices,2025-26,Summary,of,Changes.pdf_p4_c3"
"S2_modular_rag","V2Q086","multi_document_comparison","unsupported","Therefore, based on the given evidence, the distinction cannot be determined.","","0.0245","0.2621","UOL_postgraduate_handbook.pdf_p37_c10"
"S2_modular_rag","V2Q086","multi_document_comparison","contradicted","Answer: The evidence does not contain information on how the complaints route is distinguished from an assessment appeal.","","0.7773","0.9557","UOL_undergraduate_handbook.pdf_p41_c10"
"S2_modular_rag","V2Q087","multi_document_comparison","unsupported","The Student Attendance Policy connects ordinary attendance responsibilities with Student Route compliance by establishing specific procedures and responsibilities for monitoring attendance and engagement, which are critical for maintaining compliance with UKVI regulations.","","0.1586","0.0197","UOL_UKVI_complience.pdf_p3_c3"
"S2_modular_rag","V2Q087","multi_document_comparison","supported","The policy mandates that attendance and engagement for pre-sessional English Language programmes are recorded and monitored by the Director of the ELC.","1","0.9896","0.9057","UOL_UKVI_complience.pdf_p11_c6"
"S2_modular_rag","V2Q087","multi_document_comparison","unsupported","It outlines that students failing to meet reengagement conditions are referred to the UKVI Attendance Compliance Panel, linking attendance failures directly to compliance actions.","3","0.052","0.0614","UOL_UKVI_complience.pdf_p10_c2"
"S2_modular_rag","V2Q087","multi_document_comparison","supported","It also specifies that poor attendance can trigger reportable events under compliance frameworks, such as those in the Student Attendance Policy or other relevant codes.","5","0.8988","0.0046","UOL_UKVI_complience.pdf_p8_c5"
"S2_modular_rag","V2Q087","multi_document_comparison","unsupported","These mechanisms ensure that routine attendance monitoring aligns with broader Student Route compliance obligations.","","0.0141","0.0018","UOL_UKVI_complience.pdf_p10_c2"
"S2_modular_rag","V2Q088","multi_document_comparison","nei","The monitoring expectations differ as follows:","","0.0","0.0",""
"S2_modular_rag","V2Q088","multi_document_comparison","supported_uncited","A postgraduate student working on a dissertation is expected to maintain regular contact with their supervisor and must be available during normal office hours.","","0.9221","0.2379","UOL_StudentAttendancePolicy-REVISEDJUL2025,v1.3.pdf_p4_c3"
"S2_modular_rag","V2Q088","multi_document_comparison","contradicted","If no contact occurs within a rolling one-month period, they are escalated to Stage One of the intervention process.","5","0.2589","0.9805","UOL_StudentAttendancePolicy-REVISEDJUL2025,v1.3.pdf_p4_c3"
"S2_modular_rag","V2Q088","multi_document_comparison","contradicted","A Student Route student studying abroad is monitored by the Dean of School for engagement, but the Global Opportunities Team handles UKVI compliance risks.","","0.9936","0.7679","UOL_UKVI_complience.pdf_p10_c2"
"S2_modular_rag","V2Q088","multi_document_comparison","supported","If monitoring cannot be fulfilled at the study abroad location, the University may withdraw sponsorship, requiring a new visa.","3 4","0.7303","0.2207","UOL_UKVI_complience.pdf_p10_c3"
"S2_modular_rag","V2Q088","multi_document_comparison","supported","Additionally, during study abroad periods, the University?s standard attendance expectations and intervention thresholds do not apply.","2","0.9769","0.0629","UOL_StudentAttendancePolicy-REVISEDJUL2025,v1.3.pdf_p4_c1"
"S2_modular_rag","V2Q088","multi_document_comparison","unsupported","These differences highlight stricter academic supervision for dissertation students versus compliance-focused monitoring for Student Route students abroad.","","0.0264","0.0178","UOL_StudentAttendancePolicy-REVISEDJUL2025,v1.3.pdf_p4_c3"
"S2_modular_rag","V2Q089","multi_document_comparison","contradicted","The UKVI compliance policy states that Student Route visa holders engaged in an approved period of study abroad as an integral part of their programme are permitted to remain on their existing Student Route visa and will continue to be sponsored by their current institution during this time.","4","0.8531","0.9959","UOL_UKVI_complience.pdf_p3_c1"
"S2_modular_rag","V2Q089","multi_document_comparison","unsupported","This means the sponsorship does not need to be transferred or renewed while the student is on an approved study abroad placement.","","0.3864","0.3415","UOL_UKVI_complience.pdf_p10_c1"
"S2_modular_rag","V2Q090","multi_document_comparison","nei","The University's document-checking responsibilities for Student Route students are outlined in the following evidence:","","0.0","0.0",""
"S2_modular_rag","V2Q090","multi_document_comparison","supported_uncited","The University requires students to submit evidence of their Student Route visa application to Student Life upon submission inside the UK.","","0.9961","0.0276","UOL_UKVI_complience.pdf_p9_c1"
"S2_modular_rag","V2Q090","multi_document_comparison","supported","If this evidence is not provided, is unacceptable, or shows a late application, the University may interrupt or withdraw the student to protect its sponsor licence.","3","0.9968","0.0218","UOL_UKVI_complience.pdf_p9_c1"
"S2_modular_rag","V2Q090","multi_document_comparison","supported_uncited","The University must ensure students provide required immigration and qualification documentation.","","0.9753","0.0171","UOL_UKVI_complience.pdf_p9_c1"
"S2_modular_rag","V2Q090","multi_document_comparison","supported","If this fails after reasonable efforts, the University may defer registration or de-register the student, reporting the change to UKVI.","4","0.5912","0.0172","UOL_UKVI_complience.pdf_p5_c4"
"S2_modular_rag","V2Q090","multi_document_comparison","supported_uncited","These policies emphasize proactive verification of documentation to maintain compliance with UKVI regulations.","","0.9947","0.4936","UOL_UKVI_complience.pdf_p9_c1"
"S2_modular_rag","V2Q091","multi_document_comparison","contradicted","Appendix A outlines the procedural steps for handling student conduct cases, including criteria for escalating to a Full Hearing and guidance on Chair?s Action.","3 5","0.131","0.9847","UOL_undergraduate_handbook.pdf_p40_c10"
"S2_modular_rag","V2Q091","multi_document_comparison","supported","Appendix B defines specific student conduct breaches and the corresponding indicative sanctions.","1 2 5","0.9875","0.0313","UOL_undergraduate_handbook.pdf_p40_c10"
"S2_modular_rag","V2Q092","multi_document_comparison","contradicted","The mitigating factors considered under Appendix A (e.g., in sections 9.7, 9.8, and 3.2) are evaluated by the Chair or designated staff before determining the severity of sanctions.","","0.0378","0.8442","UOL_student_conduct1.pdf_p4_c4"
"S2_modular_rag","V2Q092","multi_document_comparison","unsupported","These factors can reduce the category of a breach in Appendix B (e.g., as stated in), leading to less severe sanctions.","2","0.1101","0.034","UOL_undergraduate_handbook.pdf_p39_c1"
"S2_modular_rag","V2Q092","multi_document_comparison","unsupported","For example, if mitigating circumstances are present, the breach may be categorized lower, resulting in milder penalties as outlined in Appendix B?s indicative sanctions.","2","0.4789","0.0524","UOL_student_conduct1.pdf_p16_c1"
"S2_modular_rag","V2Q092","multi_document_comparison","unsupported","This process ensures that mitigating factors directly influence the sanction severity by affecting breach categorization.","2 3","0.0458","0.3722","UOL_student_conduct1.pdf_p4_c4"
"S2_modular_rag","V2Q093","multi_document_synthesis","supported_uncited","The conduct framework indicates that abusive conduct in an intimate relationship may constitute a Category 1 breach","","0.9873","0.0155","UOL_student_conduct2.pdf_p5_c1"
"S2_modular_rag","V2Q093","multi_document_synthesis","contradicted","under, which could lead to referral to the University Disciplinary Panel for more severe sanctions.","1","0.4112","0.8901","UOL_postgraduate_handbook.pdf_p36_c8"
"S2_modular_rag","V2Q093","multi_document_synthesis","unsupported","This suggests the breach is treated as serious due to its nature (domestic abuse implications).","","0.0579","0.4484","UOL_student_conduct2.pdf_p5_c1"
"S2_modular_rag","V2Q093","multi_document_synthesis","supported","Regarding appeal, states that students have the right of appeal against decisions made under local disciplinary action, which would be reviewed by the Student Conduct Panel/Chair.","2","0.8335","0.624","UOL_student_conduct2.pdf_p5_c1"
"S2_modular_rag","V2Q093","multi_document_synthesis","supported_uncited","Thus, the grounds for appeal are outlined in the University?s disciplinary procedures, allowing students to challenge sanctions through formal channels.","","0.9789","0.216","UOL_postgraduate_handbook.pdf_p36_c1"
"S2_modular_rag","V2Q094","multi_document_synthesis","supported","A complaint involving harassment or sexual misconduct can move into the student-conduct process under the Student Conduct Policy, which explicitly covers such complaints.","1","0.5169","0.052","UOL_Student,Complaints,Policy,and,Procedure.pdf_p9_c1"
"S2_modular_rag","V2Q094","multi_document_synthesis","supported","If the report is anonymous, it may still be investigated if there is supporting evidence (e.g., CCTV, social media) or if exceptional circumstances (e.g., fear of reprisals) justify withholding the reporting party?s identity.","2 3","0.7058","0.0262","UOL_student_conduct1.pdf_p3_c3"
"S2_modular_rag","V2Q094","multi_document_synthesis","supported_uncited","The Student Conduct Team would assess the case and determine the appropriate process, ensuring compliance with University policies.","","0.9122","0.0066","UOL_student_conduct1.pdf_p3_c2"
"S2_modular_rag","V2Q095","multi_document_synthesis","supported","The evidence states that if misconduct is addressed under the Local Disciplinary Procedure, the designated staff member should invite the reporting student to an investigation meeting to obtain further details and evidence of the alleged misconduct.","2","0.9721","0.9757","UOL_student_conduct1.pdf_p5_c1"
"S2_modular_rag","V2Q095","multi_document_synthesis","supported_uncited","This indicates that the reporting student is expected to engage by attending the meeting and providing information or evidence.","","0.9222","0.4743","UOL_student_conduct1.pdf_p5_c1"
"S2_modular_rag","V2Q096","multi_document_synthesis","supported","The University support services can help by providing a statement from an academic adviser, teaching support staff, or central services (e.g., Counselling Service, Student Support Services) if the student alerted them at the time of the difficulties.","1","0.9962","0.0249","UOL_extenuating_circumstances_policy.pdf_p7_c2"
"S2_modular_rag","V2Q096","multi_document_synthesis","contradicted","This statement, while not independent documentary evidence, may support the claim if the committee accepts it.","","0.9787","0.8308","UOL_extenuating_circumstances_policy.pdf_p10_c2"
"S2_modular_rag","V2Q096","multi_document_synthesis","unsupported","Additionally, these services may address the student?s wider support needs (e.g., academic or emotional support) through their existing resources.","","0.0179","0.0058","UOL_extenuating_circumstances_policy.pdf_p7_c2"
"S2_modular_rag","V2Q097","multi_document_synthesis","supported","If illness or another unavoidable event is likely to make a student miss an assessment, they should immediately inform their department/school before the assessment takes place, preferably in writing or by email, to request authorization for the absence.","4","0.8993","0.0405","UOL_extenuating_circumstances_policy.pdf_p3_c3"
"S2_modular_rag","V2Q097","multi_document_synthesis","unsupported","They should also apply for an exemption from late penalties (if applicable) or seek re-assessment as a first attempt, provided they present acceptable evidence of ""good cause"" (e.g., a medical note) to the Extenuating Circumstances Committee.","1 4","0.0236","0.0069","UOL_postgraduate_handbook.pdf_p30_c1"
"S2_modular_rag","V2Q097","multi_document_synthesis","supported","Support options include consulting academic advisers or teaching support staff for guidance on documentation and procedures.","1 2 3","0.9877","0.0101","UOL_extenuating_circumstances_policy.pdf_p4_c2"
"S2_modular_rag","V2Q098","multi_document_synthesis","supported_uncited","A student should distinguish foreseeable financial difficulty from extenuating circumstances by demonstrating that the financial hardship was unforeseen and beyond their control","","0.9122","0.4779","UOL_extenuating_circumstances_policy.pdf_p11_c3"
"S2_modular_rag","V2Q098","multi_document_synthesis","supported_uncited","(e.g., sudden loss of income due to an unexpected event, not due to poor financial planning or failure to meet payment obligations).","","0.527","0.0721","UOL_extenuating_circumstances_policy.pdf_p8_c4"
"S2_modular_rag","V2Q098","multi_document_synthesis","unsupported","This is supported by, which states that foreseeable events (like financial issues that could be anticipated) are not typically considered extenuating, but exceptions may apply for unforeseen circumstances.","1","0.2267","0.0132","UOL_extenuating_circumstances_policy.pdf_p8_c4"
"S2_modular_rag","V2Q098","multi_document_synthesis","unsupported","Additionally, clarifies that financial suspension due to non-payment of fees is explicitly excluded as an extenuating circumstance, reinforcing that financial difficulties must be exceptional and unanticipated.","4","0.2444","0.0768","UOL_extenuating_circumstances_policy.pdf_p10_c1"
"S2_modular_rag","V2Q098","multi_document_synthesis","supported_uncited","The relevant academic option, if extenuating circumstances are accepted, could involve re-taking or re-sitting missed assessments","","0.994","0.0104","UOL_extenuating_circumstances_policy.pdf_p13_c5"
"S2_modular_rag","V2Q098","multi_document_synthesis","unsupported","(e.g., in-class tests or final year work), as outlined in, where the Extenuating Circumstances Committee may recommend such actions to determine an award.","4","0.2257","0.3173","UOL_extenuating_circumstances_policy.pdf_p13_c5"
"S2_modular_rag","V2Q099","multi_document_synthesis","supported","A student with a long-term health condition should first seek reasonable adjustments through the University?s Disability Advice and Guidance Team (as outlined in), rather than relying on repeated extenuating circumstances claims.","2","0.9963","0.1225","UOL_extenuating_circumstances_policy.pdf_p5_c4"
"S2_modular_rag","V2Q099","multi_document_synthesis","supported","If adjustments are already in place, they should continue using those unless there is a sudden deterioration or unforeseeable change in their condition (e.g., a flare-up near an assessment), which would then warrant an extenuating circumstances claim.","5","0.8577","0.2522","UOL_extenuating_circumstances_policy.pdf_p8_c1"
"S2_modular_rag","V2Q099","multi_document_synthesis","contradicted","This approach prioritizes proactive adjustments over interrupting study unless unavoidable circumstances arise.","","0.9565","0.813","UOL_student_conduct1.pdf_p20_c2"
"S2_modular_rag","V2Q100","multi_document_synthesis","supported","A sponsored student must provide an official sponsor letter or purchase order (on official letter headed paper) from their sponsor to the Accommodation Office before registration for the session to which the sponsorship applies.","1","0.7522","0.8822","UOL_payment_policy_2026,2027.pdf_p9_c1"
"S2_modular_rag","V2Q100","multi_document_synthesis","supported_uncited","If they still face financial difficulty, they can seek support from the Accommodation Office, which handles inquiries about fines or non-programme charges related to accommodation fees.","5","0.5095","0.1391","UOL_payment_policy_2026,2027.pdf_p9_c1"
"S2_modular_rag","V2Q101","multi_document_synthesis","unsupported","The equality policy (Evidence and) establishes students' and staff's obligations under the Equality Act 2010 to refrain from unlawful discrimination and harassment, while also requiring them to challenge such behavior.","2 4","0.3008","0.0782","UOL_diversity-equality-opportunity-policy.pdf_p8_c3"
"S2_modular_rag","V2Q101","multi_document_synthesis","unsupported","The complaints policy (Evidence,, and) provides the formal procedure for students to report incidents of discrimination, harassment, or sexual misconduct, which are then addressed under relevant policies (e.g., Student Conduct Policy, Bullying and Harassment Policy).","1 3 5","0.2028","0.1824","UOL_Student,Complaints,Policy,and,Procedure.pdf_p9_c1"
"S2_modular_rag","V2Q101","multi_document_synthesis","supported_uncited","Together, the equality policy sets the legal and ethical framework, and the complaints policy offers the mechanism to address violations of that framework.","","0.8629","0.0177","UOL_diversity-equality-opportunity-policy.pdf_p8_c3"
"S2_modular_rag","V2Q101","multi_document_synthesis","nei",",,,,","1 2 3 4 5","0.0","0.0",""
"S2_modular_rag","V2Q102","multi_document_synthesis","supported_uncited","The evidence provided does not clarify the relationship between assessment appeals and other student challenge routes.","","0.7666","0.0313","UOL_postgraduate_handbook.pdf_p37_c10"
"S2_modular_rag","V2Q102","multi_document_synthesis","unsupported","Evidence focuses on changes to assessment policies (e.g., Appendices M, L, C, I, J, P) but does not mention other challenge routes.","1","0.0233","0.4513","UOL_Code,of,Practice,on,Assessment,and,Appendices,2025-26,Summary,of,Changes.pdf_p1_c1"
"S2_modular_rag","V2Q102","multi_document_synthesis","unsupported","Evidence details the process for assessment appeals but does not address other forms of student challenges (e.g., complaints, disciplinary actions).","2","0.0706","0.0119","UOL_postgraduate_handbook.pdf_p37_c10"
"S2_modular_rag","V2Q102","multi_document_synthesis","unsupported","Thus, the 2025?26 changes do not explicitly define or clarify this relationship in the given evidence.","","0.0278","0.1904","UOL_postgraduate_handbook.pdf_p37_c10"
